,Benign,ID,VariantID
0,Ser4Thr,Q6PEX7_201,rs77202675
0,Arg1His,P46089_325,rs145491319
0,Asp5Asn,P35609_889,rs142646143
0,Arg5Cys,Q96PP9_635,rs199765361
0,Ser4Leu,P17655_695,rs148122411
0,Ser3Asn,Q6ZVE7_127,rs200160606
0,Ser4Ala,Q9Y5Y0_550,rs149887215
0,Thr4Pro,Q6TDP4_637,rs188543688
0,Val6Met,Q9HBX8_962,rs139983211
0,His1Arg,Q99487_387,rs200871432
0,Glu1Lys,Q658P3_483,rs200886089
5,Thr3Met,Q658P3_483,rs141086904
0,His5Pro,P98066_272,rs749216110
0,Ser4Pro,Q9BTF0_498,rs139525605
0,Arg3His,Q6IMI6_299,rs139291027
0,Ser4Pro,Q53R41_842,rs151034735
0,Arg3Gly,Q96AQ1_373,rs137982467
0,Arg3Pro,Q96LY2_375,rs146190210
0,Met1Thr,Q9ULI0_1453,rs777638397
0,Ala1Thr,Q9NY74_921,rs150612504
0,Met1Ile,Q9P2E8_405,rs201005955
0,Cys3Ser,Q9Y2M2_348,rs181750881
0,His3Arg,Q7Z6I5_185,rs146163794
0,Val6Ile,Q9NR81_521,rs148484521
0,Ser4Gly,Q08426_718,rs138945273
0,Val3Ile,Q8NEL0_323,rs142934626
1,Arg5Gln,Q8NEL0_323,rs112641427
0,Asp1Gly,O00421_339,rs184378837
0,Met1Leu,Q8NBL1_387,rs147559897
0,Leu1Ser,Q8NFN8_809,rs368972949
0,Asn5Ser,Q8NGV6_320,rs142210756
0,Val6Ile,Q9HD33_245,rs762650586
0,Arg1Trp,Q5DX21_426,rs144520595
0,Thr2Ala,Q6ZTQ3_364,rs141822977
0,Leu2Arg,Q8N9V2_463,rs145227641
0,Arg3Pro,Q92628_1390,rs372985624
0,Ile1Val,O75121_404,rs143878233
0,His3Tyr,Q14517_4583,rs140009081
0,Arg3Cys,O43704_291,rs143470126
0,Val6Ile,Q6ZTZ1_273,rs369787044
0,Thr4Pro,Q06495_634,rs765751876
0,Val2Leu,O43711_286,rs201600677
0,Leu2Pro,P43250_571,rs760101303
1,Thr4Pro,P43250_571,rs763634515
0,Arg5His,P52790_918,rs150401292
0,Thr4Met,Q92608_1825,rs202005409
0,Ser5Asn,Q96BN8_347,rs201549255
0,Thr1Ala,A1L4L8_172,rs79446742
0,Val5Met,Q9BZJ6_414,rs372859048
0,Ser4Leu,Q5T6X5_921,rs41290852
0,Arg5Gly,Q587J8_212,rs143606304
0,Arg5Cys,Q14916_462,rs112164493
0,Gln5His,Q5JTZ9_980,rs760967545
0,Ile6Val,Q6ZPB5_141,rs6456029
0,Arg5His,Q5SSQ6_143,rs28399994
0,Thr2Met,O00141_426,rs144542860
0,Ser4Pro,Q6IV72_747,rs199691259
0,Arg5His,Q53GI3_556,rs61737535
1,Arg1Cys,Q53GI3_556,rs138491865
0,Thr4Ser,Q9UHC3_526,rs144198212
0,Asn2His,Q3B7I2_87,rs183641482
0,Thr1Met,O43451_1852,rs370916883
0,Ser4Arg,Q99527_370,rs138657567
0,Arg2Trp,P33993_714,rs779652659
0,Thr4Pro,Q8TD94_318,rs782166755
0,Pro2Ala,Q68CJ6_791,rs189541232
1,Pro2Thr,Q68CJ6_791,rs189541232
0,Thr3Met,Q9UBN6_381,rs373138944
0,Ser4Tyr,Q96B33_287,rs543033189
0,Val6Ala,Q68D42_230,rs201457968
0,Gln1Lys,O00206_834,rs5030724
0,Arg1Trp,Q5SYB0_1573,rs150663101
2,Thr4Met,Q5SYB0_1573,rs199579506
0,Arg3Gln,Q2T9J0_561,rs200072087
0,Pro2Leu,Q9HB21_399,rs61757728
0,Pro3Ser,Q07960_434,rs528899760
0,Ile6Met,Q9H5J0_569,rs544641
0,Ala2Val,Q96AP7_385,rs114481311
0,Gln3His,Q8TDW7_4552,rs773738147
0,Lys2Glu,Q8NEV8_1984,rs146199863
0,Thr5Met,A6NM03_311,rs770253140
1,Leu1Pro,A6NM03_311,rs145351881
0,Arg1Trp,Q9Y6H3_241,rs199938592
0,Arg3Lys,Q6UXN8_236,rs140422016
0,Val1Ile,Q6QNK2_869,rs377434309
0,Val6Leu,Q99645_317,rs138373628
0,Leu6Pro,Q8IVL0_2380,rs202141197
0,Ala5Thr,Q9H1C0_367,rs141662153
0,Val6Ile,P11169_491,rs142462576
0,Thr4Ser,P46721_665,rs11568557
0,Ser4Phe,P14920_342,rs143732132
0,Asn5Lys,O60669_473,rs141130331
0,Leu1Phe,A6NIM6_574,rs111967344
0,Arg5Cys,Q8N695_605,rs113062899
0,Glu3Gln,P48065_609,rs147574089
0,Ile5Val,Q7L211_332,rs565789480
0,Ser4Leu,Q5GAN3_151,rs200219413
0,Ile5Val,Q9H4E5_209,rs111236794
0,Asp5Asn,Q8IYD8_2043,rs192079020
0,Leu6Pro,Q8IZ08_489,rs199739031
1,Thr4Pro,Q8IZ08_489,rs746372848
0,Pro1Leu,Q6ZRR7_1448,rs61994053
0,Gly1Asp,Q13268_275,rs188132418
1,Arg5Gln,Q13268_275,rs149958507
0,Arg2His,Q15139_907,rs150599710
0,Val1Met,Q17RC7_717,rs557001430
0,Thr4Met,Q9ULM0_1359,rs201241121
0,Thr4Ser,P09493_279,rs397516395
0,Asp5Asn,Q7Z5M5_1095,rs4417518
0,Val2Ile,Q0VF96_1297,rs147711398
0,Thr4Ile,A6NEF3_569,rs765699317
0,Ala5Thr,Q6DN12_873,rs34193492
0,Ser5Asn,Q6PEW0_390,rs150859891
0,Thr4Ser,Q15046_592,rs6834
0,Ser4Ile,O95822_488,rs751002859
0,Thr4Ile,Q6ZVD8_1318,rs201141453
0,Gln2Arg,P35346_359,rs563636671
0,Pro5Leu,P08138_422,rs574245308
0,Leu2Phe,O95170_747,rs375963700
0,Glu3Gly,Q14500_428,rs5021699
0,Ser1Gly,Q9UKN7_3525,rs182332665
0,Gly5Ala,Q3KNT9_171,rs151338944
1,Leu6Phe,Q3KNT9_171,rs201262789
0,Val2Ile,P55087_318,rs200498749
0,Leu6Phe,Q9BXX0_1048,rs116171748
0,Thr4Pro,O75792_294,rs775006544
0,Met5Thr,O00322_253,rs2285421
1,Leu6Pro,O00322_253,rs562480523
0,Asp2Ala,Q9UK28_337,rs201189373
0,Glu3Asp,Q8IZY2_2141,rs200794514
0,Ala1Thr,P48960_830,rs147788187
1,Ala1Val,P48960_830,rs140068607
2,Gly5Ser,P48960_830,rs143619017
0,Ala1Thr,Q9P0N8_241,rs113737277
0,Arg3Cys,Q969H8_168,rs368362738
0,Glu1Lys,Q9BZL6_873,rs61731796
0,Arg5Trp,P20809_194,rs766720309
0,Val6Met,P36507_395,rs533247725
0,Gly3Ser,O15079_489,rs763338119
1,Gly3Asp,O15079_489,rs200425562
0,Met3Val,Q8IUB3_68,rs145459231
0,Val1Ala,Q7L8L6_759,rs147125058
0,Val5Ala,Q15147_1170,rs777422158
0,Pro5Ser,Q9NQ66_1211,rs138077430
0,Val6Ile,Q96BD0_717,rs148051101
0,Val6Leu,A8MWP4_223,rs561328390
1,Val6Ile,A8MWP4_223,rs561328390
0,Ser2Phe,P56750_219,rs188114857
0,Leu2Val,Q9UJW3_381,rs536643849
0,Val1Ile,O00764_307,rs150472480
0,Thr2Met,Q86YR6_579,rs775095263
0,Thr4Pro,P24347_483,rs776825461
0,Arg2His,P32745_413,rs4988471
2,Arg2Cys,P32745_413,rs144108226
0,Leu1Gln,A8MPS7_318,rs143193655
0,Glu5Asp,P11274_1266,rs201098494
0,Val2Ile,O00192_957,rs72554700
0,Leu6Pro,Q96G42_589,rs141222336
0,Leu6Phe,P30046_113,rs557754092
0,Arg2Gln,P85299_383,rs143320954
0,Pro2Leu,Q8NFH8_655,rs754563907
0,Ala2Ser,Q9H156_840,rs189172454
0,Arg1Gln,Q9UK32_740,rs146789731
0,Ile6Met,P51843_465,rs151317312
0,Val2Ile,Q13613_660,rs77346702
