,ID,MotifPosition,Benign,AF,VarID
0,Q499Z3,55,Phe4Val,0.00106148,rs559983439
1,P01160,26,Met3Thr,0.000548716,rs142116829
2,P14060,222,Tyr4Cys,0.000115496,rs774738158
3,Q6P1W5,435,Lys3Arg,0.000151219,rs150896772
4,P16066,319,Glu3Lys,0.000103406,rs559384888
5,Q96C11,461,Asn1Ser,0.000211685,rs202180546
6,P20023,817,Asn1Lys,0.000308689,rs138979306
7,Q96P31,659,Pro2Leu,0.0104012,rs944627
8,O14497,2220,Asn1Ser,0.000258659,rs139576809
9,Q3T8J9,744,Pro2Thr,0.000513016,rs145830965
10,P11182,473,Asn1Ser,0.00198226,rs75525811
11,Q5T7P8,291,Thr3Ile,0.164363,rs41274114
12,Q9NRP7,443,Pro2Ser,0.0001790459999999,rs138794302
13,O75886,458,Tyr4Cys,0.000143207,rs140582341
14,O75886,458,Asn1Ser,0.000175048,rs541526959
15,B5MCY1,850,Arg3His,0.000121305,rs199708768
16,Q7Z4L5,522,Ser3Cys,0.000831814,rs145436538
17,Q8NHH9,306,Ser3Gly,0.00011634,rs746341011
18,Q9H3Q3,142,Pro2Leu,0.00212343,rs141828605
19,Q9UHA7,61,Ile3Thr,0.000404673,rs28938798
20,O60266,750,Asn1Ser,0.000123374,rs146981649
21,Q9NZR2,2217,Arg3His,0.0278912,rs34694228
22,Q9NZR2,2217,Arg3Cys,0.00114031,rs149097380
23,Q9NZR2,4559,Asn1Ser,0.00173494,rs148848707
24,P09923,27,Pro2Leu,0.000179109,rs201573533
25,P09016,146,Asn1Lys,0.000179462,rs201185478
26,P09016,146,Asn3Ser,0.000661629,rs369822828
27,P09016,146,Asn3Lys,0.000103625,rs200241025
28,P05187,30,Pro2Leu,0.000143222,rs752156250
29,Q8N114,229,Pro2Leu,0.000161469,rs557100936
30,Q5HYI8,182,Arg3Gln,0.00067701,rs61756477
31,Q9BTV4,230,Pro2Leu,0.000163145,rs533275736
32,Q9BTV4,230,Tyr4Cys,0.00155174,rs35924492
33,Q96C45,1019,Phe4Val,0.000352864,rs201563325
34,Q96N46,28,Asn1Ser,0.000128482,rs141892043
35,Q9Y215,301,Ser3Gly,0.0215728,rs6782980
36,Q6ZR08,1356,Gly3Ala,0.000249354,rs781717852
37,Q6ZR08,2737,Tyr4Phe,0.00196903,rs17057989
38,Q9Y238,329,Arg3His,0.000468825,rs538985876
39,Q9P2D7,656,Pro2Ala,0.00126439,rs199996069
40,Q709F0,55,Asn1Ser,0.000138424,rs140950225
41,Q9Y4B4,1366,Phe4Leu,0.000975373,rs35712917
42,O75355,287,Pro2Leu,0.000574525,rs144967530
43,P41161,147,Leu3Val,0.00280984,rs78506201
44,P35913,15,Asn1Thr,0.0001975359999999,rs765828124
45,A0AVI4,271,Pro2Leu,0.000178036,rs572935127
46,P35611,32,Pro2Leu,0.000123318,rs749350133
47,O15072,512,Pro2Thr,0.0160417,rs139921635
48,Q8TBZ0,97,Phe4Leu,0.00241572,rs112294827
49,Q9P2M1,11,Asn1Tyr,0.000405941,rs150704942
50,Q86XX4,2408,Asn1Ser,0.000466347,rs201277074
51,Q86Z14,64,Pro2Ala,0.00373856,rs34905034
52,Q9BX69,520,Pro2Leu,0.000107581,rs201669477
53,Q8TE73,2074,Phe4Ser,0.000195144,rs141196027
54,Q9UJT9,487,Phe4Leu,0.0003328719999999,rs537284845
55,Q9H819,251,Pro2Ser,0.000133619,rs746586952
56,Q9HD67,630,Asn1Ser,0.000592203,rs151323297
57,Q9Y2P4,432,Asn1His,0.000219085,rs35186587
58,P31629,159,Pro2Thr,0.000180355,rs200228489
59,Q6UB35,93,Asn1Thr,0.000127154,rs746288510
60,P22413,597,Tyr4His,0.000131342,rs199890118
61,O75603,279,Tyr4Asp,0.00913349,rs61734277
62,Q99594,255,Ala3Val,0.000386757,rs201199829
63,Q9Y4A5,2282,Ser3Asn,0.000131324,rs199827128
64,Q9UHC3,288,Pro2Ser,0.00882106,rs114024820
65,Q9P1U1,411,Pro2Ala,0.000330054,rs147963548
66,A0FGR8,849,Phe4Leu,0.000151125,rs201451499
67,P0CG41,774,Thr3Ala,0.0947712,rs200446072
68,Q8NCT3,262,Asn1Ser,0.000953862,rs61735496
69,Q5C9Z4,704,Tyr4Cys,0.0001670109999999,rs115973091
70,Q96ME1,315,Asn1His,0.00159425,rs200815360
71,Q8IX94,774,Thr3Ala,0.0539044,rs200196623
72,Q9BV99,143,Asn1Ser,0.2422,rs3735169
73,Q9NV66,596,Asn1Thr,0.000435322,rs192287125
74,Q6ZNQ3,231,Phe4Ile,0.000133572,rs747701330
75,Q02763,722,Ala3Thr,0.00627665,rs4631561
76,Q14678,887,Pro2Ala,0.0009505939999999,rs374172115
77,Q14678,887,Pro2Arg,0.000125254,rs779191832
78,Q13635,1261,Val3Met,0.0001431999999999,rs149667902
79,Q8NHU6,564,Pro2Leu,0.000119591,rs148718632
80,O75093,700,Asn1Lys,0.00101862,rs140360454
81,P55210,208,Arg3Gln,0.00019496,rs370400085
82,Q5T764,471,Ile3Thr,0.0002412379999999,rs141844567
83,Q9NZM1,1599,Asn1Lys,0.000148249,rs202041377
84,P09917,336,Pro2Ser,0.000409631,rs28395860
85,P56975,576,Asn1Lys,0.079075,rs17101193
86,Q6QHF9,78,Val3Ile,0.00256567,rs141070717
87,Q9BQS2,342,Val3Met,0.00032112,rs546761992
88,Q9BQS2,342,Asn1Ser,0.000228811,rs782710475
89,Q13206,270,Pro2Ala,0.000493897,rs142321169
90,P14921,146,Asn1Thr,0.000111577,rs776702455
91,Q13133,337,Asn1His,0.000278377,rs138838833
92,Q6NUN7,739,Thr3Ser,0.000206978,rs145723059
93,Q8NH48,55,Met3Ile,0.00282193,rs138976101
94,P03956,306,Pro2Leu,0.00026751,rs189548101
95,Q8NGG0,57,Asn1Thr,0.0689142,rs1947924
96,Q8NGL9,55,Asn1Lys,0.0006566689999999,rs74563338
97,Q8NGP4,55,Asn1Ser,0.00081194,rs531489358
98,Q8NGP4,55,Asn1His,0.00105445,rs148073304
99,P23467,1985,Asn1Ser,0.000206284,rs199503832
100,Q8WWQ8,2516,Tyr4Ser,0.000178965,rs3751197
101,P16989,284,Thr3Ala,0.000365831,rs114117963
102,Q96GX1,212,Asn1Ser,0.000874772,rs139927033
103,Q8IUH5,288,Asn1Ser,0.000115247,rs377127641
104,Q16538,580,Pro2Leu,0.000136966,rs782181029
105,Q6UX53,100,Pro2Leu,0.00383805,rs74421938
106,P26010,787,Arg3Cys,0.000600436,rs141610554
107,P09017,148,Asn3Ser,0.00342806,rs17854635
108,Q15020,786,Phe4Leu,0.0001034229999999,rs367859336
109,G3V0H7,288,Asn1His,0.000577734,rs145361988
110,Q5T4D3,512,Tyr4Phe,0.000192229,rs764917209
111,Q9UKA4,1620,Phe4Cys,0.000565579,rs61753632
112,Q9UKA4,1620,Phe4Leu,0.0020635,rs201849831
113,Q13033,471,Asn1Ser,0.4422819999999999,rs2273171
114,Q86TZ1,277,Asn1Ser,0.00022928,rs138200291
115,Q8IYD8,1304,Tyr4Cys,0.0012277999999999,rs61730251
116,Q9UBX5,73,Val3Ala,0.00012046,rs145108467
117,Q9UHC1,1147,Asn1Ile,0.00039764,rs142124529
118,Q8WV16,20,Trp3Cys,0.0904175,rs2302588
119,Q9H7Z3,28,Ser3Asn,0.00194278,rs148682249
120,Q9H7Z3,681,Pro2Arg,0.00010745,rs567282029
121,O00337,627,Asn1Ser,0.000377794,rs72547519
122,Q8NG31,1212,Pro2Ser,0.000140906,rs772332570
123,Q32MH5,666,Lys3Glu,0.00411669,rs61731676
124,Q86X52,440,Met3Thr,0.0029901999999999,rs148193087
125,P29376,482,Pro2Ser,0.00020731,rs144810530
126,P20807,108,Arg3Gln,0.000182952,rs188108732
127,Q6UWM7,292,Pro2Leu,0.00015112,rs200063378
128,Q5JPH6,395,Tyr4Cys,0.000180329,rs571483034
129,Q8NDV7,1274,Asn1Ser,0.000100298,rs201242089
130,Q96RY7,523,Cys3Ser,0.000266478,rs112545558
131,Q14183,315,Glu3Val,0.000131223,rs199609144
132,Q8TD57,502,Ser3Phe,0.00420918,rs140516491
133,Q9BSA4,491,Arg3Gly,0.00015906,rs114644256
134,Q9BSA4,491,Arg3Cys,0.00246145,rs114644256
135,P42694,1646,Pro2Leu,0.0008574889999999,rs186003224
136,Q3B8N2,270,Asn1Ser,0.000307304,rs542795344
137,Q9UFH2,802,Pro2Leu,0.0002189909999999,rs371209142
138,Q9NYC9,3251,Phe4Cys,0.00028633,rs144523571
139,O00182,63,Phe4Leu,0.00223887,rs61736866
140,Q96JN8,589,Asn1Ser,0.000140248,rs529922825
141,Q6DKI2,270,Asn1Lys,0.000188484,rs776343487
142,Q6DKI2,270,Arg3His,0.00151944,rs147232263
143,Q9UKN7,1686,Pro2Leu,0.0002175729999999,rs58625281
144,Q8WY54,684,Asn1Ser,0.00380321,rs142555673
145,Q8WY54,684,Pro2Ser,0.00322175,rs150938883
146,Q8WY54,684,Phe4Leu,0.000123454,rs548052838
147,Q8IYD9,167,Pro2Thr,0.000103446,rs199505068
148,Q9NXS2,275,Asn1Ser,0.00100603,rs540467809
149,Q9H9S5,480,Pro2Ala,0.00010566,rs745774108
150,Q9GZU1,19,Gly3Arg,0.000117402,rs756440792
151,P01130,825,Val3Ile,0.00100612,rs137853964
152,P56470,65,Arg3Trp,0.000111368,rs541575125
153,Q9H0K4,523,Pro2Arg,0.0037509,rs144552615
154,Q86X10,497,Asn1Ser,0.00012729,rs141646589
155,Q8N2K0,238,Val3Met,0.0002108109999999,rs572997548
156,Q14686,525,Pro2Leu,0.000457315,rs144477396
157,P05162,47,Arg3His,0.00209182,rs117181617
158,P05162,47,Pro2Leu,0.00169016,rs188420751
159,Q96NT3,204,Asn1Thr,0.000305312,rs765616714
160,O43272,464,Thr3Met,0.00463004,rs2870984
161,Q6PP77,28,Arg3Gln,0.000899452,rs147872571
162,Q5XKR9,30,Phe4Leu,0.0001949209999999,rs150027190
163,Q9HAI6,89,Val3Leu,0.00035679,rs762713962
