,UniProtID,Gene,Protein_length,Motif,Start,End,ID_motif,ELM_Positives,Candidate Confidence
0,P28223,HTR2A,471,SCV,469,471,P28223_469,1,
1,P41595,HTR2B,481,SYV,479,481,P41595_479,0,
2,P28335,HTR2C,458,SSV,456,458,P28335_456,0,
3,Q15067,ACOX1,660,SKL,658,660,Q15067_658,0,
4,Q99424,ACOX2,681,SKL,679,681,Q99424_679,0,
5,O15254,ACOX3,700,SKL,698,700,O15254_698,0,
6,O95994,AGR2,175,TEL,173,175,O95994_173,0,
7,Q8TD06,AGR3,166,SEL,164,166,Q8TD06_164,0,
8,Q86SQ6,ADGRA1,560,TTV,558,560,Q86SQ6_558,0,
9,Q96PE1,ADGRA2,1338,TTV,1336,1338,Q96PE1_1336,0,
10,Q8IWK6,ADGRA3,1321,TTV,1319,1321,Q8IWK6_1319,0,
11,Q9NQ90,ANO2,1003,TNV,1001,1003,Q9NQ90_1001,0,
12,Q75V66,ANO5,913,STL,911,913,Q75V66_911,0,
13,A1A5B4,ANO9,782,TDV,780,782,A1A5B4_780,0,
14,Q5VV41,ARHGEF16,709,TDV,707,709,Q5VV41_707,0,
15,P20020,ATP2B1,1220,TSL,1218,1220,P20020_1218,0,
16,Q96HA4,C1orf159,380,SNV,378,380,Q96HA4_378,0,
17,P48960,CD97,835,SGI,833,835,P48960_833,1,
18,Q9BYE9,CDHR2,1310,TDL,1308,1310,Q9BYE9_1308,0,
19,Q9HBB8,CDHR5,845,SYI,843,845,Q9HBB8_843,0,
20,Q49AH0,CDNF,187,TEL,185,187,Q49AH0_185,0,
21,Q9HC77,CENPJ,1338,TEL,1336,1338,Q9HC77_1336,0,
22,Q8TAP6,CEP76,659,SVL,657,659,Q8TAP6_657,0,
23,P0C7P0,CISD3,127,SPL,125,127,P0C7P0_125,0,
24,Q5KU26,COLEC12,742,SAL,740,742,Q5KU26_740,0,
25,P34998,CRHR1,444,TAV,442,444,P34998_442,1,
26,Q96PZ7,CSMD1,3564,TVV,3562,3564,Q96PZ7_3562,0,
27,O95822,MLYCD,493,SKL,491,493,O95822_491,0,LOW
28,Q6UY11,DLK2,383,TAL,381,383,Q6UY11_381,0,
29,O00548,DLL1,723,TEV,721,723,O00548_721,1,
30,Q9UJW3,DNMT3L,386,SSL,384,386,Q9UJW3_384,0,
31,Q08426,EHHADH,723,SKL,721,723,Q08426_721,0,
32,O75521,ECI2,394,SKL,392,394,O75521_392,0,
33,Q17RC7,EXOC3L4,722,TCV,720,722,Q17RC7_720,0,
34,Q8IYI6,EXOC8,725,SVV,723,725,Q8IYI6_723,0,
35,Q8NEV8,EXPH5,1989,SEL,1987,1989,Q8NEV8_1987,0,
36,Q96GL9,FAM163A,167,TDV,165,167,Q96GL9_165,0,
37,P0C2L3,FAM163B,166,TDV,164,166,P0C2L3_164,0,
38,Q8NA97,FER1L6-AS1,138,TAL,136,138,Q8NA97_136,0,
39,O00144,FZD9,591,THL,589,591,O00144_589,0,
40,Q8NHY3,GAS2L2,880,SWV,878,880,Q8NHY3_878,0,
41,Q96P88,GNRHR2,292,TSI,290,292,Q96P88_290,0,
42,Q08379,GOLGA2,1002,TVI,1000,1002,Q08379_1000,0,
43,Q14416,GRM2,872,SSL,870,872,Q14416_870,0,
44,Q14832,GRM3,879,SSL,877,879,Q14832_877,0,
45,P41594,GRM5,1212,SSL,1210,1212,P41594_1210,0,
46,P14651,HOXB3,431,THL,429,431,P14651_429,0,
47,P98153,DGCR2,550,TVV,548,550,P98153_548,0,
48,Q5DX21,IGSF11,431,SLV,429,431,Q5DX21_429,0,
49,Q9NZM3,ITSN2,1697,TLL,1695,1697,Q9NZM3_1695,0,
50,Q09470,KCNA1,495,TDV,493,495,Q09470_493,0,
51,Q9ULD8,KCNH3,1083,TGV,1081,1083,Q9ULD8_1081,0,
52,Q8N743,KIR3DL3,410,TSV,408,410,Q8N743_408,0,
53,Q9NXS3,KLHL28,571,TAL,569,571,Q9NXS3_569,0,
54,D3W0D1,KLRF2,207,SGV,205,207,D3W0D1_205,0,
55,Q53EV4,LRRC23,343,SLI,341,343,Q53EV4_341,0,
56,P98164,LRP2,4655,SEV,4653,4655,P98164_4653,1,
57,O75096,LRP4,1905,SQV,1903,1905,O75096_1903,1,
58,P15529,CD46,392,TSL,390,392,P15529_390,0,
59,Q03112,MECOM,1230,SHV,1228,1230,Q03112_1228,0,
60,P53778,MAPK12,367,TPL,365,367,P53778_365,1,
61,P22897,MRC1,1456,SVI,1454,1456,P22897_1454,0,
62,Q969V6,MRTFA,931,SCL,929,931,Q969V6_929,0,
63,Q6ZTZ1,MSANTD1,278,SSV,276,278,Q6ZTZ1_276,0,
64,O14745,SLC9A3R1,358,SNL,356,358,O14745_356,0,
65,Q14957,GRIN2C,1233,SEV,1231,1233,Q14957_1231,0,
66,O15399,GRIN2D,1336,SEV,1334,1336,O15399_1334,0,
67,Q9Y466,NR2E1,385,SDI,383,385,Q9Y466_383,0,
68,Q96RA2,OR7D2,312,SCL,310,312,Q96RA2_310,0,
69,P14920,DAO,347,SHL,345,347,P14920_345,0,LOW
70,O14832,PHYH,338,TNL,336,338,O14832_336,0,
71,Q9BQ51,PDCD1LG2,273,SAI,271,273,Q9BQ51_271,0,
72,Q13258,PTGDR,359,SSL,357,359,Q13258_357,0,
73,O00764,PDXK,312,TVL,310,312,O00764_310,0,
74,Q9NQ66,PLCB1,1216,TPL,1214,1216,Q9NQ66_1214,1,
75,Q00722,PLCB2,1185,SRL,1183,1185,Q00722_1183,1,
76,Q01970,PLCB3,1234,TQL,1232,1234,Q01970_1232,0,
77,Q15147,PLCB4,1175,TVV,1173,1175,Q15147_1173,0,LOW
78,Q9UIG5,PSORS1C1,152,SLI,150,152,Q9UIG5_150,0,
79,Q92930,RAB8B,207,SLL,205,207,Q92930_205,0,
80,Q8IYK8,REM2,340,SVL,338,340,Q8IYK8_338,0,
81,Q07960,ARHGAP1,439,SGL,437,439,Q07960_437,0,
82,O43182,ARHGAP6,974,TLV,972,974,O43182_972,0,
83,Q9NSA0,SLC22A11,550,TSL,548,550,Q9NSA0_548,1,
84,Q9NP59,SLC40A1,571,SVV,569,571,Q9NP59_569,0,
85,Q96GZ6,SLC41A3,507,TSI,505,507,Q96GZ6_505,0,
86,Q8WXD2,SCG3,468,SSL,466,468,Q8WXD2_466,0,
87,O15079,SNPH,494,SQL,492,494,O15079_492,0,
88,Q9UPU3,SORCS3,1222,TSV,1220,1222,Q9UPU3_1220,0,
89,Q9UBP0,SPAST,616,TTV,614,616,Q9UBP0_614,0,
90,Q9BSE5,AGMAT,352,TTV,350,352,Q9BSE5_350,0,
91,Q05066,SRY,204,TKL,202,204,Q05066_202,0,
92,P49888,SULT1E1,294,TEI,292,294,P49888_292,0,
93,Q9NUL3,STAU2,570,SAV,568,570,Q9NUL3_568,0,
94,Q9P2F5,STOX2,926,TSV,924,926,Q9P2F5_924,0,
95,P63165,SUMO1,101,STV,99,101,P63165_99,0,
96,Q6P1K8,GTF2H2C_2,395,SGV,393,395,Q6P1K8_393,0,
97,Q9BTF0,THUMPD2,503,SGL,501,503,Q9BTF0_501,0,LOW
98,Q13009,TIAM1,1591,TEI,1589,1591,Q13009_1589,0,
99,A0A0A0MT87,TRBJ2-4,16,SVL,14,16,A0A0A0MT87_14,0,
100,A0A0A0MT70,TRBJ2-6,17,TVL,15,17,A0A0A0MT70_15,0,
101,Q96HH4,TMEM169,297,STV,295,297,Q96HH4_295,0,
102,Q8WUA8,TSKU,353,TIL,351,353,Q8WUA8_351,0,
103,A0A1B0GXF2,TRBV7-2,115,SSL,113,115,A0A1B0GXF2_113,0,
104,A0A1B0GX95,TRBV7-4,115,SSL,113,115,A0A1B0GX95_113,0,
105,A0A1B0GX31,TRBV7-6,115,SSL,113,115,A0A1B0GX31_113,0,
106,A0A0K0K1E9,TRBV7-7,115,SSL,113,115,A0A0K0K1E9_113,0,
107,A0A1B0GX51,TRBV7-8,115,SSL,113,115,A0A1B0GX51_113,0,
108,P04435,TRBV7-9,115,SSL,113,115,P04435_113,0,
109,A0A0B4J1U6,TRBV9,114,SSV,112,114,A0A0B4J1U6_112,0,
110,A0A0K0K1C0,TRBV11-1,115,SSL,113,115,A0A0K0K1C0_113,0,
111,A0A584,TRBV11-2,115,SSL,113,115,A0A584_113,0,
112,Q495M9,USH1G,461,TEL,459,461,Q495M9_459,1,
113,O75445,USH2A,5202,THL,5200,5202,O75445_5200,0,
114,Q8TAA9,VANGL1,524,TSV,522,524,Q8TAA9_522,0,
115,Q9ULK5,VANGL2,521,TSV,519,521,Q9ULK5_519,0,
116,P19320,VCAM1,739,SKV,737,739,P19320_737,0,
117,A6NIX2,WTIP,430,TEL,428,430,A6NIX2_428,0,
118,A8MUI8,none,341,SHL,339,341,A8MUI8_339,0,
119,P46937,YAP1,504,TWL,502,504,P46937_502,1,
120,A8MPS7,YDJC,323,SLL,321,323,A8MPS7_321,0,
121,Q8N9G6,none,341,SCL,339,341,Q8N9G6_339,0,
122,Q8N3J9,ZNF664,261,SVI,259,261,Q8N3J9_259,0,
123,Q9Y6M5,SLC30A1,507,SSL,505,507,Q9Y6M5_505,0,
124,Q8N961,ABTB2,1025,SRV,1023,1025,Q8N961_1023,0,
125,Q9Y653,ADGRG1,693,SRI,691,693,Q9Y653_691,0,
126,Q14032,BAAT,418,SQL,416,418,Q14032_416,0,
127,Q96DR5,BPIFA2,249,TLI,247,249,Q96DR5_247,0,
128,Q9BWL3,C1orf43,253,STL,251,253,Q9BWL3_251,0,
129,Q8IVL8,CPO,374,SLL,372,374,Q8IVL8_372,0,
130,Q9H6E4,CCDC134,229,SEL,227,229,Q9H6E4_227,0,
131,Q9UBN1,CACNG4,327,TPV,325,327,Q9UBN1_325,0,
132,Q8WXS5,CACNG8,425,TPV,423,425,Q8WXS5_423,1,
133,O00421,CCRL2,344,TEV,342,344,O00421_342,0,
134,P13569,CFTR,1480,TRL,1478,1480,P13569_1478,1,
135,Q5VZT2,C10orf113,155,TFL,153,155,Q5VZT2_153,0,
136,Q96JB5,CDK5RAP3,506,TSL,504,506,Q96JB5_504,0,
137,Q14CN2,CLCA4,919,TTI,917,919,Q14CN2_917,0,
138,Q6ZN03,LINC00322,302,TQI,300,302,Q6ZN03_300,0,
139,O75712,GJB3,270,TPI,268,270,O75712_268,0,
140,O95377,GJB5,273,TIL,271,273,O95377_271,0,
141,Q1HG44,DUOXA2,320,TNL,318,320,Q1HG44_318,0,
142,P26885,FKBP2,142,TEL,140,142,P26885_140,0,
143,Q15007,WTAP,396,SVL,394,396,Q15007_394,0,
144,Q12951,FOXI1,378,TEV,376,378,Q12951_376,0,
145,Q5SZK8,FREM2,3169,SEV,3167,3169,Q5SZK8_3167,0,
146,Q5TBA9,FRY,3013,TSL,3011,3013,Q5TBA9_3011,0,
147,P09958,FURIN,794,SAL,792,794,P09958_792,0,
148,Q9UP38,FZD1,647,TTV,645,647,Q9UP38_645,0,
149,Q14332,FZD2,565,TTV,563,565,Q14332_563,0,
150,Q9ULV1,FZD4,537,TVV,535,537,Q9ULV1_535,0,
151,Q8N9W4,GOLGA6L2,909,SSL,907,909,Q8N9W4_907,0,
152,A6NEF3,GOLGA6L4,574,TII,572,574,A6NEF3_572,0,LOW
153,A6NEM1,GOLGA6L9,432,TII,430,432,A6NEM1_430,0,
154,A6NI86,GOLGA6L10,522,TII,520,522,A6NI86_520,0,
155,H0YKK7,GOLGA6L19,550,TII,548,550,H0YKK7_548,0,
156,Q99527,GPER1,375,SAV,373,375,Q99527_373,1,
157,Q9BZJ6,GPR63,419,TVV,417,419,Q9BZJ6_417,0,HIGH
158,P46095,GPR6,362,SEV,360,362,P46095_360,0,
159,P31249,HOXD3,432,THL,430,432,P31249_430,0,
160,P20809,IL11,199,TRL,197,199,P20809_197,0,
161,Q96EL1,INKA1,287,SYL,285,287,Q96EL1_285,0,
162,Q9NZV8,KCND2,630,SAL,628,630,Q9NZV8_628,0,
163,Q9UK17,KCND3,655,SAL,653,655,Q9UK17_653,0,
164,O60662,KLHL41,606,SKL,604,606,O60662_604,0,
165,Q13571,LAPTM5,262,SEV,260,262,Q13571_260,0,
166,P17931,LGALS3,250,TMI,248,250,P17931_248,0,
167,Q8TBB1,LNX1,728,TFL,726,728,Q8TBB1_726,0,
168,Q8N448,LNX2,690,SLV,688,690,Q8N448_688,0,
169,A6NJW4,LRRC3C,275,TVV,273,275,A6NJW4_273,0,
170,Q7Z2Q7,LRRC70,622,SAL,620,622,Q7Z2Q7_620,0,
171,Q9BTT6,LRRC1,524,TSV,522,524,Q9BTT6_522,0,
172,P27816,MAP4,1152,TSI,1150,1152,P27816_1150,0,
173,Q14D04,VEPH1,833,TYL,831,833,Q14D04_831,0,
174,Q5TF39,MFSD4B,518,TNV,516,518,Q5TF39_516,0,
175,Q9BUB5,MKNK1,465,TAL,463,465,Q9BUB5_463,0,
176,P24347,MMP11,488,TFL,486,488,P24347_486,0,
177,O15427,SLC16A3,465,TSV,463,465,O15427_463,0,
178,Q7RTY1,SLC16A9,509,SNV,507,509,Q7RTY1_507,0,
179,Q9H6N6,MYH16,1097,TSV,1095,1097,Q9H6N6_1095,0,
180,Q93070,ART4,314,SRV,312,314,Q93070_312,0,
181,A6NI72,NCF1B,391,SAV,389,391,A6NI72_389,0,
182,A8MVU1,NCF1C,366,SAV,364,366,A8MVU1_364,0,
183,P14598,NCF1,390,SAV,388,390,P14598_388,0,
184,Q8TDF5,NETO1,533,TRV,531,533,Q8TDF5_531,0,
185,P56730,PRSS12,875,TKL,873,875,P56730_873,0,
186,P49146,NPY2R,381,TNV,379,381,P49146_379,0,
187,Q96EP9,SLC10A4,437,TSL,435,437,Q96EP9_435,0,
188,Q6ZVC0,NYAP1,841,TAI,839,841,Q6ZVC0_839,0,
189,Q6IF63,OR52W1,320,SPL,318,320,Q6IF63_318,0,
190,Q8NH92,OR1S1,325,SSL,323,325,Q8NH92_323,0,
191,Q8NGQ3,OR1S2,325,SSL,323,325,Q8NGQ3_323,0,
192,O00443,PIK3C2A,1686,TYL,1684,1686,O00443_1684,0,
193,O75340,PDCD6,191,SIV,189,191,O75340_189,0,
194,P16234,PDGFRA,1089,SFL,1087,1089,P16234_1087,0,
195,P09619,PDGFRB,1106,SFL,1104,1106,P09619_1104,1,
196,Q53SZ7,PRR30,412,SSV,410,412,Q53SZ7_410,0,
197,P23470,PTPRG,1445,SLV,1443,1445,P23470_1443,0,
198,Q6ZTQ3,RASSF6,369,TTV,367,369,Q6ZTQ3_367,0,
199,A6NK89,RASSF10,507,SLV,505,507,A6NK89_505,0,
200,Q8IXT5,RBM12B,1001,TLL,999,1001,Q8IXT5_999,0,
201,Q68EM7,ARHGAP17,881,TAL,879,881,Q68EM7_879,0,
202,Q9Y6M7,SLC4A7,1214,TSL,1212,1214,Q9Y6M7_1212,1,
203,Q8NBX0,SCCPDH,429,SEV,427,429,Q8NBX0_427,0,
204,Q6ZPB5,SDIM1,146,TDI,144,146,Q6ZPB5_144,0,
205,O00141,SGK1,431,SFL,429,431,O00141_429,0,
206,Q13309,SKP2,424,SCL,422,424,Q13309_422,0,
207,Q7Z6I5,SPATA12,190,THL,188,190,Q7Z6I5_188,0,
208,Q6ZMT1,STAC2,411,TEI,409,411,Q6ZMT1_409,0,
209,Q8N2H4,SYS1,156,SNV,154,156,Q8N2H4_154,0,
210,Q9BVX2,TMEM106C,250,TAI,248,250,Q9BVX2_248,0,
211,P01135,TGFA,160,TVV,158,160,P01135_158,0,
212,O43711,TLX3,291,SLV,289,291,O43711_289,0,
213,Q7Z5S9,TMEM144,345,SKI,343,345,Q7Z5S9_343,0,
214,Q68D42,TMEM215,235,TIV,233,235,Q68D42_233,0,
215,Q9P0N5,TMEM216,145,SRI,143,145,Q9P0N5_143,0,
216,Q9UK28,TMEM59L,342,TKL,340,342,Q9UK28_340,0,
217,Q7Z6W1,TMCO2,182,SPI,180,182,Q7Z6W1_180,0,
218,Q6UWJ1,TMCO3,677,SSL,675,677,Q6UWJ1_675,0,
219,Q9H3S3,TMPRSS5,457,SLL,455,457,Q9H3S3_455,0,
220,P25445,FAS,335,SLV,333,335,P25445_333,0,
221,Q13641,TPBG,420,SDV,418,420,Q13641_418,0,
222,P06753,TPM3,285,TSI,283,285,P06753_283,0,
223,Q9UBN6,TNFRSF10D,386,SCL,384,386,Q9UBN6_384,0,
224,Q8NET8,TRPV3,790,TSV,788,790,Q8NET8_788,0,
225,P98066,TNFAIP6,277,SHL,275,277,P98066_275,0,
226,Q6EMB2,TTLL5,1281,TKI,1279,1281,Q6EMB2_1279,0,
227,Q9P2J2,IGSF9,1179,TLL,1177,1179,Q9P2J2_1177,0,
228,Q9UPX0,IGSF9B,1349,SKL,1347,1349,Q9UPX0_1347,0,
229,P14679,TYR,529,SHL,527,529,P14679_527,0,
230,Q13336,SLC14A1,389,SPL,387,389,Q13336_387,0,
231,Q9H977,WDR54,334,SSV,332,334,Q9H977_332,0,
232,Q5GH73,XKR6,641,SSL,639,641,Q5GH73_639,0,
233,Q5GH72,XKR7,579,TTV,577,579,Q5GH72_577,0,
234,O75063,FAM20B,409,SHL,407,409,O75063_407,0,
235,A8MX80,none,341,SRL,339,341,A8MX80_339,0,
236,Q53GI3,ZNF394,561,SRL,559,561,Q53GI3_559,0,LOW
237,P22303,ACHE,614,SDL,612,614,P22303_612,0,
238,P12814,ACTN1,892,SDL,890,892,P12814_890,0,
239,P35609,ACTN2,894,SDL,892,894,P35609_892,1,
240,Q08043,ACTN3,901,SDL,899,901,Q08043_899,0,
241,O43707,ACTN4,911,SDL,909,911,O43707_909,0,
242,P08588,ADRB1,477,SKV,475,477,P08588_475,1,
243,P07550,ADRB2,413,SLL,411,413,P07550_411,1,
244,O43572,AKAP10,662,TKL,660,662,O43572_660,1,
245,Q96DR7,ARHGEF26,871,TNV,869,871,Q96DR7_869,0,
246,Q495Z4,ASB16-AS1,193,SLL,191,193,Q495Z4_191,0,
247,Q5VV63,ATRNL1,1379,TCV,1377,1379,Q5VV63_1377,0,
248,O75882,ATRN,1429,TCI,1427,1429,O75882_1427,0,
249,Q9H251,CDH23,3354,TEL,3352,3354,Q9H251_3352,1,
250,Q8IU99,CALHM1,346,SKV,344,346,Q8IU99_344,0,
251,Q86XJ0,CALHM3,344,TDV,342,344,Q86XJ0_342,0,
252,Q6P9G0,CYB5D1,228,TEL,226,228,Q6P9G0_226,0,
253,A6NLC5,C3orf70,250,TTV,248,250,A6NLC5_248,0,
254,P0CE67,C3orf79,100,SHL,98,100,P0CE67_98,0,
255,Q8IV32,CCDC71,467,SAV,465,467,Q8IV32_465,0,
256,Q9ULG6,CCPG1,757,SSL,755,757,Q9ULG6_755,0,
257,P28906,CD34,385,TEL,383,385,P28906_383,0,
258,Q0VF96,CGNL1,1302,SQI,1300,1302,Q0VF96_1300,0,
259,Q5T742,C10orf25,122,SVI,120,122,Q5T742_120,0,
260,P56937,HSD17B7,341,SCL,339,341,P56937_339,0,
261,Q09019,DMWD,674,TVV,672,674,Q09019_672,0,
262,Q9NZJ0,DTL,730,TEL,728,730,Q9NZJ0_728,0,
263,Q86YF9,DZIP1,867,SDV,865,867,Q86YF9_865,0,
264,P12724,RNASE3,160,TTI,158,160,P12724_158,0,
265,Q8WWW8,GAB3,586,SKV,584,586,Q8WWW8_584,0,
266,Q15760,GPR19,415,TFV,413,415,Q15760_413,0,
267,P42261,GRIA1,906,TGL,904,906,P42261_904,1,
268,P05981,HPN,417,TQL,415,417,P05981_415,0,
269,P09017,HOXC4,264,TRL,262,264,P09017_262,0,
270,Q8WUF5,PPP1R13L,828,SKV,826,828,Q8WUF5_826,0,
271,P16389,KCNA2,499,TDV,497,499,P16389_497,0,
272,P22001,KCNA3,575,TDV,573,575,P22001_573,0,
273,P22459,KCNA4,653,TDV,651,653,P22459_651,0,
274,P22460,KCNA5,613,TDL,611,613,P22460_611,0,
275,Q587J8,KHDC3L,217,TRL,215,217,Q587J8_215,0,LOW
276,Q5VTJ3,KLHDC7A,777,TRV,775,777,Q5VTJ3_775,0,
277,Q96G42,KLHDC7B,594,TSL,592,594,Q96G42_592,0,LOW
278,P60372,KRTAP10-4,401,SLL,399,401,P60372_399,0,
279,A0A075B6H9,IGLV4-69,119,TGI,117,119,A0A075B6H9_117,0,
280,A0A075B6I7,IGLV5-48,105,SGL,103,105,A0A075B6I7_103,0,
281,A0A075B6I0,IGLV8-61,122,SGI,120,122,A0A075B6I0_120,0,
282,Q8N8R3,SLC25A29,303,SSL,301,303,Q8N8R3_301,0,
283,Q8N387,MUC15,334,TSV,332,334,Q8N387_332,0,
284,Q9UKN7,MYO15A,3530,TLL,3528,3530,Q9UKN7_3528,1,
285,Q9Y6X6,MYO16,1858,TTI,1856,1858,Q9Y6X6_1856,0,
286,Q86W26,NLRP10,655,TYI,653,655,Q86W26_653,0,
287,Q12879,GRIN2A,1464,SDV,1462,1464,Q12879_1462,0,
288,Q13224,GRIN2B,1484,SDV,1482,1484,Q13224_1482,1,
289,P61916,NPC2,151,SHL,149,151,P61916_149,0,
290,Q15617,OR8G1,311,TLL,309,311,Q15617_309,0,
291,Q8NG78,OR8G5,346,TFL,344,346,Q8NG78_344,0,
292,P47900,P2RY1,373,TSL,371,373,P47900_371,1,
293,Q96A54,ADIPOR1,375,TLL,373,375,Q96A54_373,1,
294,Q6TCH7,PAQR3,311,SHL,309,311,Q6TCH7_309,0,
295,Q9HB21,PLEKHA1,404,SDV,402,404,Q9HB21_402,0,
296,Q9HB19,PLEKHA2,425,SDV,423,425,Q9HB19_423,0,
297,A1L4L8,PLAC8L1,177,TLV,175,177,A1L4L8_175,0,
298,P85299,PRR5,388,SVV,386,388,P85299_386,0,
299,Q8TB68,PRR7,274,TAV,272,274,Q8TB68_272,0,
300,Q6PEW0,PRSS54,395,SSI,393,395,Q6PEW0_393,0,
301,Q9UKA9,PTBP2,531,STI,529,531,Q9UKA9_529,0,
302,O95758,PTBP3,552,STI,550,552,O95758_550,0,
303,Q9BZE2,PUS3,481,SII,479,481,Q9BZE2_479,0,
304,O60896,RAMP3,148,TLL,146,148,O60896_146,0,
305,Q96T37,RBM15,977,TLL,975,977,Q96T37_975,0,
306,Q9NV58,RNF19A,838,TEI,836,838,Q9NV58_836,0,
307,Q8TEU7,RAPGEF6,1601,SAV,1599,1601,Q8TEU7_1599,1,
308,Q9Y676,MRPS18B,258,SAL,256,258,Q9Y676_256,0,
309,Q9BST9,RTKN,563,SPV,561,563,Q9BST9_561,0,
310,Q7LBE3,SLC26A9,791,TAL,789,791,Q7LBE3_789,0,
311,Q5BKX6,SLC45A4,768,SVV,766,768,Q5BKX6_766,0,
312,Q5SSQ6,SAPCD1,148,TRV,146,148,Q5SSQ6_146,0,HIGH
313,Q86UD0,SAPCD2,394,TFI,392,394,Q86UD0_392,0,
314,P48067,SLC6A9,706,SRI,704,706,P48067_704,0,
315,Q9Y6X3,MAU2,613,SLL,611,613,Q9Y6X3_611,0,
316,O60248,SOX15,233,THL,231,233,O60248_231,0,
317,O00570,SOX1,391,THI,389,391,O00570_389,0,
318,Q9UHE8,STEAP1,339,SQL,337,339,Q9UHE8_337,0,
319,Q658P3,STEAP3,488,SHV,486,488,Q658P3_486,0,
320,Q15046,KARS1,597,TSV,595,597,Q15046_595,1,
321,Q6PEX7,TEX38,206,SEL,204,206,Q6PEX7_204,0,HIGH
322,Q86XT9,TMEM219,240,TRL,238,240,Q86XT9_238,0,
323,Q6QAJ8,TMEM220,160,TVI,158,160,Q6QAJ8_158,0,
324,A6NGB7,TMEM221,291,TLV,289,291,A6NGB7_289,0,
325,Q8TAS1,UHMK1,419,TLL,417,419,Q8TAS1_417,0,
326,Q12768,WASHC5,1159,TVL,1157,1159,Q12768_1157,0,
327,Q9GZV5,WWTR1,400,TWL,398,400,Q9GZV5_398,0,
328,P55060,CSE1L,971,TLL,969,971,P55060_969,0,
329,A8MWP4,none,228,SGV,226,228,A8MWP4_226,0,LOW
330,O43296,ZNF264,627,SSL,625,627,O43296_625,0,
331,Q86W11,ZSCAN30,494,TRV,492,494,Q86W11_492,0,
332,O14514,ADGRB1,1584,TEV,1582,1584,O14514_1582,0,
333,O60241,ADGRB2,1585,TEV,1583,1585,O60241_1583,0,
334,O60242,ADGRB3,1522,TEV,1520,1522,O60242_1520,0,
335,Q5TGY3,AHDC1,1603,TSL,1601,1603,Q5TGY3_1601,0,
336,Q6UB98,ANKRD12,2062,TPI,2060,2062,Q6UB98_2060,0,
337,Q9H560,ANKRD19P,264,SHL,262,264,Q9H560_262,0,
338,Q9P291,ARMCX1,453,TKL,451,453,Q9P291_451,0,
339,Q9P203,BTBD7,1132,SAL,1130,1132,Q9P203_1130,0,
340,Q16581,C3AR1,482,TTV,480,482,Q16581_480,0,
341,Q9Y698,CACNG2,323,TPV,321,323,Q9Y698_321,0,
342,O60359,CACNG3,315,TPV,313,315,O60359_313,0,
343,Q8TDI0,CHD5,1954,TDI,1952,1954,Q8TDI0_1952,0,
344,Q8WZB0,LINC00476,136,SSL,134,136,Q8WZB0_134,0,
345,Q7Z7L8,C11orf96,435,SAL,433,435,Q7Z7L8_433,0,
346,Q6UXN8,CLEC9A,241,SSV,239,241,Q6UXN8_239,0,
347,Q9Y5I7,CLDN16,305,TRV,303,305,Q9Y5I7_303,1,
348,P56750,CLDN17,224,SYV,222,224,P56750_222,0,
349,A6NMK7,CPSF4L,179,SKI,177,179,A6NMK7_177,0,
350,Q9P021,CRIPT,101,TSV,99,101,Q9P021_99,0,
351,Q7Z408,CSMD2,3487,TAV,3485,3487,Q7Z408_3485,0,
352,Q7Z407,CSMD3,3707,TMV,3705,3707,Q7Z407_3705,0,
353,P78310,CXADR,365,SIV,363,365,P78310_363,0,
354,Q8N9W5,DNAAF3,541,TGV,539,541,Q8N9W5_539,0,
355,P16444,DPEP1,411,SLL,409,411,P16444_409,0,
356,P0CG22,DHRS4L1,281,SRL,279,281,P0CG22_279,0,
357,P09104,ENO2,434,SVL,432,434,P09104_432,0,
358,O00748,CES2,559,TEL,557,559,O00748_557,0,
359,Q96A65,EXOC4,974,TTV,972,974,Q96A65_972,0,
360,Q9UK96,FBXO10,956,TIL,954,956,Q9UK96_954,0,
361,O94868,FCHSD2,740,TLV,738,740,O94868_738,0,
362,Q9ULW2,FZD10,581,TCV,579,581,Q9ULW2_579,0,
363,Q8NFN8,GPR156,814,TLV,812,814,Q8NFN8_812,0,
364,Q5T6X5,GPRC6A,926,SSI,924,926,Q5T6X5_924,0,HIGH
365,Q9Y2T3,GDA,454,SSV,452,454,Q9Y2T3_452,0,
366,P82970,HMGN5,282,SIV,280,282,P82970_280,0,
367,P09016,HOXD4,255,TTL,253,255,P09016_253,0,
368,Q5JU85,IQSEC2,1488,TVV,1486,1488,Q5JU85_1486,1,
369,Q9UPP2,IQSEC3,1182,SLV,1180,1182,Q9UPP2_1180,0,
370,Q96PR1,KCNC2,638,SIL,636,638,Q96PR1_636,0,
371,Q9NSA2,KCND1,647,SSL,645,647,Q9NSA2_645,0,
372,Q9BRK4,LZTS2,669,TEI,667,669,Q9BRK4_667,0,
373,O60299,LZTS3,673,TEI,671,673,O60299_671,0,
374,Q86YJ5,MARCHF9,346,TTV,344,346,Q86YJ5_344,0,
375,A6NNE9,MARCHF11,402,TSV,400,402,A6NNE9_400,0,
376,P36507,MAP2K2,400,TAV,398,400,P36507_398,1,
377,Q9UKN1,MUC12,5478,STV,5476,5478,Q9UKN1_5476,0,
378,Q9Y4I1,MYO5A,1855,SRV,1853,1855,Q9Y4I1_1853,0,
379,Q8IVL1,NAV2,2488,STL,2486,2488,Q8IVL1_2486,0,
380,Q8IVL0,NAV3,2385,STL,2383,2385,Q8IVL0_2383,0,
381,Q8N2Q7,NLGN1,863,TRV,861,863,Q8N2Q7_861,0,
382,Q8NFZ4,NLGN2,835,TRV,833,835,Q8NFZ4_833,0,
383,Q9NZ94,NLGN3,848,TRV,846,848,Q9NZ94_846,0,
384,Q8N0W4,NLGN4X,816,TRV,814,816,Q8N0W4_814,0,
385,Q8NFZ3,NLGN4Y,816,TRV,814,816,Q8NFZ3_814,0,
386,Q14916,SLC17A1,467,TRL,465,467,Q14916_465,1,
387,Q9H346,OR52D1,318,TSI,316,318,Q9H346_316,0,
388,P00973,OAS1,400,TIL,398,400,P00973_398,0,
389,Q96BN8,OTULIN,352,TSL,350,352,Q96BN8_350,1,
390,Q76G19,PDZD4,769,TTV,767,769,Q76G19_767,0,
391,Q3KR16,PLEKHG6,790,SEV,788,790,Q3KR16_788,0,
392,Q6ZR37,PLEKHG7,379,SEI,377,379,Q6ZR37_377,0,
393,Q9ULM0,PLEKHH1,1364,TLL,1362,1364,Q9ULM0_1362,0,LOW
394,Q8IVE3,PLEKHH2,1493,TLL,1491,1493,Q8IVE3_1491,0,
395,O00592,PODXL,558,THL,556,558,O00592_556,0,
396,O43566,RGS14,566,SAL,564,566,O43566_564,0,
397,Q9H2W6,MRPL46,279,SDL,277,279,Q9H2W6_277,0,
398,Q9HD33,MRPL47,250,SLV,248,250,Q9HD33_248,0,
399,Q8TAA1,RNASE11,199,SKL,197,199,Q8TAA1_197,0,
400,Q5GAN3,RNASE13,156,SGI,154,156,Q5GAN3_154,0,
401,Q92834,RPGR,1020,TIL,1018,1020,Q92834_1018,0,
402,Q9BQQ7,RTP3,232,TAI,230,232,Q9BQQ7_230,0,
403,A6NIM6,SLC15A5,579,TAL,577,579,A6NIM6_577,0,
404,Q9Y2C5,SLC17A4,497,THL,495,497,Q9Y2C5_495,0,
405,Q92911,SLC5A5,643,TNL,641,643,Q92911_641,1,
406,Q9Y289,SLC5A6,635,TSL,633,635,Q9Y289_633,0,
407,Q9NPR2,SEMA4B,837,SVV,835,837,Q9NPR2_835,0,
408,Q9Y2M2,SSUH2,353,TIV,351,353,Q9Y2M2_351,0,
409,Q96HP8,TMEM176A,235,SGI,233,235,Q96HP8_233,0,
410,Q8NBL3,TMEM178A,297,STV,295,297,Q8NBL3_295,0,
411,P0DP42,TMEM225B,221,TVI,219,221,P0DP42_219,0,
412,Q9C0D5,TANC1,1861,SNV,1859,1861,Q9C0D5_1859,0,
413,Q9HCD6,TANC2,1990,SNV,1988,1990,Q9HCD6_1988,0,
414,Q6UXZ0,TMIGD1,262,TAL,260,262,Q6UXZ0_260,0,
415,P28289,TMOD1,359,SGV,357,359,P28289_357,0,
416,P16473,TSHR,764,TVL,762,764,P16473_762,1,
417,Q9H313,TTYH1,450,SSI,448,450,Q9H313_448,0,
418,A0A5A6,TRBV11-3,115,SSL,113,115,A0A5A6_113,0,
419,P01733,TRBV12-3,115,SSL,113,115,P01733_113,0,
420,A0A0B4J2E0,TRBV12-4,115,SSL,113,115,A0A0B4J2E0_113,0,
421,A0A1B0GX78,TRBV12-5,115,SGL,113,115,A0A1B0GX78_113,0,
422,A0A075B6N3,TRBV24-1,115,SDL,113,115,A0A075B6N3_113,0,
423,Q68DE3,USF3,2245,SAV,2243,2245,Q68DE3_2243,0,
424,P15313,ATP6V1B1,513,TAL,511,513,P15313_511,0,
425,Q9P253,VPS18,973,SWL,971,973,Q9P253_971,0,
426,Q9H1F0,WFDC10A,79,SIL,77,79,Q9H1F0_77,0,
427,Q8IUB3,WFDC10B,73,SIL,71,73,Q8IUB3_71,0,
428,Q8N7P7,none,452,TAL,450,452,Q8N7P7_450,0,
429,A8MV72,none,311,SCL,309,311,A8MV72_309,0,
430,A8MXQ7,none,604,TGL,602,604,A8MXQ7_602,0,
431,Q7L211,ABHD13,337,TII,335,337,Q7L211_335,0,HIGH
432,Q9UPQ3,AGAP1,857,TII,855,857,Q9UPQ3_855,0,
433,Q96P47,AGAP3,875,SLL,873,875,Q96P47_873,0,
434,P04746,AMY2A,511,SKL,509,511,P04746_509,0,
435,Q9NR81,ARHGEF3,526,SNV,524,526,Q9NR81_524,0,HIGH
436,Q7Z628,NET1,596,TLV,594,596,Q7Z628_594,0,
437,Q9NWL6,ASNSD1,643,TKL,641,643,Q9NWL6_641,0,
438,P27037,ACVR2A,513,SSL,511,513,P27037_511,0,
439,Q13705,ACVR2B,512,SSI,510,512,Q13705_510,0,
440,P11274,BCR,1271,TEV,1269,1271,P11274_1269,1,
441,Q9ULD4,BRPF3,1205,SYL,1203,1205,Q9ULD4_1203,0,
442,Q96AQ1,CCDC74A,378,SVL,376,378,Q96AQ1_376,0,
443,Q96LY2,CCDC74B,380,SVL,378,380,Q96LY2_378,0,
444,P01730,CD4,458,SPI,456,458,P01730_456,0,
445,O95170,CDRT1,752,SGV,750,752,O95170_750,0,
446,Q6UWU4,C6orf89,347,SEL,345,347,Q6UWU4_345,0,
447,Q9HBJ8,CLTRN,222,TPL,220,222,Q9HBJ8_220,0,
448,Q8IWV2,CNTN4,1026,SSL,1024,1026,Q8IWV2_1024,0,
449,A8TX70,COL6A5,2615,TDI,2613,2615,A8TX70_2613,0,
450,Q9HCH3,CPNE5,593,THI,591,593,Q9HCH3_591,0,
451,Q86YQ8,CPNE8,564,TQI,562,564,Q86YQ8_562,0,
452,P23508,MCC,829,TSL,827,829,P23508_827,1,
453,P24387,CRHBP,322,SGL,320,322,P24387_320,0,
454,P35222,CTNNB1,781,TDL,779,781,P35222_779,1,
455,P25024,CXCR1,350,SNL,348,350,P25024_348,0,
456,P25025,CXCR2,360,TTL,358,360,P25025_358,1,
457,P49682,CXCR3,368,SGL,366,368,P49682_366,0,
458,Q13268,DHRS2,280,TRL,278,280,Q13268_278,1,
459,Q9NR61,DLL4,685,TEV,683,685,Q9NR61_683,0,
460,P30046,DDT,118,TFL,116,118,P30046_116,0,
461,O00341,SLC1A7,560,TNV,558,560,O00341_558,0,
462,Q9Y5L3,ENTPD2,495,STI,493,495,Q9Y5L3_493,0,
463,Q99645,EPYC,322,SLV,320,322,Q99645_320,0,
464,Q96AP7,ESAM,390,SLV,388,390,Q96AP7_388,0,
465,Q9NY74,ETAA1,926,SFL,924,926,Q9NY74_924,0,
466,Q15884,FAM189A2,450,TVL,448,450,Q15884_448,0,
467,P81408,FAM189B,668,TGL,666,668,P81408_666,0,
468,Q53R41,FASTKD1,847,SCL,845,847,Q53R41_845,0,
469,O75899,GABBR2,941,SGL,939,941,O75899_939,0,
470,Q96PP9,GBP4,640,SRI,638,640,Q96PP9_638,0,LOW
471,Q9UJ14,GGT7,662,TIL,660,662,Q9UJ14_660,0,
472,Q6ZVE7,GOLT1A,132,SMV,130,132,Q6ZVE7_130,0,
473,P46089,GPR3,330,SDV,328,330,P46089_328,0,
474,Q9Y5Y3,GPR45,372,SAV,370,372,Q9Y5Y3_370,0,
475,P43250,GRK6,576,TRL,574,576,P43250_574,1,
476,Q5GLZ8,HERC4,1057,SLI,1055,1057,Q5GLZ8_1055,0,
477,Q14602,ID2B,36,SLL,34,36,Q14602_34,0,
478,P78508,KCNJ10,379,SNV,377,379,P78508_377,0,
479,Q14500,KCNJ12,433,SEI,431,433,Q14500_431,0,
480,P48050,KCNJ4,445,SAI,443,445,P48050_443,1,
481,P48051,KCNJ6,423,SKV,421,423,P48051_421,0,
482,Q6TDP4,KLHL17,642,TSL,640,642,Q6TDP4_640,0,HIGH
483,A0A0A0MT76,IGLJ1,42,TVL,40,42,A0A0A0MT76_40,0,
484,Q9P244,LRFN1,771,STV,769,771,Q9P244_769,0,
485,Q9ULH4,LRFN2,789,STV,787,789,Q9ULH4_787,0,
486,Q6PJG9,LRFN4,635,SVV,633,635,Q6PJG9_633,0,
487,Q92918,MAP4K1,833,TGL,831,833,Q92918_831,0,
488,Q86VF5,MOGAT3,341,TFI,339,341,Q86VF5_339,0,
489,P53985,SLC16A1,500,SPV,498,500,P53985_498,0,
490,O60669,SLC16A7,478,TNI,476,478,O60669_476,0,HIGH
491,Q969H8,MYDGF,173,TEL,171,173,Q969H8_171,0,
492,Q8WY64,MYLIP,445,TVI,443,445,Q8WY64_443,0,
493,P35228,NOS2,1153,SAL,1151,1153,P35228_1151,1,
494,A8MXV4,NUDT19,375,SHL,373,375,A8MXV4_373,0,
495,O43929,ORC4,436,SWL,434,436,O43929_434,0,
496,Q9BRP4,PAAF1,392,SDL,390,392,Q9BRP4_390,0,
497,O60346,PHLPP1,1717,TPL,1715,1717,O60346_1715,0,
498,Q6ZVD8,PHLPP2,1323,TAL,1321,1323,Q6ZVD8_1321,0,HIGH
499,Q9NZM6,PKD2L2,624,SAL,622,624,Q9NZM6_622,0,
500,Q15126,PMVK,192,SRL,190,192,Q15126_190,0,
501,A0A0A6YYL3,POTEB,544,TSI,542,544,A0A0A6YYL3_542,0,
502,Q86YR6,POTED,584,TNI,582,584,Q86YR6_582,0,
503,Q8N4B5,PRR18,295,STL,293,295,Q8N4B5_293,0,
504,P0C7W0,PRR29,189,SLL,187,189,P0C7W0_187,0,
505,P26599,PTBP1,531,STI,529,531,P26599_529,0,
506,Q96NR3,PTCHD1,888,TTV,886,888,Q96NR3_886,0,
507,Q6ZW05,PTCHD4,846,TTV,844,846,Q6ZW05_844,0,
508,P23471,PTPRZ1,2315,SLV,2313,2315,P23471_2313,0,
509,P15153,RAC2,192,SLL,190,192,P15153_190,0,
510,O14924,RGS12,1447,TFV,1445,1447,O14924_1445,0,
511,Q9H4E5,RHOJ,214,SII,212,214,Q9H4E5_212,0,
512,Q93091,RNASE6,150,SIL,148,150,Q93091_148,0,
513,Q5VWQ0,RSBN1,802,TSV,800,802,Q5VWQ0_800,0,
514,Q6T423,SLC22A25,547,SVL,545,547,Q6T423_545,0,
515,Q9UHI7,SLC23A1,598,TKV,596,598,Q9UHI7_596,0,
516,P43007,SLC1A4,532,SVL,530,532,P43007_530,0,
517,Q9NRF2,SH2B1,756,SFV,754,756,Q9NRF2_754,0,
518,Q9UQQ2,SH2B3,575,TPL,573,575,Q9UQQ2_573,0,
519,Q8N5H7,SH2D3C,860,SEL,858,860,Q8N5H7_858,0,
520,P41225,SOX3,446,THI,444,446,P41225_444,0,
521,Q9BR10,SPATA25,227,SCL,225,227,Q9BR10_225,0,
522,Q9Y5Y6,ST14,855,TGV,853,855,Q9Y5Y6_853,0,
523,P50225,SULT1A1,295,SEL,293,295,P50225_293,0,
524,O95759,TBC1D8,1140,SNL,1138,1140,O95759_1138,0,
525,A0A0J9YXA8,TRBJ1-1,15,TVV,13,15,A0A0J9YXA8_13,0,
526,A0A0J9YX06,TRBJ1-2,15,TVV,13,15,A0A0J9YX06_13,0,
527,A0A0J9YWP8,TRBJ1-3,16,TVV,14,16,A0A0J9YWP8_14,0,
528,A0A0J9YXG5,TRBJ1-4,16,SVL,14,16,A0A0J9YXG5_14,0,
529,A0A0J9YXM7,TRBJ1-5,16,SIL,14,16,A0A0J9YXM7_14,0,
530,A0A0A0MTA7,TRBJ2-1,16,TVL,14,16,A0A0A0MTA7_14,0,
531,A0A0A0MT94,TRBJ2-2,16,TVL,14,16,A0A0A0MT94_14,0,
532,A0A0B4J200,TRBJ2-3,16,TVL,14,16,A0A0B4J200_14,0,
533,Q6ZMR5,TMPRSS11A,421,TGI,419,421,Q6ZMR5_419,0,
534,Q86T26,TMPRSS11B,416,TGL,414,416,Q86T26_414,0,
535,O60235,TMPRSS11D,418,TGI,416,418,O60235_416,0,
536,Q9UL52,TMPRSS11E,423,TGI,421,423,Q9UL52_421,0,
537,P09493,TPM1,284,TSI,282,284,P09493_282,0,LOW
538,P07951,TPM2,284,TSL,282,284,P07951_282,0,
539,Q86XT4,TRIM50,487,TKL,485,487,Q86XT4_485,0,
540,Q9UBN4,TRPC4,977,TRL,975,977,Q9UBN4_975,1,
541,Q9UL62,TRPC5,973,TRL,971,973,Q9UL62_971,1,
542,P17643,TYRP1,537,SVV,535,537,P17643_535,0,
543,Q6PP77,XKRX,449,SVV,447,449,Q6PP77_447,0,
544,Q5GH76,XKR4,650,TTL,648,650,Q5GH76_648,0,
545,A6NL46,none,340,SRL,338,340,A6NL46_338,0,
546,Q9BSR8,YIPF4,244,TGV,242,244,Q9BSR8_242,0,
547,Q86U90,YRDC,279,SYL,277,279,Q86U90_277,0,
548,Q5T0B9,ZNF362,420,SLI,418,420,Q5T0B9_418,0,
549,Q6QNK2,ADGRD1,874,SAV,872,874,Q6QNK2_872,0,
550,P43353,ALDH3B1,468,TLL,466,468,P43353_466,0,
551,P48448,ALDH3B2,385,TLL,383,385,P48448_383,0,
552,Q8TER5,ARHGEF40,1519,TPL,1517,1519,Q8TER5_1517,0,
553,P17655,CAPN2,700,SVL,698,700,P17655_698,0,HIGH
554,P08311,CTSG,255,TPL,253,255,P08311_253,0,
555,A0A1B0GVN3,C2orf92,265,SCV,263,265,A0A1B0GVN3_263,0,
556,Q15762,CD226,336,TRV,334,336,Q15762_334,0,
557,Q9HCU0,CD248,757,TSV,755,757,Q9HCU0_755,0,
558,Q3B7I2,CNPY1,92,TEL,90,92,Q3B7I2_90,0,
559,Q86XP1,DGKH,1220,SEV,1218,1220,Q86XP1_1218,0,
560,O75912,DGKI,1065,TAV,1063,1065,O75912_1063,0,
561,Q5KSL6,DGKK,1271,SQL,1269,1271,Q5KSL6_1269,0,
562,Q13574,DGKZ,1117,TAV,1115,1117,Q13574_1115,0,
563,Q92608,DOCK2,1830,TDL,1828,1830,Q92608_1828,0,
564,Q8IXS8,FAM126B,530,SQV,528,530,Q8IXS8_528,0,
565,Q6ZQN5,FOXI2,318,TEV,316,318,Q6ZQN5_316,0,
566,A8MTJ6,FOXI3,420,SEV,418,420,A8MTJ6_418,0,
567,Q9UPW0,FOXJ3,622,SIV,620,622,Q9UPW0_620,0,
568,Q5SYB0,FRMPD1,1578,TAL,1576,1578,Q5SYB0_1576,0,HIGH
569,Q14CM0,FRMPD4,1322,TTV,1320,1322,Q14CM0_1320,0,
570,Q9NU53,GINM1,330,TCI,328,330,Q9NU53_328,0,
571,Q9BY21,GPR87,358,TDV,356,358,Q9BY21_356,0,
572,Q9NZI5,GRHL1,618,TEI,616,618,Q9NZI5_616,0,
573,Q13255,GRM1,1194,STL,1192,1194,Q13255_1192,0,
574,Q9BZM3,GSX2,304,SPL,302,304,Q9BZM3_302,0,
575,Q99712,KCNJ15,375,SNV,373,375,Q99712_373,0,
576,B7U540,KCNJ18,433,SEI,431,433,B7U540_431,0,
577,Q53RY4,KRTCAP3,240,SWV,238,240,Q53RY4_238,0,
578,Q9ULH0,KIDINS220,1771,SIL,1769,1771,Q9ULH0_1769,0,
579,Q96J84,KIRREL1,757,THV,755,757,Q96J84_755,0,
580,Q6UWL6,KIRREL2,708,THV,706,708,Q6UWL6_706,0,
581,Q8IZU9,KIRREL3,778,THV,776,778,Q8IZU9_776,0,
582,Q15139,PRKD1,912,SIL,910,912,Q15139_910,0,
583,Q9BZL6,PRKD2,878,SVL,876,878,Q9BZL6_876,0,
584,Q96LR2,LURAP1,239,TFL,237,239,Q96LR2_237,0,
585,Q9Y4F3,MARF1,1742,TKL,1740,1742,Q9Y4F3_1740,0,
586,Q9P0N8,MARCHF2,246,TPV,244,246,Q9P0N8_244,0,
587,P04201,MAS1,325,TVV,323,325,P04201_323,0,
588,Q6DN12,MCTP2,878,SAL,876,878,Q6DN12_876,0,HIGH
589,Q96MC6,MFSD14A,490,TNV,488,490,Q96MC6_488,0,
590,Q5SR56,MFSD14B,506,TEL,504,506,Q5SR56_504,0,
591,Q96ES6,MFSD3,412,TFL,410,412,Q96ES6_410,0,
592,Q8TF71,SLC16A10,515,SII,513,515,Q8TF71_513,0,
593,Q9GZW8,MS4A7,240,SWI,238,240,Q9GZW8_238,0,
594,O43196,MSH5,834,SIL,832,834,O43196_832,0,
595,Q02505,MUC3A,3323,SSV,3321,3323,Q02505_3321,0,
596,Q9H195,MUC3B,1237,SSV,1235,1237,Q9H195_1235,0,
597,Q9HC84,MUC5B,5762,TAV,5760,5762,Q9HC84_5760,0,
598,Q96IV0,NGLY1,654,SDL,652,654,Q96IV0_652,0,
599,Q9Y5X5,NPFFR2,522,SEI,520,522,Q9Y5X5_520,0,
600,Q86YG4,NT5DC4,428,SAI,426,428,Q86YG4_426,0,
601,P0C024,NUDT7,238,SRL,236,238,P0C024_236,0,
602,Q9UKG9,CROT,612,THL,610,612,Q9UKG9_610,0,
603,Q99489,DDO,341,SNL,339,341,Q99489_339,0,
604,P00558,PGK1,417,SNI,415,417,P00558_415,0,
605,Q9Y2B2,PIGL,252,SFL,250,252,Q9Y2B2_250,0,
606,O43157,PLXNB1,2135,TDL,2133,2135,O43157_2133,0,
607,O15031,PLXNB2,1838,TDL,1836,1838,O15031_1836,0,
608,P60484,PTEN,403,TKV,401,403,P60484_401,1,
609,Q99952,PTPN18,460,TRV,458,460,Q99952_458,0,
610,Q7Z5L2,R3HCC1L,792,STV,790,792,Q7Z5L2_790,0,
611,Q9NP72,RAB18,206,SVL,204,206,Q9NP72_204,0,
612,A0A1B0GV85,REELD1,526,TVL,524,526,A0A1B0GV85_524,0,
613,P18077,RPL35A,110,SRI,108,110,P18077_108,0,
614,Q9P2E9,RRBP1,1410,TSV,1408,1410,Q9P2E9_1408,0,
615,P59025,RTP1,263,SSV,261,263,P59025_261,0,
616,Q9BZV2,SLC19A3,496,TKL,494,496,Q9BZV2_494,0,
617,Q14940,SLC9A5,896,SRL,894,896,Q14940_894,0,
618,A6NHR9,SMCHD1,2005,TDV,2003,2005,A6NHR9_2003,0,
619,Q9Y3M8,STARD13,1113,TKI,1111,1113,Q9Y3M8_1111,0,
620,P09430,TNP1,55,SHL,53,55,P09430_53,0,
621,Q99576,TSC22D3,134,SAV,132,134,Q99576_132,0,
622,Q7Z6K1,THAP5,395,TMI,393,395,Q7Z6K1_393,0,
623,Q96AQ2,TMEM125,219,SLI,217,219,Q96AQ2_217,0,
624,P0DKB5,TPBGL,382,SGL,380,382,P0DKB5_380,0,
625,Q9Y2L5,TRAPPC8,1435,SNV,1433,1435,Q9Y2L5_1433,0,
626,A2A3L6,TTC24,582,TIV,580,582,A2A3L6_580,0,
627,A0A0A6YYD4,TRBV13,124,SSL,122,124,A0A0A6YYD4_122,0,
628,A0A075B6N1,TRBV19,114,SSI,112,114,A0A075B6N1_112,0,
629,A0A0K0K1C4,TRBV27,114,SSL,112,114,A0A0K0K1C4_112,0,
630,O00322,UPK1A,258,TML,256,258,O00322_256,0,HIGH
631,Q2NL98,VMAC,169,TTV,167,169,Q2NL98_167,0,
632,A3KMH1,VWA8,1905,SSV,1903,1905,A3KMH1_1903,0,
633,Q6UY13,none,95,STL,93,95,Q6UY13_93,0,
634,A8MTW9,none,85,STL,83,85,A8MTW9_83,0,
635,Q9UDY2,TJP2,1190,TEL,1188,1190,Q9UDY2_1188,0,
636,O95049,TJP3,919,TDL,917,919,O95049_917,0,
637,Q86TX2,ACOT1,421,SKV,419,421,Q86TX2_419,0,
638,P49753,ACOT2,483,SKV,481,483,P49753_481,0,
639,Q3I5F7,ACOT6,207,SKI,205,207,Q3I5F7_205,0,
640,O14734,ACOT8,319,SKL,317,319,O14734_317,0,
641,Q92667,AKAP1,903,TSL,901,903,Q92667_901,0,
642,P25054,APC,2843,TSV,2841,2843,P25054_2841,1,
643,Q5H9R4,ARMCX4,2290,SKL,2288,2290,Q5H9R4_2288,0,
644,Q01814,ATP2B2,1243,TSL,1241,1243,Q01814_1241,1,
645,Q16720,ATP2B3,1220,TSL,1218,1220,Q16720_1218,0,
646,P23634,ATP2B4,1241,TSV,1239,1241,P23634_1239,1,
647,Q04656,ATP7A,1500,TAL,1498,1500,Q04656_1498,1,
648,Q9Y6Q1,CAPN6,641,TEL,639,641,Q9Y6Q1_639,0,
649,Q8IWF9,CCDC83,413,SFL,411,413,Q8IWF9_411,0,
650,P28907,CD38,300,SEI,298,300,P28907_298,0,
651,Q8IZ16,C7orf61,206,SPL,204,206,Q8IZ16_204,0,
652,Q96B33,CLDN23,292,SDL,290,292,Q96B33_290,0,HIGH
653,O14578,CIT,2027,SSV,2025,2027,O14578_2025,0,
654,A0A1B0GTR3,CXorf51A,108,SVL,106,108,A0A1B0GTR3_106,0,
655,P0DPH9,CXorf51B,108,SVL,106,108,P0DPH9_106,0,
656,P81605,DCD,110,SVL,108,110,P81605_108,0,
657,Q9BSY9,DESI2,194,TKL,192,194,Q9BSY9_192,0,
658,Q13822,ENPP2,863,SEI,861,863,Q13822_861,0,
659,O14638,ENPP3,875,TTI,873,875,O14638_873,0,
660,Q15303,ERBB4,1308,TVV,1306,1308,Q15303_1306,0,
661,O75015,FCGR3B,233,TNI,231,233,O75015_231,0,
662,Q8NAU1,FNDC5,212,SKI,210,212,Q8NAU1_210,0,
663,P50150,GNG4,75,TIL,73,75,P50150_73,0,
664,P63218,GNG5,68,SFL,66,68,P63218_66,0,
665,O95838,GLP2R,553,SEI,551,553,O95838_551,0,
666,Q7Z6J2,GRASP,395,SQL,393,395,Q7Z6J2_393,0,
667,Q9ULK0,GRID1,1009,TSI,1007,1009,Q9ULK0_1007,0,
668,O43424,GRID2,1007,TSI,1005,1007,O43424_1005,1,
669,P11169,SLC2A3,496,TNV,494,496,P11169_494,0,HIGH
670,Q00978,IRF9,393,SLV,391,393,Q00978_391,0,
671,Q08881,ITK,620,SGL,618,620,Q08881_618,0,
672,Q674X7,KAZN,775,TNV,773,775,Q674X7_773,0,
673,Q15418,RPS6KA1,735,TTL,733,735,Q15418_733,0,
674,Q15349,RPS6KA2,733,TRL,731,733,Q15349_731,0,
675,P51812,RPS6KA3,740,TAL,738,740,P51812_738,0,
676,Q9HBX8,LGR6,967,SHV,965,967,Q9HBX8_965,0,HIGH
677,Q86WA8,LONP2,852,SKL,850,852,Q86WA8_850,0,
678,Q9Y250,LZTS1,596,TEI,594,596,Q9Y250_594,0,
679,P33993,MCM7,719,TFV,717,719,P33993_717,0,
680,Q9H9K5,ERVMER34-1,563,SLL,561,563,Q9H9K5_561,0,
681,O43451,MGAM,1857,STL,1855,1857,O43451_1855,0,
682,Q8TD10,MIPOL1,442,TVI,440,442,Q8TD10_440,0,
683,Q96LB1,MRGPRX2,330,SLV,328,330,Q96LB1_328,0,
684,O15049,N4BP3,544,SKI,542,544,O15049_542,0,
685,Q8IY84,NIM1K,436,SIL,434,436,Q8IY84_434,0,
686,Q8NA29,MFSD2A,543,SIL,541,543,Q8NA29_541,0,
687,Q96QU1,PCDH15,1955,TSL,1953,1955,Q96QU1_1953,0,
688,P23219,PTGS1,599,TEL,597,599,P23219_597,0,
689,Q96I51,RCC1L,464,SFI,462,464,Q96I51_462,0,
690,Q17R89,ARHGAP44,818,TAL,816,818,Q17R89_816,0,
691,Q9NYV6,RRN3,651,SPL,649,651,Q9NYV6_649,0,
692,Q9BXP2,SLC12A9,914,TDL,912,914,Q9BXP2_912,0,
693,O95136,S1PR2,353,TVV,351,353,O95136_351,0,
694,P35499,SCN4A,1836,SLV,1834,1836,P35499_1834,0,
695,Q8IWT1,SCN4B,228,SKV,226,228,Q8IWT1_226,0,
696,Q14524,SCN5A,2016,SIV,2014,2016,Q14524_2014,1,
697,Q01118,SCN7A,1682,SQI,1680,1682,Q01118_1680,0,
698,P55000,SLURP1,103,SEL,101,103,P55000_101,0,
699,Q9NZC9,SMARCAL1,954,SPL,952,954,Q9NZC9_952,0,
700,Q9NUC0,SERTAD4,356,SKI,354,356,Q9NUC0_354,0,
701,P30874,SSTR2,369,TSI,367,369,P30874_367,0,
702,P32745,SSTR3,418,SYL,416,418,P32745_416,0,
703,P35346,SSTR5,364,SKL,362,364,P35346_362,0,
704,P50226,SULT1A2,295,SEL,293,295,P50226_293,0,
705,P0DMM9,SULT1A3,295,SEL,293,295,P0DMM9_293,0,
706,P0DMN0,SULT1A4,295,SEL,293,295,P0DMN0_293,0,
707,O43704,SULT1B1,296,TEI,294,296,O43704_294,0,
708,Q6IMI6,SULT1C3,304,TEI,302,304,Q6IMI6_302,0,
709,O75716,STK16,305,TQI,303,305,O75716_303,0,
710,Q9BXI6,TBC1D10A,508,TYL,506,508,Q9BXI6_506,0,
711,Q9H0W7,THAP2,228,TFI,226,228,Q9H0W7_226,0,
712,Q8NE00,TMEM104,496,TKL,494,496,Q8NE00_494,0,
713,Q6UXF1,TMEM108,575,SEI,573,575,Q6UXF1_573,0,
714,P08138,NGFR,427,SPV,425,427,P08138_425,0,HIGH
715,Q12933,TRAF2,501,TGL,499,501,Q12933_499,0,
716,A0A5B6,TRBV28,114,SSL,112,114,A0A5B6_112,0,
717,A0A578,TRBV5-1,114,SSL,112,114,A0A578_112,0,
718,A0A0C4DH59,TRBV5-4,114,SSL,112,114,A0A0C4DH59_112,0,
719,A0A597,TRBV5-5,114,SSL,112,114,A0A597_112,0,
720,A0A599,TRBV5-6,114,SSL,112,114,A0A599_112,0,
721,A0A5A2,TRBV5-8,114,SSL,112,114,A0A5A2_112,0,
722,Q8N6Y0,USHBP1,703,TFL,701,703,Q8N6Y0_701,0,
723,P32241,VIPR1,457,SLV,455,457,P32241_455,1,
724,P41587,VIPR2,438,SVI,436,438,P41587_436,0,
725,Q9H5J0,ZBTB3,574,TNI,572,574,Q9H5J0_572,0,
726,O15062,ZBTB5,677,TLL,675,677,O15062_675,0,
727,Q15916,ZBTB6,424,SLL,422,424,Q15916_422,0,
728,Q8IZN3,ZDHHC14,488,SSV,486,488,Q8IZN3_486,0,
729,Q9NRG9,AAAS,546,SHL,544,546,Q9NRG9_544,0,
730,O95477,ABCA1,2261,SYV,2259,2261,O95477_2259,1,
731,O94910,ADGRL1,1474,TSL,1472,1474,O94910_1472,0,
732,O95490,ADGRL2,1459,TSL,1457,1459,O95490_1457,0,
733,Q9HAR2,ADGRL3,1447,TSL,1445,1447,Q9HAR2_1445,0,
734,P19961,AMY2B,511,SKL,509,511,P19961_509,0,
735,Q03989,ARID5A,594,TKL,592,594,Q03989_592,0,
736,Q14865,ARID5B,1188,TKL,1186,1188,Q14865_1186,0,
737,Q9Y6H3,ATP23,246,SNI,244,246,Q9Y6H3_244,0,
738,Q9NRL2,BAZ1A,1556,SRI,1554,1556,Q9NRL2_1554,0,
739,Q05682,CALD1,793,TKV,791,793,Q05682_791,0,
740,Q96S95,CAMK2N2,79,SGV,77,79,Q96S95_77,0,
741,O75503,CLN5,358,SGL,356,358,O75503_356,0,
742,Q8WXI2,CNKSR2,1034,THV,1032,1034,Q8WXI2_1032,0,
743,Q96F85,CNRIP1,164,SFL,162,164,Q96F85_162,0,
744,Q8IUR6,CREBRF,639,SKV,637,639,Q8IUR6_637,0,
745,O95727,CRTAM,393,SIV,391,393,O95727_391,0,
746,Q5J5C9,DEFB121,76,SAV,74,76,Q5J5C9_74,0,
747,Q96GG9,DCUN1D1,259,TTV,257,259,Q96GG9_257,0,
748,Q9BTE1,DCTN5,182,TQV,180,182,Q9BTE1_180,0,
749,Q9Y6W6,DUSP10,482,TVV,480,482,Q9Y6W6_480,0,
750,Q9BXX0,EMILIN2,1053,SHL,1051,1053,Q9BXX0_1051,0,
751,P57679,EVC,992,SNL,990,992,P57679_990,0,
752,Q5T036,FAM120AOS,256,SPI,254,256,Q5T036_254,0,
753,Q9NPI8,FANCF,374,SSV,372,374,Q9NPI8_372,0,
754,Q8IYD8,FANCM,2048,SDI,2046,2048,Q8IYD8_2046,0,
755,Q6ZNL6,FGD5,1462,SVL,1460,1462,Q6ZNL6_1460,0,
756,Q6ZV73,FGD6,1430,TIL,1428,1430,Q6ZV73_1428,0,
757,Q86XX4,FRAS1,4008,TEV,4006,4008,Q86XX4_4006,1,
758,O75474,FRAT2,233,SLL,231,233,O75474_231,0,
759,Q9Y2L6,FRMD4B,1034,TLV,1032,1034,Q9Y2L6_1032,0,
760,Q13467,FZD5,585,SHV,583,585,Q13467_583,0,
761,O75084,FZD7,574,TAV,572,574,O75084_572,0,
762,Q9H461,FZD8,694,SQV,692,694,Q9H461_692,0,
763,O95395,GCNT3,438,TEL,436,438,O95395_436,0,
764,P33402,GUCY1A2,732,TSL,730,732,P33402_730,0,
765,Q8IZ08,GPR135,494,TSL,492,494,Q8IZ08_492,0,HIGH
766,Q6MZN7,HCP5,132,TLL,130,132,Q6MZN7_130,0,
767,O60760,HPGDS,199,TKL,197,199,O60760_197,0,
768,Q86XA9,HEATR5A,2040,SFL,2038,2040,Q86XA9_2038,0,
769,Q3KP66,INAVA,663,SQV,661,663,Q3KP66_661,0,
770,P78411,IRX5,483,SDI,481,483,P78411_481,0,
771,Q15040,JOSD1,202,TDV,200,202,Q15040_200,0,
772,Q9Y6H6,KCNE3,103,SMI,101,103,Q9Y6H6_101,0,
773,Q92806,KCNJ9,393,SKV,391,393,Q92806_391,1,
774,O14649,KCNK3,394,SSV,392,394,O14649_392,0,
775,Q6PEX3,KRTAP26-1,210,SGL,208,210,Q6PEX3_208,0,
776,Q8NCW0,KREMEN2,462,SAL,460,462,Q8NCW0_460,0,
777,Q569H4,PRR16,304,TTV,302,304,Q569H4_302,0,
778,Q9UPQ0,LIMCH1,1083,TTL,1081,1083,Q9UPQ0_1081,0,
779,Q92633,LPAR1,364,SVV,362,364,Q92633_362,0,
780,Q9HBW0,LPAR2,351,STL,349,351,Q9HBW0_349,0,
781,Q9H1C0,LPAR5,372,SAL,370,372,Q9H1C0_370,0,HIGH
782,Q9NT99,LRRC4B,713,TQI,711,713,Q9NT99_711,0,
783,Q9HCJ2,LRRC4C,640,TQI,638,640,Q9HCJ2_638,0,
784,Q86UD3,MARCHF3,253,TVV,251,253,Q86UD3_251,0,
785,Q9P2E8,MARCHF4,410,TTV,408,410,Q9P2E8_408,0,
786,Q13613,MTMR1,665,TSV,663,665,Q13613_663,0,
787,Q13614,MTMR2,643,TVV,641,643,Q13614_641,0,
788,A6PVI3,NCBP2L,153,TQI,151,153,A6PVI3_151,0,
789,P51843,NR0B1,470,TKI,468,470,P51843_468,0,LOW
790,Q92823,NRCAM,1304,SFV,1302,1304,Q92823_1302,0,
791,Q8NFH4,NUP37,326,TEV,324,326,Q8NFH4_324,0,
792,Q6IF99,OR10K2,312,SLL,310,312,Q6IF99_310,0,
793,Q9H205,OR2AG1,316,STL,314,316,Q9H205_314,0,
794,A6NM03,OR2AG2,316,STL,314,316,A6NM03_314,0,HIGH
795,Q99487,PAFAH2,392,SSL,390,392,Q99487_390,0,
796,Q86TG7,PEG10,708,STL,706,708,Q86TG7_706,0,
797,P35354,PTGS2,604,TEL,602,604,P35354_602,0,
798,Q9NWQ8,PAG1,432,TRL,430,432,Q9NWQ8_430,0,
799,O94827,PLEKHG5,1062,SEV,1060,1062,O94827_1060,0,
800,Q99569,PKP4,1192,SWV,1190,1192,Q99569_1190,0,
801,Q9NP80,PNPLA8,782,SKL,780,782,Q9NP80_780,0,
802,Q9ULL4,PLXNB3,1909,TDL,1907,1909,Q9ULL4_1907,0,
803,H3BUK9,POTEB2,544,TSI,542,544,H3BUK9_542,0,
804,A0JP26,POTEB3,581,TSI,579,581,A0JP26_579,0,
805,Q9NTX7,RNF146,359,TEV,357,359,Q9NTX7_357,0,
806,Q9NVW2,RLIM,624,SVV,622,624,Q9NVW2_622,0,
807,Q9Y4G8,RAPGEF2,1499,SAV,1497,1499,Q9Y4G8_1497,0,
808,P82930,MRPS34,218,TPV,216,218,P82930_216,0,
809,P47872,SCTR,440,SII,438,440,P47872_438,0,
810,Q8TF72,SHROOM3,1996,SPL,1994,1996,Q8TF72_1994,0,
811,A0A1B0GW64,SMIM33,132,TCL,130,132,A0A1B0GW64_130,0,
812,A0A1B0GVT2,SMIM36,93,TMV,91,93,A0A1B0GVT2_91,0,
813,Q6GMV2,SMYD5,418,TDV,416,418,Q6GMV2_416,0,
814,P46721,SLCO1A2,670,TKL,668,670,P46721_668,1,
815,Q9NYB5,SLCO1C1,712,TQL,710,712,Q9NYB5_710,0,
816,Q5JTZ9,AARS2,985,SQL,983,985,Q5JTZ9_983,0,LOW
817,Q16563,SYPL1,259,TGI,257,259,Q16563_257,0,
818,A6NKL6,TMEM200C,621,TGI,619,621,A6NKL6_619,0,
819,Q13888,GTF2H2,395,SGV,393,395,Q13888_393,0,
820,O43763,TLX2,284,SVV,282,284,O43763_282,0,
821,Q3KNT9,TMEM95,176,SGL,174,176,Q3KNT9_174,0,
822,Q9Y2Y6,TMEM98,226,SAI,224,226,Q9Y2Y6_224,0,
823,Q8N2C7,UNC80,3258,SHV,3256,3258,Q8N2C7_3256,0,
824,P17029,ZKSCAN1,563,SCV,561,563,P17029_561,0,
825,Q9Y2L8,ZKSCAN5,839,SLL,837,839,Q9Y2L8_837,0,
826,Q5JVG2,ZNF484,852,SSI,850,852,Q5JVG2_850,0,
827,Q96NL3,ZNF599,588,TRV,586,588,Q96NL3_586,0,
828,Q6PG37,ZNF790,636,SLL,634,636,Q6PG37_634,0,
829,Q5CZA5,ZNF805,627,SSL,625,627,Q5CZA5_625,0,
830,O95336,PGLS,258,STL,256,258,O95336_256,0,
831,Q8IZY2,ABCA7,2146,TVL,2144,2146,Q8IZY2_2144,0,
832,Q15018,ABRAXAS2,415,SQI,413,415,Q15018_413,0,
833,Q12979,ABR,859,TDV,857,859,Q12979_857,0,
834,P25100,ADRA1D,572,TDI,570,572,P25100_570,0,
835,Q9P0K1,ADAM22,906,TSI,904,906,Q9P0K1_904,1,
836,P04745,AMY1C,511,SKL,509,511,P04745_509,0,
837,Q9ULJ7,ANKRD50,1429,TPL,1427,1429,Q9ULJ7_1427,0,
838,P55087,AQP4,323,SSV,321,323,P55087_321,0,
839,O00192,ARVCF,962,SWV,960,962,O00192_960,1,
840,Q9UHC3,ASIC3,531,TQL,529,531,Q9UHC3_529,1,
841,Q8TE57,ADAMTS16,1224,SNL,1222,1224,Q8TE57_1222,0,
842,Q10588,BST1,318,TQL,316,318,Q10588_316,0,
843,A6QL63,BTBD11,1104,SVV,1102,1104,A6QL63_1102,0,
844,Q6UWJ8,CD164L2,174,TLI,172,174,Q6UWJ8_172,0,
845,Q13936,CACNA1C,2221,SSL,2219,2221,Q13936_2219,1,
846,Q01668,CACNA1D,2161,TTL,2159,2161,Q01668_2159,1,
847,Q8NEL0,CCDC54,328,TRL,326,328,Q8NEL0_326,0,LOW
848,Q49A92,C8orf34,538,SGL,536,538,Q49A92_536,0,
849,Q96A22,C11orf52,123,TLV,121,123,Q96A22_121,0,
850,P09543,CNP,421,TII,419,421,P09543_419,0,
851,Q9UQB3,CTNND2,1225,SWV,1223,1225,Q9UQB3_1223,1,
852,Q9NYF0,DACT1,836,TTV,834,836,Q9NYF0_834,0,
853,Q5SW24,DACT2,774,TMV,772,774,Q5SW24_772,0,
854,Q96B18,DACT3,629,TTV,627,629,Q96B18_627,0,
855,Q5D0E6,DALRD3,543,SHI,541,543,Q5D0E6_541,0,
856,P27707,DCK,260,STL,258,260,P27707_258,0,
857,Q9BTZ2,DHRS4,278,SRL,276,278,Q9BTZ2_276,0,
858,Q8N1I0,DOCK4,1966,SQL,1964,1966,Q8N1I0_1964,0,
859,O60469,DSCAM,2012,TLV,2010,2012,O60469_2010,1,
860,Q8TD84,DSCAML1,2053,TLV,2051,2053,Q8TD84_2051,1,
861,Q9HCM4,EPB41L5,733,TEL,731,733,Q9HCM4_731,0,
862,Q9H329,EPB41L4B,900,TEL,898,900,Q9H329_898,0,
863,Q8TC76,FAM110B,370,SHV,368,370,Q8TC76_368,0,
864,Q8TAY7,FAM110D,271,SEV,269,271,Q8TAY7_269,0,
865,Q8NB91,FANCB,859,SNL,857,859,Q8NB91_857,0,
866,Q00597,FANCC,558,TQV,556,558,Q00597_556,0,
867,Q5TD97,FHL5,284,TDI,282,284,Q5TD97_282,0,
868,Q9Y5Y0,FLVCR1,555,SAI,553,555,Q9Y5Y0_553,0,HIGH
869,Q9UI32,GLS2,602,SMV,600,602,Q9UI32_600,0,
870,Q9BYW1,SLC2A11,496,TEL,494,496,Q9BYW1_494,0,
871,Q8TDB8,SLC2A14,520,TNV,518,520,Q8TDB8_518,0,
872,P11166,SLC2A1,492,SQV,490,492,P11166_490,1,
873,O60741,HCN1,890,SNL,888,890,O60741_888,0,
874,Q9UL51,HCN2,889,SNL,887,889,Q9UL51_887,0,
875,Q9Y3Q4,HCN4,1203,SNL,1201,1203,Q9Y3Q4_1201,0,
876,Q8WVV9,HNRNPLL,542,SHL,540,542,Q8WVV9_540,0,
877,P52790,HK3,923,TRV,921,923,P52790_921,0,
878,Q9NSI5,IGSF5,407,TVV,405,407,Q9NSI5_405,0,
879,Q1MX18,INSC,579,SFV,577,579,Q1MX18_577,0,
880,Q9H0H0,INTS2,1204,SGI,1202,1204,Q9H0H0_1202,0,
881,P63252,KCNJ2,427,SEI,425,427,P63252_425,0,
882,Q5JUK3,KCNT1,1230,TQL,1228,1230,Q5JUK3_1228,0,
883,Q6UVM3,KCNT2,1135,TQL,1133,1135,Q6UVM3_1133,0,
884,Q8TD94,KLF14,323,TCL,321,323,Q8TD94_321,0,LOW
885,P17252,PRKCA,672,SAV,670,672,P17252_670,0,
886,Q9UK32,RPS6KA6,745,TGL,743,745,Q9UK32_743,0,
887,P07942,LAMB1,1786,TCL,1784,1786,P07942_1784,0,
888,Q93052,LPP,612,TDL,610,612,Q93052_610,0,
889,Q96PB8,LRRC3B,259,TVV,257,259,Q96PB8_257,0,
890,Q96II8,LRCH3,777,SAV,775,777,Q96II8_775,0,
891,O75121,MFAP3L,409,SHV,407,409,O75121_407,0,
892,Q7L1V2,MON1B,547,TGL,545,547,Q7L1V2_545,0,
893,Q8NGC4,OR10G3,313,SEV,311,313,Q8NGC4_311,0,
894,O95221,OR5F1,314,SFL,312,314,O95221_312,0,
895,Q8NGV6,OR5H6,325,SNV,323,325,Q8NGV6_323,0,HIGH
896,O43612,HCRT,131,SGI,129,131,O43612_129,0,
897,P55771,PAX9,341,SAL,339,341,P55771_339,0,
898,Q9UHG3,PCYOX1,505,TEL,503,505,Q9UHG3_503,0,
899,Q8NBM8,PCYOX1L,494,TEL,492,494,Q8NBM8_492,0,
900,Q9NR12,PDLIM7,457,SHV,455,457,Q9NR12_455,0,
901,Q8NBL1,POGLUT1,392,TEL,390,392,Q8NBL1_390,0,
902,Q8N4Q0,ZADH2,377,SKL,375,377,Q8N4Q0_375,0,
903,Q9UPQ7,PDZRN3,1066,TTV,1064,1066,Q9UPQ7_1064,0,
904,Q6ZMN7,PDZRN4,1036,TTV,1034,1036,Q6ZMN7_1034,0,
905,Q15311,RALBP1,655,TSI,653,655,Q15311_653,0,
906,Q6BDI9,REP15,236,SIL,234,236,Q6BDI9_234,0,
907,Q96D71,REPS1,796,SHL,794,796,Q96D71_794,0,
908,Q8NFH8,REPS2,660,TVL,658,660,Q8NFH8_658,0,
909,Q9UDX4,SEC14L3,400,TPV,398,400,Q9UDX4_398,0,
910,Q16348,SLC15A2,729,TKL,727,729,Q16348_727,0,
911,Q9BXS9,SLC26A6,759,TRL,757,759,Q9BXS9_757,0,
912,Q8TE54,SLC26A7,656,SEV,654,656,Q8TE54_654,0,
913,P48065,SLC6A12,614,THL,612,614,P48065_612,0,
914,Q9H2J7,SLC6A15,730,SDL,728,730,Q9H2J7_728,0,
915,Q9H1V8,SLC6A17,727,SEL,725,727,Q9H1V8_725,0,
916,Q7Z5N4,SDK1,2213,SFV,2211,2213,Q7Z5N4_2211,0,
917,Q58EX2,SDK2,2172,SFV,2170,2172,Q58EX2_2170,0,
918,Q9C0C4,SEMA4C,833,SSV,831,833,Q9C0C4_831,0,
919,O95754,SEMA4F,770,TSI,768,770,O95754_768,0,
920,Q9NTN9,SEMA4G,838,SSV,836,838,Q9NTN9_836,0,
921,Q9H156,SLITRK2,845,SQL,843,845,Q9H156_843,0,
922,Q9UPU9,SAMD4A,718,STI,716,718,Q9UPU9_716,0,
923,Q5PRF9,SAMD4B,694,STI,692,694,Q5PRF9_692,0,
924,O94956,SLCO2B1,709,SRV,707,709,O94956_707,0,
925,Q9UIG8,SLCO3A1,710,SVL,708,710,Q9UIG8_708,0,
926,Q96BD0,SLCO4A1,722,SSV,720,722,Q96BD0_720,0,HIGH
927,Q86UG4,SLCO6A1,719,TDL,717,719,Q86UG4_717,0,
928,P30872,SSTR1,391,TTL,389,391,P30872_389,1,
929,Q92502,STARD8,1023,TKL,1021,1023,Q92502_1021,0,
930,Q6J9G0,STYK1,422,SML,420,422,Q6J9G0_420,0,
931,Q6UWL2,SUSD1,747,SAV,745,747,Q6UWL2_745,0,
932,O95926,SYF2,243,TAV,241,243,O95926_241,0,
933,Q8IW70,TMEM151B,566,TSL,564,566,Q8IW70_564,0,
934,Q8N103,TAGAP,731,SYI,729,731,Q8N103_729,0,
935,Q7RTY8,TMPRSS7,843,SLL,841,843,Q7RTY8_841,0,
936,O00300,TNFRSF11B,401,SCL,399,401,O00300_399,0,
937,Q8N9V2,TRIML1,468,SHV,466,468,Q8N9V2_466,0,
938,Q86TZ1,TTC6,520,SVI,518,520,Q86TZ1_518,0,
939,Q6IV72,ZNF425,752,SSL,750,752,Q6IV72_750,0,LOW
940,Q8WXG9,ADGRV1,6306,THL,6304,6306,Q8WXG9_6304,0,
941,Q16671,AMHR2,573,SPV,571,573,Q16671_571,0,
942,Q8N8V4,ANKS4B,417,TSL,415,417,Q8N8V4_415,0,
943,A5YM69,ARHGEF35,484,SVL,482,484,A5YM69_482,0,
944,Q9ULI0,ATAD2B,1458,TFL,1456,1458,Q9ULI0_1456,0,
945,Q86Y28,BAGE4,39,TAL,37,39,Q86Y28_37,0,
946,A2AJT9,BCLAF3,711,TGI,709,711,A2AJT9_709,0,
947,Q8NA61,CBY2,448,SRV,446,448,Q8NA61_446,0,
948,Q5VVM6,CCDC30,783,SEL,781,783,Q5VVM6_781,0,
949,O15444,CCL25,150,SGL,148,150,O15444_148,0,
950,Q96JQ2,CLMN,1002,SRL,1000,1002,Q96JQ2_1000,0,
951,Q9NS75,CYSLTR2,346,TRV,344,346,Q9NS75_344,0,
952,Q9UBI1,COMMD3,195,TQL,193,195,Q9UBI1_193,0,
953,P53618,COPB1,953,TSI,951,953,P53618_951,0,
954,Q30KQ4,DEFB116,102,SHI,100,102,Q30KQ4_100,0,
955,O14490,DLGAP1,977,TRL,975,977,O14490_975,0,
956,Q9P1A6,DLGAP2,1054,TRL,1052,1054,Q9P1A6_1052,0,
957,O95886,DLGAP3,979,TRL,977,979,O95886_977,0,
958,Q9Y2H0,DLGAP4,992,TRL,990,992,Q9Y2H0_990,0,
959,Q13011,ECH1,328,SKL,326,328,Q13011_326,0,
960,O60447,EVI5,810,TTV,808,810,O60447_808,0,
961,Q7L8L6,FASTKD5,764,SAL,762,764,Q7L8L6_762,0,
962,Q14517,FAT1,4588,TEV,4586,4588,Q14517_4586,0,
963,Q8TDW7,FAT3,4557,TQV,4555,4557,Q8TDW7_4555,0,
964,P47211,GALR1,349,THV,347,349,P47211_347,0,
965,Q9P2W3,GNG13,67,TIL,65,67,Q9P2W3_65,1,
966,Q8N6F7,GCSAM,178,SHL,176,178,Q8N6F7_176,0,
967,P55040,GEM,296,SVL,294,296,P55040_294,0,
968,P47775,GPR12,334,SDV,332,334,P47775_332,0,
969,Q13304,GPR17,367,SEL,365,367,Q13304_365,0,
970,Q9UJM8,HAO1,370,SKI,368,370,Q9UJM8_368,0,
971,Q9NYQ3,HAO2,351,SRL,349,351,Q9NYQ3_349,0,
972,Q86Z02,HIPK1,1210,SYL,1208,1210,Q86Z02_1208,0,
973,O43365,HOXA3,443,THL,441,443,O43365_441,0,
974,Q00056,HOXA4,320,SSI,318,320,Q00056_318,0,
975,Q96CN7,ISOC1,298,SKV,296,298,Q96CN7_296,0,
976,Q92628,KIAA0232,1395,THL,1393,1395,Q92628_1393,0,
977,P17658,KCNA6,529,TEV,527,529,P17658_527,0,
978,Q96RP8,KCNA7,456,TEV,454,456,Q96RP8_454,0,
979,A8MZ59,LEUTX,168,SSV,166,168,A8MZ59_166,0,
980,Q86W92,PPFIBP1,1011,SNV,1009,1011,Q86W92_1009,0,
981,Q9HBW1,LRRC4,653,TQI,651,653,Q9HBW1_651,0,
982,Q6ZRR7,LRRC9,1453,SPV,1451,1453,Q6ZRR7_1451,0,
983,P55145,MANF,182,TDL,180,182,P55145_180,0,
984,P21941,MATN1,496,TVV,494,496,P21941_494,0,
985,O15439,ABCC4,1325,TAL,1323,1325,O15439_1323,0,
986,Q6P444,MTFR2,385,SRI,383,385,Q6P444_383,0,
987,Q12965,MYO1E,1108,TKI,1106,1108,Q12965_1106,0,
988,Q06495,SLC34A1,639,TRL,637,639,Q06495_637,0,HIGH
989,O95436,SLC34A2,690,TAL,688,690,O95436_688,1,
990,O00476,SLC17A3,420,TRL,418,420,O00476_418,0,
991,Q2M2E3,ODF4,257,THV,255,257,Q2M2E3_255,0,
992,O75747,PIK3C2G,1445,SII,1443,1445,O75747_1443,0,
993,Q8N6Y1,PCDH20,951,SNI,949,951,Q8N6Y1_949,0,
994,Q9NZ53,PODXL2,605,THL,603,605,Q9NZ53_603,0,
995,Q9BZM1,PLA2G12A,189,TDL,187,189,Q9BZM1_187,0,
996,P30044,PRDX5,214,SQL,212,214,P30044_212,0,
997,A1L453,PRSS38,326,SVL,324,326,A1L453_324,0,
998,Q14761,PTPRCAP,206,TAL,204,206,Q14761_204,0,
999,P55042,RRAD,308,SVL,306,308,P55042_306,0,
1000,P48380,RFX3,749,TAV,747,749,P48380_747,0,
1001,O75792,RNASEH2A,299,TSL,297,299,O75792_297,0,LOW
1002,Q9BPW5,RASL11B,248,TSV,246,248,Q9BPW5_246,0,
1003,O75751,SLC22A3,556,SHL,554,556,O75751_554,0,
1004,Q8N695,SLC5A8,610,TRL,608,610,Q8N695_608,1,
1005,Q11203,ST3GAL3,375,SGI,373,375,Q11203_373,0,
1006,Q68CJ6,NUGGC,796,TSL,794,796,Q68CJ6_794,0,
1007,Q08AE8,SPIRE1,756,SEI,754,756,Q08AE8_754,0,
1008,G2XKQ0,SUMO1P1,101,STV,99,101,G2XKQ0_99,0,
1009,A7MCY6,TBKBP1,615,SKI,613,615,A7MCY6_613,0,
1010,O00206,TLR4,839,TSI,837,839,O00206_837,0,
1011,Q9BRR3,TMEM246,403,SLL,401,403,Q9BRR3_401,0,
1012,Q7Z5M5,TMC3,1100,SDV,1098,1100,Q7Z5M5_1098,0,HIGH
1013,Q9BXS4,TMEM59,323,SEI,321,323,Q9BXS4_321,0,
1014,Q96KB5,PBK,322,TDV,320,322,Q96KB5_320,0,
1015,O15016,TRIM66,1216,SQV,1214,1216,O15016_1214,0,
1016,Q2T9J0,TYSND1,566,SKL,564,566,Q2T9J0_564,0,
1017,Q96GT9,XAGE2,111,SQV,109,111,Q96GT9_109,0,
1018,Q96FA7,ZBED6CL,236,SLL,234,236,Q96FA7_234,0,
1019,O96006,ZBED1,694,SFL,692,694,O96006_692,0,
1020,Q9BS86,ZPBP,351,TCL,349,351,Q9BS86_349,0,
1021,Q9UK55,SERPINA10,444,TLL,442,444,Q9UK55_442,0,
