,ID,MotifPosition,Benign,VarID
0,P35609,892,Asp2Asn,rs142646143
1,Q6PEX7,204,Ser1Thr,rs77202675
2,Q96PP9,638,Arg2Cys,rs199765361
3,Q6TDP4,640,Thr1Pro,rs188543688
4,P17655,698,Ser1Leu,rs148122411
5,Q9HBX8,965,Val3Met,rs139983211
6,Q9Y5Y0,553,Ser1Ala,rs149887215
7,Q9BTF0,501,Ser1Pro,rs139525605
8,P98066,275,His2Pro,rs749216110
9,Q53R41,845,Ser1Pro,rs151034735
10,Q08426,721,Ser1Gly,rs138945273
11,Q9HD33,248,Val3Ile,rs762650586
12,Q9NR81,524,Val3Ile,rs148484521
13,Q8NEL0,326,Arg2Gln,rs112641427
14,Q8NGV6,323,Asn2Ser,rs142210756
15,Q6ZTZ1,276,Val3Ile,rs369787044
16,Q96BN8,350,Ser2Asn,rs201549255
17,P43250,574,Thr1Pro,rs763634515
18,Q92608,1828,Thr1Met,rs202005409
19,P52790,921,Arg2His,rs150401292
20,Q06495,637,Thr1Pro,rs765751876
21,Q9BZJ6,417,Val2Met,rs372859048
22,Q6ZPB5,144,Ile3Val,rs6456029
23,Q587J8,215,Arg2Gly,rs143606304
24,Q5SSQ6,146,Arg2His,rs28399994
25,Q5T6X5,924,Ser1Leu,rs41290852
26,Q14916,465,Arg2Cys,rs112164493
27,Q5JTZ9,983,Gln2His,rs760967545
28,Q99527,373,Ser1Arg,rs138657567
29,Q53GI3,559,Arg2His,rs61737535
30,Q9UHC3,529,Thr1Ser,rs144198212
31,Q8TD94,321,Thr1Pro,rs782166755
32,Q6IV72,750,Ser1Pro,rs199691259
33,Q96B33,290,Ser1Tyr,rs543033189
34,Q68D42,233,Val3Ala,rs201457968
35,Q5SYB0,1576,Thr1Met,rs199579506
36,Q9H5J0,572,Ile3Met,rs544641
37,A6NM03,314,Thr2Met,rs770253140
38,P14920,345,Ser1Phe,rs143732132
39,Q8IVL0,2383,Leu3Pro,rs202141197
40,Q99645,320,Val3Leu,rs138373628
41,O60669,476,Asn2Lys,rs141130331
42,P11169,494,Val3Ile,rs142462576
43,Q9H1C0,370,Ala2Thr,rs141662153
44,P46721,668,Thr1Ser,rs11568557
45,Q8N695,608,Arg2Cys,rs113062899
46,Q7L211,335,Ile2Val,rs565789480
47,Q9ULM0,1362,Thr1Met,rs201241121
48,Q5GAN3,154,Ser1Leu,rs200219413
49,Q13268,278,Arg2Gln,rs149958507
50,Q9H4E5,212,Ile2Val,rs111236794
51,Q8IYD8,2046,Asp2Asn,rs192079020
52,Q8IZ08,492,Leu3Pro,rs199739031
53,Q8IZ08,492,Thr1Pro,rs746372848
54,A6NEF3,572,Thr1Ile,rs765699317
55,P09493,282,Thr1Ser,rs397516395
56,Q6DN12,876,Ala2Thr,rs34193492
57,Q7Z5M5,1098,Asp2Asn,rs4417518
58,O95822,491,Ser1Ile,rs751002859
59,Q6PEW0,393,Ser2Asn,rs150859891
60,Q15046,595,Thr1Ser,rs6834
61,Q6ZVD8,1321,Thr1Ile,rs201141453
62,P08138,425,Pro2Leu,rs574245308
63,Q3KNT9,174,Gly2Ala,rs151338944
64,Q3KNT9,174,Leu3Phe,rs201262789
65,Q9BXX0,1051,Leu3Phe,rs116171748
66,P48960,833,Gly2Ser,rs143619017
67,P20809,197,Arg2Trp,rs766720309
68,P36507,398,Val3Met,rs533247725
69,O00322,256,Met2Thr,rs2285421
70,O00322,256,Leu3Pro,rs562480523
71,O75792,297,Thr1Pro,rs775006544
72,Q9NQ66,1214,Pro2Ser,rs138077430
73,Q15147,1173,Val2Ala,rs777422158
74,Q96BD0,720,Val3Ile,rs148051101
75,A8MWP4,226,Val3Leu,rs561328390
76,A8MWP4,226,Val3Ile,rs561328390
77,P24347,486,Thr1Pro,rs776825461
78,Q96G42,592,Leu3Pro,rs141222336
79,P11274,1269,Glu2Asp,rs201098494
80,P30046,116,Leu3Phe,rs557754092
81,P51843,468,Ile3Met,rs151317312
