,UniProtID,Gene,Protein_length,Motif,Start,End,ID_motif,ELM_Positives
0,B1APH4,ZNF487,448,FYQNPNFTKC,389,399,B1APH4_389,0
1,Q8IYP9,ZDHHC23,409,AKKNPGYLSN,188,198,Q8IYP9_188,0
2,Q68DK2,ZFYVE26,2539,LSSNPLFMLE,1674,1684,Q68DK2_1674,0
3,Q9ULM3,YEATS2,1422,LEKNPRFHHL,1209,1219,Q9ULM3_1209,0
4,O60315,ZEB2,1214,KSTNPVFSMN,878,888,O60315_878,0
5,Q9H7M9,VSIR,311,GIENPGFEAS,239,249,Q9H7M9_239,0
6,Q6UXN9,WDR82,313,LQFNPKFMTF,288,298,Q6UXN9_288,0
7,Q07157,TJP1,1748,GRDNPHFQSG,41,51,Q07157_41,0
8,Q6PML9,SLC30A9,568,ITGNPLYDSL,416,426,Q6PML9_416,0
9,Q9HCX4,TRPC7,862,AKYNPAFTTV,607,617,Q9HCX4_607,0
10,Q9H869,YY1AP1,796,HQYNPKFQTL,218,228,Q9H869_218,0
11,Q8NHE4,ATP6V0E2,81,AQLNPLFGPQ,58,68,Q8NHE4_58,0
12,Q96S55,WRNIP1,665,TTENPSFQVN,356,366,Q96S55_356,0
13,Q96S55,WRNIP1,665,YKYNPMYSEP,635,645,Q96S55_635,0
14,Q9NYH9,UTP6,597,DVENPDYSEE,206,216,Q9NYH9_206,0
15,O75083,WDR1,606,SIDNPGYEPE,440,450,O75083_440,0
16,Q9H0M0,WWP1,922,EVLNPMYCLF,622,632,Q9H0M0_622,0
17,O60281,ZNF292,2723,NSSNPFFTSQ,1162,1172,O60281_1162,0
18,Q9NQH7,XPNPEP3,507,VLSNPTYYMS,99,109,Q9NQH7_99,0
19,Q9Y4G6,TLN2,2542,FASNPEFVSI,1577,1587,Q9Y4G6_1577,0
20,Q9UMX0,UBQLN1,589,MLNNPLFAGN,418,428,Q9UMX0_418,0
21,Q969Q5,RAB24,203,QKPNPYFYSC,191,201,Q969Q5_191,0
22,P51531,SMARCA2,1590,LEMNPGYEVA,621,631,P51531_621,0
23,Q9BX66,SORBS1,1292,PEENPYFPTY,410,420,Q9BX66_410,0
24,Q9NUQ6,SPATS2L,558,RRFNPQYHNN,435,445,Q9NUQ6_435,0
25,Q9P2J5,LARS1,1176,TDVNPYYDSF,208,218,Q9P2J5_208,0
26,Q5TEJ8,THEMIS2,643,REENPEFTSL,359,369,Q5TEJ8_359,0
27,Q7Z6K3,PTAR1,402,LLLNPDFTTA,95,105,Q7Z6K3_95,0
28,Q9Y3D9,MRPS23,190,DLFNPNFKST,86,96,Q9Y3D9_86,0
29,Q13183,SLC13A2,592,GSNNPTFELQ,171,181,Q13183_171,0
30,Q9P0U3,SENP1,644,AAYNPSYYSD,65,75,Q9P0U3_65,0
31,P05060,CHGB,677,ELFNPYYDPL,520,530,P05060_520,0
32,Q6P3W7,SCYL2,929,CLPNPEYLAP,226,236,Q6P3W7_226,0
33,Q6P3W7,SCYL2,929,MQGNPFFNPQ,896,906,Q6P3W7_896,0
34,O75326,SEMA7A,666,VMQNPQFIKA,218,228,O75326_218,0
35,Q96EQ0,SGTB,304,LINNPAFISM,218,228,Q96EQ0_218,0
36,Q9NPD5,SLCO1B3,702,ILTNPLYVIF,332,342,Q9NPD5_332,0
37,Q9NYB5,SLCO1C1,712,LFGNPVYFLY,349,359,Q9NYB5_349,0
38,Q92922,SMARCC1,1105,HVTNPAFTKL,95,105,Q92922_95,0
39,A0A1B0GUW6,SPEM3,1196,SPQNPEYSRK,465,475,A0A1B0GUW6_465,0
40,O43295,SRGAP3,1099,GLENPLFPKE,586,596,O43295_586,0
41,Q9P2K2,TXNDC16,825,GTVNPQYKKA,639,649,Q9P2K2_639,0
42,Q9NSD9,FARSB,589,YNKNPGFEII,502,512,Q9NSD9_502,0
43,Q12816,TRO,1431,PITNPGFGGA,1093,1103,Q12816_1093,0
44,Q9Y490,TLN1,2541,FASNPEFSSI,1575,1585,Q9Y490_1575,0
45,Q8NET8,TRPV3,790,AFFNPKYQHE,248,258,Q8NET8_248,0
46,Q96GC9,VMP1,406,SIPNPLFDLA,265,275,Q96GC9_265,0
47,Q13416,ORC2,577,NQDNPSYIGL,502,512,Q13416_502,0
48,Q9BZF1,OSBPL8,889,LEENPYFRLK,454,464,Q9BZF1_454,0
49,P57721,PCBP3,371,GQTNPAFPGE,258,268,P57721_258,0
50,P35913,PDE6B,854,LDQNPDFARQ,12,22,P35913_12,0
51,P51160,PDE6C,858,LEENPQFAKE,13,23,P51160_13,0
52,Q9Y263,PLAA,795,NDLNPMFLDQ,437,447,Q9Y263_437,0
53,Q9Y263,PLAA,795,GLGNPSFSDP,461,471,Q9Y263_461,0
54,Q9UM63,PLAGL1,463,QKLNPGFDLA,343,353,Q9UM63_343,0
55,Q8IY26,PLPP6,295,MDLNPSFLGI,92,102,Q8IY26_92,0
56,O60486,PLXNC1,1568,ILKNPQFVFD,1422,1432,O60486_1422,0
57,O14495,PLPP3,311,SVCNPDFSQI,160,170,O14495_160,0
58,P01833,PIGR,764,GYVNPNYTGR,181,191,P01833_181,0
59,Q04864,REL,619,VVSNPIYDNR,170,180,Q04864_170,0
60,Q3MIN7,RGL3,710,LQSNPIYRLK,350,360,Q3MIN7_350,0
61,Q6NWY9,PRPF40B,871,LMDNPSFAQD,440,450,Q6NWY9_440,0
62,P23467,PTPRB,1997,EQENPLFPIY,1972,1982,P23467_1972,0
63,P23467,PTPRB,1997,ENVNPEYHRD,1982,1992,P23467_1982,0
64,Q53T94,TAF1B,588,YCKNPVYTTG,120,130,Q53T94_120,0
65,A4D1P6,WDR91,747,PDTNPTFATY,137,147,A4D1P6_137,0
66,Q92545,TMEM131,1883,EASNPPFDVG,1157,1167,Q92545_1157,0
67,Q92545,TMEM131,1883,KNGNPTFAAV,1653,1663,Q92545_1653,0
68,Q9UPU5,USP24,2620,QLNNPQFVWV,623,633,Q9UPU5_623,0
69,P40818,USP8,1118,RNLNPVFGGS,763,773,P40818_763,0
70,Q16401,PSMD5,504,IFGNPNYLRL,472,482,Q16401_472,0
71,Q8TDY2,RB1CC1,1594,TDTNPIFLFN,66,76,Q8TDY2_66,0
72,Q9UL12,SARDH,918,YEANPIFWEE,331,341,Q9UL12_331,0
73,Q63HN8,RNF213,5207,LFCNPSFIGD,2233,2243,Q63HN8_2233,0
74,Q76I76,SSH2,1423,TKPNPSFMRQ,429,439,Q76I76_429,0
75,Q76I76,SSH2,1423,RTTNPFYNTM,1414,1424,Q76I76_1414,0
76,P51532,SMARCA4,1647,LEMNPGYEVA,643,653,P51532_643,0
77,Q11206,ST3GAL4,333,RILNPFFMEI,230,240,Q11206_230,0
78,Q8WWQ8,STAB2,2551,NISNPLYEST,2513,2523,Q8WWQ8_2513,0
79,Q9NRP7,STK36,1315,LLCNPDFCQR,440,450,Q9NRP7_440,0
80,Q13033,STRN3,797,KTWNPKYTLR,468,478,Q13033_468,0
81,O75886,STAM2,525,TVSNPTYMNQ,455,465,O75886_455,0
82,O00267,SUPT5H,1087,PQVNPQYNPQ,868,878,O00267_868,0
83,Q6UW49,SPESP1,350,DTSNPAYRED,244,254,Q6UW49_244,0
84,Q15572,TAF1C,869,PGDNPQFLGK,249,259,Q15572_249,0
85,Q66K14,TBC1D9B,1250,ERANPFFVLQ,18,28,Q66K14_18,0
86,Q9BT17,MTG1,334,SGRNPLFQET,63,73,Q9BT17_63,0
87,O94761,RECQL4,1208,SPSNPRYHGL,313,323,O94761_313,0
88,Q9P2C4,TMEM181,612,KTYNPAFSRL,303,313,Q9P2C4_303,0
89,Q9P2C4,TMEM181,612,LKDNPAFSML,568,578,Q9P2C4_568,0
90,O14787,TNPO2,897,TNLNPEFISV,712,722,O14787_712,0
91,Q8NG68,TTL,377,RRDNPRFNLM,31,41,Q8NG68_31,0
92,P53007,SLC25A1,311,TSPNPKYRGF,155,165,P53007_155,0
93,O95071,UBR5,2799,LRNNPLYHAG,536,546,O95071_536,0
94,Q9H2Y9,SLCO5A1,848,GDANPAFGCV,55,65,Q9H2Y9_55,0
95,O94875,SORBS2,1100,GLYNPPYSAQ,127,137,O94875_127,0
96,A0A0K0K1C4,TRBV27,114,VTQNPRYLIT,23,33,A0A0K0K1C4_23,0
97,Q9H832,UBE2Z,354,VRFNPNFYRN,175,185,Q9H832_175,0
98,Q14139,UBE4A,1066,LTFNPTYCAL,458,468,Q14139_458,0
99,Q9H5J8,TAF1D,278,GRRNPIYSLI,111,121,Q9H5J8_111,0
100,B5MCY1,TDRD15,1934,CAINPRFLLL,847,857,B5MCY1_847,0
101,Q14644,RASA3,834,KTNNPQFDEV,188,198,Q14644_188,0
102,Q96MT1,RNF145,663,LSNNPLFQYK,43,53,Q96MT1_43,0
103,Q9NWF9,RNF216,866,LLENPDYPKR,322,332,Q9NWF9_322,0
104,Q0IIM8,TBC1D8B,1120,MATNPDYYTE,507,517,Q0IIM8_507,0
105,Q86VY4,TSPYL5,417,FDRNPYFQNK,298,308,Q86VY4_298,0
106,O00534,VWA5A,786,AVLNPRYQFS,147,157,O00534_147,0
107,Q9H8Y1,VRTN,702,LRRNPSFKPA,444,454,Q9H8Y1_444,0
108,Q13336,SLC14A1,389,GHYNPFFPAK,192,202,Q13336_192,0
109,Q5VUA4,ZNF318,2279,EETNPEYAKI,583,593,Q5VUA4_583,0
110,Q5VUA4,ZNF318,2279,VDENPLYEER,1168,1178,Q5VUA4_1168,0
111,Q86VZ2,WDR5B,330,VPENPNYALK,25,35,Q86VZ2_25,0
112,Q9Y5N5,N6AMT1,214,LVFNPPYVVT,119,129,Q9Y5N5_119,0
113,Q7Z406,MYH14,1995,SNTNPSFVRC,686,696,Q7Z406_686,0
114,O15294,OGT,1046,IQINPAFADA,422,432,O15294_422,0
115,P04001,OPN1MW,364,AAANPGYPFH,291,301,P04001_291,0
116,P35443,THBS4,961,CDSNPCFRGV,290,300,P35443_290,0
117,Q70CQ2,USP34,3546,EAANPFFKLL,2598,2608,Q70CQ2_2598,0
118,Q5T0B9,ZNF362,420,RFNNPYFWPP,18,28,Q5T0B9_18,0
119,Q14CB8,ARHGAP19,494,IIFNPDFFVE,38,48,Q14CB8_38,0
120,P40879,SLC26A3,764,GDMNPGFQPP,319,329,P40879_319,0
121,O14492,SH2B2,632,LRDNPAYDTP,46,56,O14492_46,0
122,O75159,SOCS5,536,AQVNPLYKLG,291,301,O75159_291,0
123,O75159,SOCS5,536,ITGNPCYWGV,376,386,O75159_376,0
124,Q9NRH3,TUBG2,451,HIQNPSFSQI,219,229,Q9NRH3_219,0
125,Q8TEY7,USP33,942,KTVNPTFRGY,258,268,Q8TEY7_258,0
126,P40126,DCT,519,KFDNPPFFQN,333,343,P40126_333,0
127,P05451,REG1A,166,SSVNPGYCVS,130,140,P05451_130,0
128,Q8N264,ARHGAP24,748,VKKNPAFNKG,420,430,Q8N264_420,0
129,Q52LW3,ARHGAP29,1261,FCKNPAFEGV,1047,1057,Q52LW3_1047,0
130,Q9P260,RELCH,1216,LGANPAYHEL,955,965,Q9P260_955,0
131,P46777,RPL5,297,IRENPVYEKK,247,257,P46777_247,0
132,Q9UJ98,STAG3,1225,LLCNPEFTFF,651,661,Q9UJ98_651,0
133,P59095,STARD6,220,MEENPAYSKL,158,168,P59095_158,0
134,Q5JPH6,EARS2,523,DVLNPVYVER,392,402,Q5JPH6_392,0
135,Q15046,KARS1,597,LTHNPEFTTC,329,339,Q15046_329,0
136,Q15046,KARS1,597,TCINPTFICD,455,465,Q15046_455,0
137,P56373,P2RX3,397,ALTNPVYPSD,370,380,P56373_370,0
138,Q96QU1,PCDH15,1955,SAHNPLYKEN,1523,1533,Q96QU1_1523,0
139,Q8NGG3,OR5T3,340,WLHNPMYYFL,84,94,Q8NGG3_84,0
140,Q9NP74,PALMD,551,VYANPFYRPT,261,271,Q9NP74_261,0
141,P00491,PNP,289,GGLNPKFEVG,118,128,P00491_118,0
142,Q8NBV4,PLPP7,271,MQLNPSFKGI,71,81,Q8NBV4_71,0
143,Q96EP0,RNF31,1072,KFNNPVFRST,99,109,Q96EP0_99,0
144,Q96KN7,RPGRIP1,1286,ASNNPYFRDQ,841,851,Q96KN7_841,0
145,Q86X10,RALGAPB,1494,MVSNPMFDAS,494,504,Q86X10_494,0
146,O15244,SLC22A2,555,KKLNPSFLDL,329,339,O15244_329,0
147,O75751,SLC22A3,556,EVSNPSFLDL,332,342,O75751_332,0
148,Q13905,RAPGEF1,1077,HLGNPDYIDG,996,1006,Q13905_996,0
149,Q9UQD0,SCN8A,1980,AGRNPNYGYT,342,352,Q9UQD0_342,0
150,P23246,SFPQ,707,AQKNPMYQKE,464,474,P23246_464,0
151,Q7Z7L1,SLFN11,901,IRSNPSFNIP,748,758,Q7Z7L1_748,0
152,Q68D06,SLFN13,897,SESNPAYEVF,184,194,Q68D06_184,0
153,Q499Z3,SLFNL1,407,GHLNPQFSVP,52,62,Q499Z3_52,0
154,Q9BQ15,NABP2,211,SEPNPEYSTQ,109,119,Q9BQ15_109,0
155,Q9NR45,NANS,359,KPLNPNFCFL,173,183,Q9NR45_173,0
156,Q96AH0,NABP1,204,SEPNPDYRGQ,113,123,Q96AH0_113,0
157,P15907,ST6GAL1,406,WYQNPDYNFF,269,279,P15907_269,0
158,Q11203,ST3GAL3,375,RILNPYFIQE,270,280,Q11203_270,0
159,Q9NZJ4,SACS,4579,AQVNPKFKQC,3685,3695,Q9NZJ4_3685,0
160,Q53EL9,SEZ6,994,AFDNPTYETG,975,985,Q53EL9_975,0
161,O94964,SOGA1,1423,LPNNPAFGFV,953,963,O94964_953,0
162,Q15637,SF1,639,VALNPDFKPP,117,127,Q15637_117,0
163,Q5VT52,RPRD2,1461,LKGNPGFSGL,676,686,Q5VT52_676,0
164,Q16842,ST3GAL2,350,QIYNPAFFKY,255,265,Q16842_255,0
165,O94991,SLITRK5,958,MCKNPIYRSR,759,769,O94991_759,0
166,Q92835,INPP5D,1189,EIINPNYMGV,909,919,Q92835_909,0
167,Q92835,INPP5D,1189,MFENPLYGSL,1016,1026,Q92835_1016,0
168,O15357,INPPL1,1258,SFNNPAYYVL,980,990,O15357_980,0
169,O75920,SERF1A,110,PRENPCFPLP,60,70,O75920_60,0
170,Q9UKG4,SLC13A4,626,LHINPLYTLI,539,549,Q9UKG4_539,0
171,Q86YT5,SLC13A5,568,IGLNPLYIML,483,493,Q86YT5_483,0
172,P46059,SLC15A1,708,EKSNPYFMSG,692,702,P46059_692,0
173,Q13228,SELENBP1,472,LKLNPNFLVD,436,446,Q13228_436,0
174,O14746,TERT,1132,VWKNPTFFLR,1025,1035,O14746_1025,0
175,Q96F10,SAT2,170,FGDNPFYHCL,46,56,Q96F10_46,0
176,Q14563,SEMA3A,771,AMYNPVFPMN,408,418,Q14563_408,0
177,Q99250,SCN2A,2005,AGRNPNYGYT,356,366,Q99250_356,0
178,Q13591,SEMA5A,1074,PNPNPHFQCG,349,359,Q13591_349,0
179,O95487,SEC24B,1268,QPSNPVYSGF,482,492,O95487_482,0
180,O95863,SNAI1,264,QDSNPEFTFQ,23,33,O95863_23,0
181,Q96H20,SNF8,258,IRKNPEFRVQ,58,68,Q96H20_58,0
182,Q9NY15,STAB1,2570,GFSNPCYGKG,735,745,Q9NY15_735,0
183,Q9NY15,STAB1,2570,SVPNPVFGSD,2536,2546,Q9NY15_2536,1
184,P59539,TAS2R45,299,TVLNPAFCSV,69,79,P59539_69,0
185,Q9HCH5,SYTL2,934,KTLNPVYNEI,690,700,Q9HCH5_690,0
186,Q9HCH5,SYTL2,934,KTTNPIFNHT,837,847,Q9HCH5_837,0
187,Q8IYJ3,SYTL1,562,RNLNPVFNET,324,334,Q8IYJ3_324,0
188,P59541,TAS2R30,319,TQLNPAFYSV,69,79,P59541_69,0
189,Q13769,THOC5,683,VVLNPGYSSI,567,577,Q13769_567,0
190,P39900,MMP12,470,AVFNPRFYRT,383,393,P39900_383,0
191,Q8WXI7,MUC16,14507,GRTNPSFGTL,224,234,Q8WXI7_224,0
192,Q8WXI7,MUC16,14507,SQTNPPFQDE,4732,4742,Q8WXI7_4732,0
193,Q8WXI7,MUC16,14507,FTSNPAFSET,9855,9865,Q8WXI7_9855,0
194,Q9H8K7,PAAT,445,KDENPCFLYL,68,78,Q9H8K7_68,0
195,Q9NPG4,PCDH12,1184,YEKNPAYEVD,312,322,Q9NPG4_312,0
196,O00194,RAB27B,218,NKFNPKFITT,32,42,O00194_32,0
197,O15031,PLXNB2,1838,RAANPDYRCA,771,781,O15031_771,0
198,O15031,PLXNB2,1838,ILKNPHFIFD,1692,1702,O15031_1692,0
199,P51805,PLXNA3,1871,VIKNPQFVFD,1728,1738,P51805_1728,0
200,O43157,PLXNB1,2135,IIKNPQFVFD,1989,1999,O43157_1989,0
201,Q96BP3,PPWD1,646,IRLNPVYKAV,229,239,Q96BP3_229,0
202,Q8IYP2,PRSS58,241,LAFNPDYTVS,16,26,Q8IYP2_16,0
203,Q8NAV1,PRPF38A,312,HGTNPQYLVE,13,23,Q8NAV1_13,0
204,Q15283,RASA2,850,KTSNPQFNEI,215,225,Q15283_215,0
205,P62424,RPL7A,266,KVVNPLFEKR,26,36,P62424_26,0
206,Q01105,SET,290,FDENPYFENK,141,151,Q01105_141,0
207,Q8N114,SHISA5,240,PPYNPAYMDA,226,236,Q8N114_226,0
208,Q12872,SFSWAP,951,HYLNPYYKFI,247,257,Q12872_247,0
209,Q92185,ST8SIA1,356,LFANPNFLRS,249,259,Q92185_249,0
210,Q8NDV1,ST6GALNAC3,305,LLKNPDYFFK,136,146,Q8NDV1_136,0
211,Q9H156,SLITRK2,845,MCQNPIYMQK,695,705,Q9H156_695,0
212,O94933,SLITRK3,977,MCNNPIYKPR,750,760,O94933_750,0
213,P59537,TAS2R43,309,TVLNPAFNSV,69,79,P59537_69,0
214,P98155,VLDLR,873,NFDNPVYLKT,831,841,P98155_831,1
215,Q9UI30,TRMT112,125,VEFNPNFVAR,35,45,Q9UI30_35,0
216,Q9NYK1,TLR7,1049,YYRNPCYVSY,184,194,Q9NYK1_184,0
217,Q6ZT21,TMPPE,453,YLLNPFFAGL,405,415,Q6ZT21_405,0
218,Q5I0X7,TTC32,151,LDLNPGFQDA,119,129,Q5I0X7_119,0
219,Q5HYI8,RABL3,236,DCTNPRYLAA,179,189,Q5HYI8_179,0
220,Q96D59,RNF183,192,CFRNPQFRIF,154,164,Q96D59_154,0
221,Q01973,ROR1,937,NLSNPRYPNY,780,790,Q01973_780,0
222,P59538,TAS2R31,309,TVFNPAFYSV,69,79,P59538_69,0
223,O75478,TADA2A,443,FINNPLFAST,118,128,O75478_118,0
224,P21980,TGM2,687,LDVNPKFLKN,197,207,P21980_197,0
225,O75962,TRIO,3097,KLLNPNYIYD,2673,2683,O75962_2673,0
226,O75962,TRIO,3097,LLGNPEFAAP,2952,2962,O75962_2952,0
227,Q969Z4,RELT,430,SGINPAYRTE,208,218,Q969Z4_208,0
228,Q9Y4A5,TRRAP,3859,HILNPAFLYS,1775,1785,Q9Y4A5_1775,0
229,Q9Y4A5,TRRAP,3859,CSNNPSYIDR,2279,2289,Q9Y4A5_2279,0
230,O15342,ATP6V0E1,81,AQLNPLFGPQ,58,68,O15342_58,0
231,Q86YA3,ZGRF1,2104,TTVNPEFYNE,1450,1460,Q86YA3_1450,0
232,Q96GC6,ZNF274,653,IFRNPRYFSV,515,525,Q96GC6_515,0
233,Q5TFG8,ZC2HC1B,222,PSLNPDYIQR,112,122,Q5TFG8_112,0
234,Q6PP77,XKRX,449,RGANPRFTFP,25,35,Q6PP77_25,0
235,Q8TF68,ZNF384,577,FNSNPYFWPS,6,16,Q8TF68_6,0
236,Q9NQW7,XPNPEP1,623,VEHNPVFFSY,216,226,Q9NQW7_216,0
237,Q9UBD5,ORC3,711,ALNNPYYYLK,602,612,Q9UBD5_602,0
238,Q14990,ODF1,250,DPCNPCYPCG,231,241,Q14990_231,0
239,O00337,SLC28A1,649,QSVNPEFSPE,624,634,O00337_624,0
240,O94813,SLIT2,1529,IGANPLYCDC,856,866,O94813_856,0
241,O15050,TRANK1,2925,EHVNPEYFPP,963,973,O15050_963,0
242,Q5T4D3,TMTC4,741,VRLNPKYVHA,509,519,Q5T4D3_509,0
243,O00308,WWP2,870,EVLNPMYCLF,570,580,O00308_570,0
244,Q9UBL9,P2RX2,471,SECNPKYSFR,277,287,Q9UBL9_277,0
245,P60900,PSMA6,246,TVENPKFRIL,221,231,P60900_221,0
246,Q9H2G4,TSPYL2,693,FQTNPYFTNM,312,322,Q9H2G4_312,0
247,Q8N4P2,TTC30B,665,LLDNPAYHSR,105,115,Q8N4P2_105,0
248,P23258,TUBG1,451,HIQNPSFSQI,219,229,P23258_219,0
249,P07996,THBS1,1170,CLSNPCFAGV,551,561,P07996_551,0
250,P32241,VIPR1,457,LGWNPKYRHP,412,422,P32241_412,0
251,Q8IZM8,ZNF654,1128,SSENPLFFEL,189,199,Q8IZM8_189,0
252,Q9Y2J0,RPH3A,694,KTLNPEFNEE,611,621,Q9Y2J0_611,0
253,Q2PPJ7,RALGAPA2,1873,NGRNPSFLIS,1488,1498,Q2PPJ7_1488,0
254,Q969G6,RFK,155,IGWNPYYKNT,65,75,Q969G6_65,0
255,Q9NVU0,POLR3E,708,DTLNPNYCRS,63,73,Q9NVU0_63,0
256,O95602,POLR1A,1720,SITNPRYLDS,32,42,O95602_32,0
257,Q8NE09,RGS22,1264,QPRNPIYDVV,76,86,Q8NE09_76,0
258,Q9NVE5,USP40,1235,ARANPRYGVP,490,500,Q9NVE5_490,0
259,Q9NRR5,UBQLN4,601,LAQNPDFAAQ,413,423,Q9NRR5_413,0
260,Q9UHF7,TRPS1,1281,VPGNPHYLSH,1121,1131,Q9UHF7_1121,0
261,Q9H9Y2,RPF1,349,FPHNPQFIGR,267,277,Q9H9Y2_267,0
262,Q7Z6B7,SRGAP1,1085,GLENPLFPKE,586,596,Q7Z6B7_586,0
263,P59540,TAS2R46,309,TELNPAFNSI,69,79,P59540_69,0
264,Q9NXG2,THUMPD1,353,DLTNPQYTVV,231,241,Q9NXG2_231,0
265,Q9Y296,TRAPPC4,219,ALKNPFYSLE,181,191,Q9Y296_181,0
266,P16473,TSHR,764,TVRNPQYNPG,607,617,P16473_607,0
267,P0CW01,TSPY10,308,FRSNPYFQNK,205,215,P0CW01_205,0
268,O95881,TXNDC12,172,ENGNPSYKYF,131,141,O95881_131,0
269,P13010,XRCC5,732,KIPNPRFQRL,481,491,P13010_481,0
270,O43895,XPNPEP2,674,CSTNPPYLPV,36,46,O43895_36,0
271,O43895,XPNPEP2,674,IPYNPFFYSY,256,266,O43895_256,0
272,O95789,ZMYM6,1325,QQLNPGFQLS,61,71,O95789_61,0
273,Q9H3E2,SNX25,840,LLSNPDYINQ,145,155,Q9H3E2_145,0
274,Q8NFT2,STEAP2,490,GSRNPKFASE,59,69,Q8NFT2_59,0
275,Q7Z698,SPRED2,418,TKANPTFHHW,82,92,Q7Z698_82,0
276,Q9Y334,VWA7,891,TFVNPSFSLT,761,771,Q9Y334_761,0
277,Q9UHD2,TBK1,729,TEENPIFVVS,374,384,Q9UHD2_374,0
278,Q9BSA4,TTYH2,534,FGRNPRYENV,488,498,Q9BSA4_488,0
279,P0CW00,TSPY8,308,FRSNPYFQNK,205,215,P0CW00_205,0
280,Q9H489,TSPY26P,355,FWSNPYFQNK,242,252,Q9H489_242,0
281,Q9BYJ9,YTHDF1,559,FPENPAFSAW,123,133,Q9BYJ9_123,0
282,Q9BV20,MRI1,369,GVWNPAFDVT,319,329,Q9BV20_319,0
283,Q14CX7,NAA25,972,VPKNPYYFWS,143,153,Q14CX7_143,0
284,Q9H792,PEAK1,1746,VMANPTYDID,1182,1192,Q9H792_1182,0
285,Q6ZT07,TBC1D9,1266,ERANPYFILQ,18,28,Q6ZT07_18,0
286,P19438,TNFRSF1A,455,LAPNPSFSPT,267,277,P19438_267,0
287,Q86WT1,TTC30A,665,LLDNPAYHSR,105,115,Q86WT1_105,0
288,Q5VYS8,TUT7,1495,AFKNPIYSQP,78,88,Q5VYS8_78,0
289,Q6ZW05,PTCHD4,846,IVFNPSFVFM,641,651,Q6ZW05_641,0
290,Q9NXS2,QPCTL,382,GAPNPTFYSH,272,282,Q9NXS2_272,0
291,Q8TB24,RIN3,985,WFVNPIFIED,233,243,Q8TB24_233,0
292,P22105,TNXB,4244,CVCNPGYTGE,295,305,P22105_295,0
293,P22105,TNXB,4244,CVCNPGFTGE,512,522,P22105_512,0
294,Q8NDV7,TNRC6A,1962,MERNPYFDKD,1271,1281,Q8NDV7_1271,0
295,Q8NDV7,TNRC6A,1962,GGLNPLFGPQ,1387,1397,Q8NDV7_1387,0
296,Q9BTV4,TMEM43,400,HSENPKYPEV,227,237,Q9BTV4_227,0
297,Q9UMW8,USP18,372,TYGNPNYHWQ,350,360,Q9UMW8_350,0
298,Q96C45,ULK4,1275,TEHNPTFTRL,1016,1026,Q96C45_1016,0
299,Q96NR3,PTCHD1,888,IVFNPSFVYM,680,690,Q96NR3_680,0
300,Q92547,TOPBP1,1522,PKSNPLFTPV,628,638,Q92547_628,0
301,Q7Z4L5,TTC21B,1316,EKLNPDFLLE,441,451,Q7Z4L5_441,0
302,Q7Z4L5,TTC21B,1316,LEHNPSYADA,519,529,Q7Z4L5_519,0
303,Q5T9L3,WLS,541,QLTNPFYSIW,360,370,Q5T9L3_360,0
304,O60701,UGDH,494,VLSNPEFLAE,156,166,O60701_156,0
305,Q99805,TM9SF2,663,RFCNPGFPIG,172,182,Q99805_172,0
306,Q8WZ42,TTN,34350,EGKNPPFFDI,9075,9085,Q8WZ42_9075,0
307,O94826,TOMM70,608,VELNPKYVKA,180,190,O94826_180,0
308,P47989,XDH,1333,SDLNPVFMAS,359,369,P47989_359,0
309,Q9HAV4,XPO5,1204,SSGNPIFRNP,755,765,Q9HAV4_755,0
310,P16989,YBX3,372,VHRNPTYRPR,281,291,P16989_281,0
311,Q9C0D3,ZYG11B,744,RSFNPFFPLL,649,659,Q9C0D3_649,0
312,Q8N2Y8,RUSC2,1516,ARRNPIFEFP,924,934,Q8N2Y8_924,0
313,Q9BZW2,SLC13A1,595,IHVNPLYILI,508,518,Q9BZW2_508,0
314,O95932,TGM6,706,CRHNPIYVTR,210,220,O95932_210,0
315,P35499,SCN4A,1836,TGRNPNYGYT,378,388,P35499_378,0
316,Q9NY46,SCN3A,2000,AGRNPNYGYT,355,365,Q9NY46_355,0
317,Q5T011,SZT2,3432,EALNPEYYCG,355,365,Q5T011_355,0
318,Q5T011,SZT2,3432,VPSNPHYFFY,1450,1460,Q5T011_1450,0
319,Q99614,TTC1,292,IQLNPSYIRA,182,192,Q99614_182,0
320,P51784,USP11,963,EKENPWYCPS,795,805,P51784_795,0
321,P0CV99,TSPY4,314,FRSNPYFQNK,211,221,P0CV99_211,0
322,A0A1B0GUS4,UBE2L5,154,VPDNPPYNKG,40,50,A0A1B0GUS4_40,0
323,Q9NYT6,ZNF226,803,NTGNPEFPIL,158,168,Q9NYT6_158,0
324,Q9UIG8,SLCO3A1,710,LLSNPVFTCI,345,355,Q9UIG8_345,0
325,O95347,SMC2,1197,NVNNPHFLIM,137,147,O95347_137,0
326,O75093,SLIT1,1534,RCQNPDFLRQ,697,707,O75093_697,0
327,O75093,SLIT1,1534,IGANPLYCDC,863,873,O75093_863,0
328,Q08945,SSRP1,709,EGMNPSYDEY,432,442,Q08945_432,0
329,Q96GX1,TCTN2,697,GDVNPPFDQL,209,219,Q96GX1_209,0
330,Q96GX1,TCTN2,697,LSGNPGYQLG,433,443,Q96GX1_433,0
331,Q9P2D8,UNC79,2635,YTSNPVYHCQ,233,243,Q9P2D8_233,0
332,O94782,USP1,785,RELNPMYEGY,186,196,O94782_186,0
333,Q9Y6M5,SLC30A1,507,FCVNPCFPDP,281,291,Q9Y6M5_281,0
334,Q69YN4,VIRMA,1812,ERTNPEYENE,595,605,Q69YN4_595,0
335,Q92558,WASF1,559,FYTNPSYFFD,150,160,Q92558_150,0
336,Q9Y493,ZAN,2812,CVCNPGFLFS,1074,1084,Q9Y493_1074,0
337,Q9Y493,ZAN,2812,CECNPGFVLS,1460,1470,Q9Y493_1460,0
338,Q05996,ZP2,745,QLVNPAFPGT,43,53,Q05996_43,0
339,P49746,THBS3,956,CSPNPCFRGV,278,288,P49746_278,0
340,A4D1E1,ZNF804B,1349,YGCNPLYFDF,473,483,A4D1E1_473,0
341,Q9BSR8,YIPF4,244,VRDNPDFWGP,109,119,Q9BSR8_109,0
342,Q9H2Y7,ZNF106,1883,DHTNPNFQTL,1837,1847,Q9H2Y7_1837,0
343,P48995,TRPC1,793,RIQNPEYSTT,148,158,P48995_148,0
344,Q96N46,TTC14,770,QQDNPHFRSL,25,35,Q96N46_25,0
345,Q8N831,TSPYL6,410,FQRNPYFRNK,298,308,Q8N831_298,0
346,Q9Y2K6,USP20,914,KLVNPMFRGY,218,228,Q9Y2K6_218,0
347,Q86UP3,ZFHX4,3567,QFLNPAFLPH,1667,1677,Q86UP3_1667,0
348,Q9UDY2,TJP2,1190,GRDNPHFENG,51,61,Q9UDY2_51,0
349,O75717,WDHD1,1129,LSDNPDFSDE,1034,1044,O75717_1034,0
350,B2RUY7,VWC2L,222,ECVNPVYEPE,156,166,B2RUY7_156,0
351,P35610,SOAT1,550,PLKNPTFLDY,529,539,P35610_529,0
352,Q9Y651,SOX21,276,SPGNPGYMIP,228,238,Q9Y651_228,0
353,Q99961,SH3GL1,368,QVKNPGYPQS,80,90,Q99961_80,0
354,Q9BXA5,SUCNR1,334,SVINPVFYFL,288,298,Q9BXA5_288,0
355,Q9BXB7,SPATA16,569,IVLNPAYFRN,255,265,Q9BXB7_255,0
356,A4D263,SPATA48,438,KKCNPAFLKF,58,68,A4D263_58,0
357,O75674,TOM1L1,476,KLLNPRYNLP,103,113,O75674_103,0
358,P35442,THBS2,1172,CLSNPCFPGA,553,563,P35442_553,0
359,P01266,TG,2768,RSGNPNYPYE,2664,2674,P01266_2664,0
360,Q92609,TBC1D5,795,TVLNPEYLEH,239,249,Q92609_239,0
361,O00507,USP9Y,2555,SWENPQFSST,2308,2318,O00507_2308,0
362,O00507,USP9Y,2555,YTGNPQYSYN,2432,2442,O00507_2432,0
363,Q9Y5L0,TNPO3,923,VDRNPQFLDP,492,502,Q9Y5L0_492,0
364,O60603,TLR2,784,ENFNPPFKLC,664,674,O60603_664,0
365,Q9NZR1,TMOD2,351,LLNNPKFDEE,143,153,Q9NZR1_143,0
366,Q86TZ1,TTC6,520,LKINPCFLDA,237,247,Q86TZ1_237,0
367,Q86TZ1,TTC6,520,LHINPAYIKA,274,284,Q86TZ1_274,0
368,Q86TZ1,TTC6,520,ITLNPKYSLA,375,385,Q86TZ1_375,0
369,Q9UPR6,ZFR2,939,PAVNPAFPPA,43,53,Q9UPR6_43,0
370,Q8IUH5,ZDHHC17,632,GYDNPSFLRK,285,295,Q8IUH5_285,0
371,Q93008,USP9X,2554,CWENPQFSST,2307,2317,Q93008_2307,0
372,Q93008,USP9X,2554,YTGNPQYTYN,2431,2441,Q93008_2431,0
373,Q3KR16,PLEKHG6,790,QETNPLFHAF,278,288,Q3KR16_278,0
374,Q86XN7,PROSER1,944,SSSNPSYPGF,782,792,Q86XN7_782,0
375,O60508,CDC40,579,VQYNPTYETM,79,89,O60508_79,0
376,P10696,ALPG,532,EEENPDFWNR,24,34,P10696_24,0
377,Q8TE23,TAS1R2,839,VSCNPNYRNS,718,728,Q8TE23_718,0
378,A6NKD2,TSPY2,308,FRSNPYFQNK,205,215,A6NKD2_205,0
379,Q9UJ04,TSPYL4,414,FQGNPYFRNE,300,310,Q9UJ04_300,0
380,P68036,UBE2L3,154,VPDNPPYDKG,40,50,P68036_40,0
381,Q9BXE9,VN1R3,311,CGRNPQFPKL,300,310,Q9BXE9_300,0
382,Q8TER0,SNED1,1413,VTGNPSYTCS,289,299,Q8TER0_289,0
383,Q6P1X5,TAF2,1199,LTKNPPFTKN,930,940,Q6P1X5_930,0
384,Q14679,TTLL4,1199,SFLNPSFQWN,362,372,Q14679_362,0
385,Q8NCN2,ZBTB34,500,MMNNPGYESS,346,356,Q8NCN2_346,0
386,Q8WZ26,PP6455,134,GHHNPSYPVA,23,33,Q8WZ26_23,0
387,P49815,TSC2,1807,PGINPSFVFL,1493,1503,P49815_1493,0
388,P0CV98,TSPY3,308,FRSNPYFQNK,205,215,P0CV98_205,0
389,Q9Y6X8,ZHX2,837,VILNPLYVCA,104,114,Q9Y6X8_104,0
390,Q96MP5,ZSWIM3,696,SSANPSFKRL,321,331,Q96MP5_321,0
391,Q6NUM6,TYW1B,668,SLGNPDFIEV,529,539,Q6NUM6_529,0
392,P17948,FLT1,1338,IYKNPDYVRK,1047,1057,P17948_1047,0
393,Q5GH70,XKR9,373,TIFNPDYFIP,311,321,Q5GH70_311,0
394,P17097,ZNF7,686,FPQNPGFGDV,116,126,P17097_116,0
395,P31629,HIVEP2,2446,SSLNPAYSQY,156,166,P31629_156,0
396,Q9NTZ6,RBM12,932,NNLNPMFLGP,270,280,Q9NTZ6_270,0
397,Q96C24,SYTL4,671,DTINPLYDET,418,428,Q96C24_418,0
398,Q96C24,SYTL4,671,KTLNPHYNHT,572,582,Q96C24_572,0
399,Q8TDW5,SYTL5,730,TGTNPEFNET,467,477,Q8TDW5_467,0
400,Q02763,TEK,1124,GSSNPAFSHE,719,729,Q02763_719,0
401,Q9P016,THYN1,225,EKNNPHYDPS,141,151,Q9P016_141,0
402,Q9BXT5,TEX15,2789,SACNPTYNSS,2639,2649,Q9BXT5_2639,0
403,Q9NPG3,UBN1,1134,GSLNPAFLKK,14,24,Q9NPG3_14,0
404,Q8IZH2,XRN1,1706,IKYNPGYVLA,909,919,Q8IZH2_909,0
405,O60293,ZFC3H1,1989,RIQNPKFHRG,682,692,O60293_682,0
406,A0AVI4,TMEM129,362,VEVNPAYSVP,268,278,A0AVI4_268,0
407,O43149,ZZEF1,2961,METNPAFVQT,411,421,O43149_411,0
408,Q9H0U9,TSPYL1,437,FRRNPYFRNK,325,335,Q9H0U9_325,0
409,Q96BR6,ZNF669,464,HSGNPAYKCT,244,254,Q96BR6_244,0
410,O14978,ZNF263,683,FGGNPRFLSL,415,425,O14978_415,0
411,C9JJ37,BTBD19,291,LVNNPRYSDV,22,32,C9JJ37_22,0
412,Q13362,PPP2R5C,524,AKANPQYTVY,437,447,Q13362_437,0
413,Q9NPC4,A4GALT,353,DRTNPNFLFM,86,96,Q9NPC4_86,0
414,P30556,AGTR1,359,NCLNPLFYGF,295,305,P30556_295,0
415,Q9UKV3,ACIN1,1341,PQSNPKFLCA,1075,1085,Q9UKV3_1075,0
416,P26439,HSD3B2,372,STVNPVYVGN,218,228,P26439_218,0
417,Q13131,PRKAA1,559,KVVNPYYLRV,436,446,Q13131_436,0
418,P78325,ADAM8,824,GRSNPLFHQA,697,707,P78325_697,0
419,P35611,ADD1,737,DENNPEYLRE,29,39,P35611_29,0
420,Q53FZ2,ACSM3,586,KPSNPAFWWI,77,87,Q53FZ2_77,0
421,Q53FZ2,ACSM3,586,VVLNPDYKSH,524,534,Q53FZ2_524,0
422,Q9UNH5,CDC14A,594,SGSNPPYLPF,120,130,Q9UNH5_120,0
423,Q86YS7,C2CD5,1000,AVLNPRFLQD,434,444,Q86YS7_434,0
424,P63010,AP2B1,937,QPGNPNYTLS,906,916,P63010_906,0
425,O14617,AP3D1,1153,QANNPFYIKS,676,686,O14617_676,0
426,Q16880,UGT8,541,VINNPSYRQR,416,426,Q16880_416,0
427,Q6AI12,ANKRD40,368,YLANPAFPFI,123,133,Q6AI12_123,0
428,Q96NW4,ANKRD27,1050,LLKNPFYLAL,8,18,Q96NW4_8,0
429,Q4VNC0,ATP13A5,1218,QVLNPFYVFQ,202,212,Q4VNC0_202,0
430,Q9H7F0,ATP13A3,1226,EVLNPFYIFQ,210,220,Q9H7F0_210,0
431,Q9UHC3,ASIC3,531,ASLNPNYEPE,285,295,Q9UHC3_285,0
432,A6NEK1,ARRDC5,342,PFQNPLFVEA,165,175,A6NEK1_165,0
433,Q9P1U1,ACTR3B,418,EFANPDFMES,286,296,Q9P1U1_286,0
434,Q9P1U1,ACTR3B,418,CRHNPVFGVM,408,418,Q9P1U1_408,0
435,Q8WXS8,ADAMTS14,1223,HPDNPYFCKT,509,519,Q8WXS8_509,0
436,Q5TC12,ATPAF1,328,LQANPFYDRY,71,81,Q5TC12_71,0
437,O15072,ADAMTS3,1205,HPDNPYFCKT,509,519,O15072_509,0
438,P29400,COL4A5,1685,PKGNPGYPGP,169,179,P29400_169,0
439,Q9BZB8,CPEB1,566,NYKNPIYSCK,303,313,Q9BZB8_303,0
440,Q9Y215,COLQ,455,NVNNPSYGES,298,308,Q9Y215_298,0
441,Q7Z5Q1,CPEB2,589,SSMNPAFFPS,18,28,Q7Z5Q1_18,0
442,Q8NE35,CPEB3,698,HHVNPVFGGT,141,151,Q8NE35_141,0
443,P43320,CRYBB2,205,LYENPNFTGK,111,121,P43320_111,0
444,Q9NYL5,CYP39A1,469,LHRNPKYFPE,372,382,Q9NYL5_372,0
445,P31146,CORO1A,461,CAVNPKFVAL,40,50,P31146_40,0
446,Q9ULV4,CORO1C,474,CAVNPRFVAI,39,49,Q9ULV4_39,0
447,P54687,BCAT1,386,LWANPKYVRA,204,214,P54687_204,0
448,Q9UKL3,CASP8AP2,1982,EDNNPKFEPS,780,790,Q9UKL3_780,0
449,O15234,CASC3,703,DRKNPAYIPR,175,185,O15234_175,0
450,O15234,CASC3,703,NFGNPSYPYA,629,639,O15234_629,0
451,Q15038,DAZAP2,168,PPGNPVYPQT,17,27,Q15038_17,0
452,Q08345,DDR1,913,LLSNPAYRLL,507,517,Q08345_507,0
453,O15484,CAPN5,640,FFQNPQYIFE,384,394,O15484_384,0
454,Q96F63,CCDC97,343,VDDNPDFDNL,306,316,Q96F63_306,0
455,Q9Y6W3,CAPN7,813,LANNPQYKLE,566,576,Q9Y6W3_566,0
456,Q9Y6W3,CAPN7,813,HKNNPIYQFH,711,721,Q9Y6W3_711,0
457,A6NHC0,CAPN8,703,YWTNPQFKIR,381,391,A6NHC0_381,0
458,Q2NKX9,C2orf68,166,HPRNPDYEES,80,90,Q2NKX9_80,0
459,Q9UPW5,AGTPBP1,1226,DLDNPNYTIP,695,705,Q9UPW5_695,0
460,Q9BX69,CARD6,1037,RKENPFFQKP,517,527,Q9BX69_517,0
461,Q92793,CREBBP,2442,ASMNPQYREM,2183,2193,Q92793_2183,0
462,O76039,CDKL5,960,FYSNPRFHGL,238,248,O76039_238,0
463,Q8WUX2,CHAC2,184,TCDNPDYLGP,112,122,Q8WUX2_112,0
464,P15882,CHN1,459,MTINPIYEHV,137,147,P15882_137,0
465,Q6ZTQ4,CDHR3,885,ERANPGFIYQ,146,156,Q6ZTQ4_146,0
466,Q6ZTQ4,CDHR3,885,KNRNPAFMNR,867,877,Q6ZTQ4_867,0
467,Q9P2D1,CHD7,2997,ELFNPDYVEV,875,885,Q9P2D1_875,0
468,Q9P2D1,CHD7,2997,LEENPEFAVA,2673,2683,Q9P2D1_2673,0
469,P08603,CFH,1231,YYCNPRFLMK,657,667,P08603_657,0
470,Q9UJX2,CDC23,597,LKLNPRYLGA,358,368,Q9UJX2_358,0
471,Q96FN4,CPNE2,548,NNLNPAFSKK,69,79,Q96FN4_69,0
472,Q9UNS2,COPS3,423,ITVNPQFVQK,397,407,Q9UNS2_397,0
473,P00533,EGFR,1210,SVQNPVYHNQ,1104,1114,P00533_1104,0
474,P00533,EGFR,1210,AVGNPEYLNT,1132,1142,P00533_1132,0
475,P00533,EGFR,1210,SLDNPDYQQD,1166,1176,P00533_1166,0
476,O00512,BCL9,1426,PGNNPIFPRI,671,681,O00512_671,0
477,P22760,AADAC,399,VYNNPNYGSS,296,306,P22760_296,0
478,O60242,ADGRB3,1522,YKVNPEFNMN,1343,1353,O60242_1343,0
479,Q0P6D6,CCDC15,951,KFKNPLFVLM,303,313,Q0P6D6_303,0
480,Q8TBZ0,CCDC110,833,EVENPQFSSE,94,104,Q8TBZ0_94,0
481,O60306,AQR,1485,SEPNPYFYQN,1191,1201,O60306_1191,0
482,Q03701,CEBPZ,1054,FSRNPLFCGA,699,709,Q03701_699,0
483,Q9ULJ7,ANKRD50,1429,IMTNPNYHLQ,1361,1371,Q9ULJ7_1361,0
484,Q8IW19,APLF,511,IHTNPCFYQS,57,67,Q8IW19_57,0
485,P01160,NPPA,151,TRANPMYNAV,23,33,P01160_23,0
486,Q01814,ATP2B2,1243,IFRNPIFCTI,1026,1036,Q01814_1026,0
487,O94823,ATP10B,1461,QLSNPTFYLV,1292,1302,O94823_1292,0
488,O15169,AXIN1,862,EPVNPYYVNA,299,309,O15169_299,0
489,Q9UPA5,BSN,3926,LLGNPTFPEG,2148,2158,Q9UPA5_2148,0
490,B1ANY3,FAM220BP,271,DLLNPMFSKQ,208,218,B1ANY3_208,0
491,Q53RD9,FBLN7,439,FTCNPGFRLV,105,115,Q53RD9_105,0
492,P07902,GALT,379,GEVNPQYDST,83,93,P07902_83,0
493,O94915,FRYL,3013,HMDNPPYYRI,1458,1468,O94915_1458,0
494,X6R8D5,GUCA1ANB,127,NSLNPFYTLQ,87,97,X6R8D5_87,0
495,P41594,GRM5,1212,NHRNPWFQEF,349,359,P41594_349,0
496,Q8NG31,KNL1,2342,LEENPKFGIG,1209,1219,Q8NG31_1209,0
497,Q9NQT8,KIF13B,1826,FRCNPGYGLL,1752,1762,Q9NQT8_1752,0
498,P55157,MTTP,894,LNNNPSYMDV,548,558,P55157_548,0
499,P36776,LONP1,959,ITRNPVFPRF,129,139,P36776_129,0
500,P36776,LONP1,959,IALNPLYRES,304,314,P36776_304,0
501,P36776,LONP1,959,VVDNPIYLSD,324,334,P36776_324,0
502,Q68DH5,LMBRD2,695,YFYNPTFEWY,367,377,Q68DH5_367,0
503,O15374,SLC16A4,487,LFRNPFFYIF,295,305,O15374_295,0
504,Q8IZS5,OFCC1,231,GTGNPAFNMS,36,46,Q8IZS5_36,0
505,Q9Y5E6,PCDHB3,796,SEANPSFRKS,783,793,Q9Y5E6_783,0
506,Q9Y5E5,PCDHB4,795,VKENPKFRNS,782,792,Q9Y5E5_782,0
507,Q9Y5E3,PCDHB6,794,ISSNPHFHVL,171,181,Q9Y5E3_171,0
508,P60484,PTEN,403,GTCNPQFVVC,209,219,P60484_209,0
509,Q9UN71,PCDHGB4,923,REQNPEYNIT,410,420,Q9UN71_410,0
510,Q9UKK3,PARP4,1724,HIANPDFIWK,70,80,Q9UKK3_70,0
511,O00750,PIK3C2B,1634,KTCNPTYNEM,1563,1573,O00750_1563,0
512,O94913,PCF11,1555,IHVNPKFLNK,159,169,O94913_159,0
513,O94913,PCF11,1555,HPQNPGFVQN,1241,1251,O94913_1241,0
514,Q8N3R9,PALS1,675,GIDNPMFDTE,98,108,Q8N3R9_98,0
515,Q6JQN1,ACAD10,1059,GQSNPTYYIR,294,304,Q6JQN1_294,0
516,P14060,HSD3B1,373,STVNPVYVGN,219,229,P14060_219,0
517,Q8IZT6,ASPM,3477,KQNNPKFSAV,466,476,Q8IZT6_466,0
518,Q9H9F9,ACTR5,607,AVCNPLYSRQ,137,147,Q9H9F9_137,0
519,Q5FYB0,ARSJ,599,LTGNPGYSDW,457,467,Q5FYB0_457,0
520,P59051,BRWD1-AS2,145,RRANPHFKSF,79,89,P59051_79,0
521,P51587,BRCA2,3418,EIQNPNFTAP,2343,2353,P51587_2343,0
522,P27797,CALR,417,VIQNPEYKGE,265,275,P27797_265,0
523,P27797,CALR,417,QIDNPDYKGT,279,289,P27797_279,0
524,P27797,CALR,417,EIDNPEYSPD,293,303,P27797_293,0
525,Q6P1W5,C1orf94,598,DKNNPKYTGN,432,442,Q6P1W5_432,0
526,O75155,CAND2,1236,VLVNPSFLLP,964,974,O75155_964,0
527,P98082,DAB2,770,AFENPFFKDS,733,743,P98082_733,0
528,P55287,CDH11,796,IIHNPNFTVR,535,545,P55287_535,0
529,Q13634,CDH18,790,LPVNPNFTLK,531,541,Q13634_531,0
530,Q9UJ99,CDH22,828,APSNPHFSLL,542,552,Q9UJ99_542,0
531,Q8WWL7,CCNB3,1395,PSFNPMYAKE,1123,1133,Q8WWL7_1123,0
532,P50416,CPT1A,773,LENNPEYVSS,699,709,P50416_699,0
533,Q16850,CYP51A1,509,DVPNPVFLEQ,152,162,Q16850_152,0
534,O75131,CPNE3,537,NCLNPQFSKT,53,63,O75131_53,0
535,O95727,CRTAM,393,TEANPQYLGL,272,282,O95727_272,0
536,A0FGR8,ESYT2,921,KTLNPVFDQS,846,856,A0FGR8_846,0
537,Q8IZU8,DSEL,1212,MLSNPTYYLP,97,107,Q8IZU8_97,0
538,A8MWY0,ELAPOR2,1029,PPCNPGFYNN,396,406,A8MWY0_396,0
539,Q15303,ERBB4,1308,ALDNPEYHNA,1182,1192,Q15303_1182,0
540,Q15303,ERBB4,1308,AFDNPDYWNH,1236,1246,Q15303_1236,0
541,Q15303,ERBB4,1308,VAENPEYLSE,1278,1288,Q15303_1278,0
542,Q2WGJ9,FER1L6,1857,YKNNPNFSIQ,1034,1044,Q2WGJ9_1034,0
543,Q2WGJ9,FER1L6,1857,KQLNPVFGRS,1399,1409,Q2WGJ9_1399,0
544,P08069,IGF1R,1367,ASVNPEYFSA,974,984,P08069_974,0
545,Q96RY7,IFT140,1462,TEGNPCFLDI,520,530,Q96RY7_520,0
546,Q16538,GPR162,588,GPGNPIFPQL,577,587,Q16538_577,0
547,Q9H2G9,BLZF1,400,SPDNPFFESS,353,363,Q9H2G9_353,0
548,Q9NZD1,GPRC5D,345,LRGNPQFQRQ,225,235,Q9NZD1_225,0
549,Q8WXG9,ADGRV1,6306,GTVNPKYHPS,1338,1348,Q8WXG9_1338,0
550,Q96DR7,ARHGEF26,871,LATNPSFKEV,547,557,Q96DR7_547,0
551,Q5VU57,AGBL4,503,DTCNPRFRVW,73,83,Q5VU57_73,0
552,P16066,NPR1,1061,DPDNPEYLEF,316,326,P16066_316,0
553,Q8J025,APCDD1,514,RCTNPTYTLI,114,124,Q8J025_114,0
554,Q96BI3,APH1A,265,TFLNPWYEAS,204,214,Q96BI3_204,0
555,Q9HDC9,APMAP,416,IRPNPGFSML,323,333,Q9HDC9_323,0
556,Q7Z5J8,ANKAR,1434,ASINPAFLKE,1314,1324,Q7Z5J8_1314,0
557,P17405,SMPD1,631,IGLNPGYRVY,491,501,P17405_491,0
558,Q9NQW8,CNGB3,809,FGFNPMFRAN,317,327,Q9NQW8_317,0
559,A5YKK6,CNOT1,2376,TLKNPEFNKM,1155,1165,A5YKK6_1155,0
560,A5YKK6,CNOT1,2376,LIKNPAFKFW,2329,2339,A5YKK6_2329,0
561,P46100,ATRX,2492,ASWNPSYDIQ,2137,2147,P46100_2137,0
562,O95450,ADAMTS2,1211,HPDNPYFCKT,519,529,O95450_519,0
563,P54132,BLM,1417,NGFNPDFCKK,1048,1058,P54132_1048,0
564,O00327,ARNTL,626,AQENPGYPYS,558,568,O00327_558,0
565,P22004,BMP6,513,HLMNPEYVPK,466,476,P22004_466,0
566,P11274,BCR,1271,AELNPRFLKD,249,259,P11274_249,0
567,O95741,CPNE6,557,DCINPKYRDK,263,273,O95741_263,0
568,P98172,EFNB1,346,SSLNPKFLSG,38,48,P98172_38,0
569,Q96C11,FGGY,551,LSKNPLFVQM,458,468,Q96C11_458,0
570,Q9UI46,DNAI1,699,LCWNPKYRDL,338,348,Q9UI46_338,0
571,Q9UI46,DNAI1,699,SLKNPSFPEY,369,379,Q9UI46_369,0
572,Q01415,GALK2,458,ANTNPLYPDF,82,92,Q01415_82,0
573,Q8TDM6,DLG5,1919,HRLNPDYERL,182,192,Q8TDM6_182,0
574,Q8TDM6,DLG5,1919,ILRNPIYTVR,1191,1201,Q8TDM6_1191,0
575,Q8N2K0,ABHD12,398,SGDNPVYIWG,235,245,Q8N2K0_235,0
576,Q6UXT9,ABHD15,468,FHSNPYFFLL,375,385,Q6UXT9_375,0
577,Q0P651,ABHD18,414,LLENPYYGCR,142,152,Q0P651_142,0
578,Q9NP70,AMBN,447,NLENPAFLTE,335,345,Q9NP70_335,0
579,O14815,CAPN9,690,IVKNPEFILG,73,83,O14815_73,0
580,P19022,CDH2,906,MEGNPTYGLS,354,364,P19022_354,0
581,P19022,CDH2,906,VNENPYFAPN,491,501,P19022_491,0
582,P20594,NPR2,1047,EPPNPEYQEF,300,310,P20594_300,0
583,Q9UJX4,ANAPC5,755,LKFNPDFAEA,244,254,Q9UJX4_244,0
584,Q6UB99,ANKRD11,2663,DRANPYFEYL,2433,2443,Q6UB99_2433,0
585,Q6UB98,ANKRD12,2062,ERANPYFEYL,1831,1841,Q6UB98_1831,0
586,P15088,CPA3,417,VEDNPLYVLK,149,159,P15088_149,0
587,Q9Y576,ASB1,335,AGANPDFNCN,214,224,Q9Y576_214,0
588,H3BRN8,C15orf65,121,NPGNPVFSCM,30,40,H3BRN8_30,0
589,Q9H3M9,ATXN3L,355,HFNNPEYQKL,93,103,Q9H3M9_93,0
590,A4D0V7,CPED1,1026,LELNPDFHPK,583,593,A4D0V7_583,0
591,P26998,CRYBB3,211,LFENPAFSGR,118,128,P26998_118,0
592,Q9H799,CPLANE1,3197,PRSNPLYMTS,2928,2938,Q9H799_2928,0
593,Q9UJA2,CRLS1,301,KYFNPCYATA,225,235,Q9UJA2_225,0
594,B2RXH4,BTBD18,712,LYRNPRFLRL,10,20,B2RXH4_10,0
595,O95180,CACNA1H,2353,LVCNPWFEHV,96,106,O95180_96,0
596,Q9HCU4,CELSR2,2923,NDNNPTFTQP,604,614,Q9HCU4_604,0
597,Q9HCU4,CELSR2,2923,GYGNPDFCWL,2504,2514,Q9HCU4_2504,0
598,O43529,CHST10,356,FVHNPRFEPW,203,213,O43529_203,0
599,Q00610,CLTC,1675,LRENPYYDSR,894,904,Q00610_894,0
600,Q7Z460,CLASP1,1538,QAANPQYVWD,121,131,Q7Z460_121,0
601,Q96BY6,DOCK10,2186,HSQNPDFSDE,736,746,Q96BY6_736,0
602,Q14183,DOC2A,400,KTLNPEFNEE,312,322,Q14183_312,0
603,Q5RHP9,ERICH3,1530,SSDNPDFRDE,301,311,Q5RHP9_301,0
604,P53539,FOSB,338,PVVNPSYTSS,294,304,P53539_294,0
605,Q13325,IFIT5,482,EPDNPEFNIG,170,180,Q13325_170,0
606,Q8WXF7,ATL1,558,VATNPNFDGK,276,286,Q8WXF7_276,0
607,Q8NHH9,ATL2,583,VATNPSFDGR,303,313,Q8NHH9_303,0
608,P78363,ABCA4,2273,RNANPLYSHH,43,53,P78363_43,0
609,P78363,ABCA4,2273,NVNNPCFQSP,76,86,P78363_76,0
610,Q86UB2,BIVM,503,NTQNPEYLDI,383,393,Q86UB2_383,0
611,P12821,ACE,1306,RGANPGFHEA,410,420,P12821_410,0
612,P12821,ACE,1306,EGANPGFHEA,1008,1018,P12821_1008,0
613,P43353,ALDH3B1,468,GGKNPCYVDD,212,222,P43353_212,0
614,Q6NVV9,ADAM5,412,KGYNPPYCQP,377,387,Q6NVV9_377,0
615,Q6PIY5,ARMH1,440,VHGNPKYQNQ,176,186,Q6PIY5_176,0
616,Q86YQ8,CPNE8,564,NTLNPDFVRK,71,81,Q86YQ8_71,0
617,Q8IYJ1,CPNE9,553,NTLNPDFVRK,61,71,Q8IYJ1_61,0
618,Q96PZ7,CSMD1,3564,YSCNPGYAMH,1242,1252,Q96PZ7_1242,0
619,Q96PZ7,CSMD1,3564,VKVNPDFVIA,1481,1491,Q96PZ7_1481,0
620,Q96PZ7,CSMD1,3564,FECNPGYLLQ,1765,1775,Q96PZ7_1765,0
621,Q96PZ7,CSMD1,3564,YQCNPGFRLV,2704,2714,Q96PZ7_2704,0
622,Q96PZ7,CSMD1,3564,TGNNPGFCGD,2913,2923,Q96PZ7_2913,0
623,Q96PZ7,CSMD1,3564,YQCNPGYVME,3061,3071,Q96PZ7_3061,0
624,Q96PZ7,CSMD1,3564,SFENPMYDTN,3533,3543,Q96PZ7_3533,0
625,Q92828,CORO2A,525,CAVNPHFIAV,41,51,Q92828_41,0
626,Q7Z408,CSMD2,3487,TFENPMYDRN,3456,3466,Q7Z408_3456,0
627,Q7Z407,CSMD3,3707,YGCNPGYTLH,1379,1389,Q7Z407_1379,0
628,Q7Z407,CSMD3,3707,FDCNPGYILH,1902,1912,Q7Z407_1902,0
629,Q7Z407,CSMD3,3707,YQCNPGFRLI,2841,2851,Q7Z407_2841,0
630,Q7Z407,CSMD3,3707,YDCNPGYFLF,2961,2971,Q7Z407_2961,0
631,Q7Z407,CSMD3,3707,AFENPMYDTN,3676,3686,Q7Z407_3676,0
632,Q9Y2S2,CRYL1,319,HPVNPPYYIP,145,155,Q9Y2S2_145,0
633,Q6QEF8,CORO6,472,CAVNPKFLAI,40,50,Q6QEF8_40,0
634,Q8NDB2,BANK1,785,STQNPAFHHE,429,439,Q8NDB2_429,0
635,Q9BR76,CORO1B,489,CAVNPKFLAV,41,51,Q9BR76_41,0
636,O60513,B4GALT4,344,VEHNPLYINI,327,337,O60513_327,0
637,Q6UX41,BTNL8,500,FTLNPRFISV,389,399,Q6UX41_389,0
638,Q9ULB4,CDH9,789,FTLNPNFTIV,531,541,Q9ULB4_531,0
639,P55286,CDH8,799,MVNNPNFTIK,539,549,P55286_539,0
640,Q9H4Z3,PCIF1,704,FEANPPFCEE,550,560,Q9H4Z3_550,0
641,Q6ZUJ4,C3orf62,267,ENENPAFATN,87,97,Q6ZUJ4_87,0
642,Q9P0X4,CACNA1I,2223,MVCNPWFECV,75,85,Q9P0X4_75,0
643,Q12864,CDH17,832,PAKNPSYNLV,201,211,Q12864_201,0
644,Q6UB35,MTHFD1L,978,QEKNPAFKPV,90,100,Q6UB35_90,0
645,Q9HBT6,CDH20,801,AANNPNFTIR,537,547,Q9HBT6_537,0
646,C9J3I9,C5orf58,102,ERNNPLFEES,79,89,C9J3I9_79,0
647,Q8IWX8,CHERP,916,QKDNPKFSFL,38,48,Q8IWX8_38,0
648,Q9BWV3,CDADC1,514,LCENPYFSNL,263,273,Q9BWV3_263,0
649,Q6IBW4,NCAPH2,605,KNNNPLYSRQ,160,170,Q6IBW4_160,0
650,P01024,C3,1663,LLHNPAFCSL,866,876,P01024_866,0
651,O60494,CUBN,3623,LLPNPVFSQN,3473,3483,O60494_3473,0
652,P17538,CTRB1,263,VFKNPKFSIL,106,116,P17538_106,0
653,Q9BUQ8,DDX23,820,IDYNPLYKER,284,294,Q9BUQ8_284,0
654,Q9Y2H6,FNDC3A,1198,EIENPHYSPS,866,876,Q9Y2H6_866,0
655,Q9BZC7,ABCA2,2435,LGGNPLFRME,216,226,Q9BZC7_216,0
656,O95870,ABHD16A,558,RWTNPQYRQF,118,128,O95870_118,0
657,Q15172,PPP2R5A,486,PSDNPDFDPE,137,147,Q15172_137,0
658,Q15173,PPP2R5B,497,PSENPEFDPE,143,153,Q15173_143,0
659,Q14738,PPP2R5D,602,ARLNPQYPMF,513,523,Q14738_513,0
660,Q86X55,CARM1,608,DLKNPFFRYT,468,478,Q86X55_468,0
661,O75815,BCAR3,825,CELNPAFATG,430,440,O75815_430,0
662,Q9Y6N8,CDH10,788,AAVNPNFTVQ,529,539,Q9Y6N8_529,0
663,Q9H251,CDH23,3354,DRENPLYSHG,300,310,Q9H251_300,0
664,Q9H251,CDH23,3354,NDNNPIFDQP,2396,2406,Q9H251_2396,0
665,Q8N8E3,CEP112,955,GIENPRYLRQ,214,224,Q8N8E3_214,0
666,P52757,CHN2,468,MTTNPIYEHI,147,157,P52757_147,0
667,Q9NYQ7,CELSR3,3312,GYGNPDFCWI,2667,2677,Q9NYQ7_2667,0
668,Q9H972,C14orf93,538,ELYNPNFQEE,491,501,Q9H972_491,0
669,Q96NY7,CLIC6,704,PGTNPPFMTF,523,533,Q96NY7_523,0
670,A8K7I4,CLCA1,914,QPPNPTFSLL,291,301,A8K7I4_291,0
671,Q01955,COL4A3,1670,EKGNPGFLGS,1320,1330,Q01955_1320,0
672,P20023,CR2,1033,YSCNPGYVLV,437,447,P20023_437,0
673,P20023,CR2,1033,VDCNPGFIMN,814,824,P20023_814,0
674,Q9UBL6,CPNE7,633,DCVNPKYKQK,339,349,Q9UBL6_339,0
675,Q05048,CSTF1,431,SPTNPGFMTC,406,416,Q05048_406,0
676,Q30KP9,DEFB135,77,CCVNPKYLPI,64,74,Q30KP9_64,0
677,Q13206,DDX10,875,SLKNPEYVWV,267,277,Q13206_267,0
678,Q96AC1,FERMT2,680,FDLNPKYDAI,280,290,Q96AC1_280,0
679,Q96GQ7,DDX27,796,ADFNPDFVFT,80,90,Q96GQ7_80,0
680,Q32MH5,FAM214A,1076,ENYNPKFFGN,663,673,Q32MH5_663,0
681,Q32MH5,FAM214A,1076,SPTNPQFSPR,1066,1076,Q32MH5_1066,0
682,Q14416,GRM2,872,NSRNPWFREF,339,349,Q14416_339,0
683,Q14832,GRM3,879,NHRNPWFRDF,345,355,Q14832_345,0
684,Q5TC63,GRTP1,336,MDQNPGYYHQ,88,98,Q5TC63_88,0
685,O43155,FLRT2,660,ARNNPWFCDC,307,317,O43155_307,0
686,Q9NZU0,FLRT3,649,LRNNPWYCGC,302,312,Q9NZU0_302,0
687,Q9H9S5,FKRP,495,VIENPQYPNP,477,487,Q9H9S5_477,0
688,Q6V0I7,FAT4,4981,NDNNPIFAQA,2148,2158,Q6V0I7_2148,0
689,Q6V0I7,FAT4,4981,CECNPCFNGG,3942,3952,Q6V0I7_3942,0
690,Q9NYQ8,FAT2,4349,SVLNPAFLGL,1926,1936,Q9NYQ8_1926,0
691,Q9NYQ8,FAT2,4349,NKSNPLFQSP,2165,2175,Q9NYQ8_2165,0
692,Q8IYD8,FANCM,2048,DMQNPNYVHL,1301,1311,Q8IYD8_1301,0
693,Q9H3Q3,GAL3ST2,398,ILRNPVFQLE,139,149,Q9H3Q3_139,0
694,Q9H461,FZD8,694,PCHNPFFSQD,263,273,Q9H461_263,0
695,Q14831,GRM7,915,NTSNPGYRLI,486,496,Q14831_486,0
696,Q9Y5R4,HEMK1,338,IVSNPPYVFH,236,246,Q9Y5R4_236,0
697,Q8WVV9,HNRNPLL,542,SIQNPLYPIT,172,182,Q8WVV9_172,0
698,Q9Y4K0,LOXL2,774,VVINPNFEVA,712,722,Q9Y4K0_712,0
699,Q9P2M1,LRP2BP,347,LPKNPFYASV,8,18,Q9P2M1_8,0
700,Q5T3J3,LRIF1,769,LFTNPIFPVG,472,482,Q5T3J3_472,0
701,Q8TBB1,LNX1,728,GLDNPAYVSS,178,188,Q8TBB1_178,1
702,P58215,LOXL3,753,VVINPNFEVA,693,703,P58215_693,0
703,Q8N448,LNX2,690,GLDNPAFEES,205,215,Q8N448_205,0
704,Q86X29,LSR,649,AAGNPGYNPY,154,164,Q86X29_154,0
705,Q96JB6,LOXL4,756,VIVNPHYEVA,697,707,Q96JB6_697,0
706,Q8NDA2,HMCN2,5059,VENNPAYLYC,2771,2781,Q8NDA2_2771,0
707,Q3SXY7,LRIT3,679,LQDNPWFCDC,198,208,Q3SXY7_198,0
708,Q5JTC6,AMER1,1135,CEENPEFHND,822,832,Q5JTC6_822,0
709,Q5TGY3,AHDC1,1603,QLYNPSFDCH,1126,1136,Q5TGY3_1126,0
710,Q5TGY3,AHDC1,1603,QPVNPLFQDS,1300,1310,Q5TGY3_1300,0
711,Q08AH1,ACSM1,577,RGPNPAFWWV,68,78,Q08AH1_68,0
712,Q14246,ADGRE1,886,CFCNPGFESS,197,207,Q14246_197,0
713,Q9BYV8,CEP41,373,HIGNPEYLMK,6,16,Q9BYV8_6,0
714,Q9BYV8,CEP41,373,IPQNPRYQHI,17,27,Q9BYV8_17,0
715,Q66PJ3,ARL6IP4,421,LEQNPGFLPD,8,18,Q66PJ3_8,0
716,Q76N32,CEP68,757,EGQNPCFLRS,552,562,Q76N32_552,0
717,Q86YJ7,ANKRD13B,626,EYFNPNFELG,342,352,Q86YJ7_342,0
718,O94973,AP2A2,939,ASRNPTFMGL,121,131,O94973_121,0
719,Q16720,ATP2B3,1220,IFSNPIFCTI,1000,1010,Q16720_1000,0
720,P61158,ACTR3,418,EFANPDFTQP,286,296,P61158_286,0
721,P61158,ACTR3,418,CRHNPVFGVM,408,418,P61158_408,0
722,Q6UXE8,BTNL3,466,FTFNPHFISL,389,399,Q6UXE8_389,0
723,Q9Y276,BCS1L,419,LKDNPYFGAG,10,20,Q9Y276_10,0
724,Q7Z6I8,C5orf24,188,ASSNPAFCGP,6,16,Q7Z6I8_6,0
725,Q96HY7,DHTKD1,919,AKINPLFTGQ,71,81,Q96HY7_71,0
726,Q19T08,ECSCR,205,VSSNPGYIPS,48,58,Q19T08_48,0
727,Q08426,EHHADH,723,RMLNPYYNQA,483,493,Q08426_483,0
728,P42126,ECI1,302,LADNPRYCIG,166,176,P42126_166,0
729,Q9H1R2,DUSP15,295,ANPNPGFRQQ,122,132,Q9H1R2_122,0
730,Q4G0W2,DUSP28,176,AEPNPGFWSQ,140,150,Q4G0W2_140,0
731,Q96S66,CLCC1,551,SQSNPVFRRY,91,101,Q96S66_91,0
732,Q6ZR08,DNAH12,3092,RKINPIFDEN,581,591,Q6ZR08_581,0
733,Q6ZR08,DNAH12,3092,ITMNPGYAGR,1353,1363,Q6ZR08_1353,0
734,Q6ZR08,DNAH12,3092,IVENPHYKFS,2734,2744,Q6ZR08_2734,0
735,Q0VDD8,DNAH14,3507,ITMNPRYGGG,1238,1248,Q0VDD8_1238,0
736,Q0VDD8,DNAH14,3507,EIDNPHFLPS,2588,2598,Q0VDD8_2588,0
737,Q9P225,DNAH2,4427,TSPNPLFQVL,857,867,Q9P225_857,0
738,Q9P225,DNAH2,4427,ITMNPGYAGR,1903,1913,Q9P225_1903,0
739,Q9P225,DNAH2,4427,KLSNPHYSPE,3488,3498,Q9P225_3488,0
740,Q8TD57,DNAH3,4116,IVFNPSFDGC,499,509,Q8TD57_499,0
741,Q8TD57,DNAH3,4116,ITMNPGYAGR,1529,1539,Q8TD57_1529,0
742,Q8TD57,DNAH3,4116,RLRNPHYLPE,3175,3185,Q8TD57_3175,0
743,Q14204,DYNC1H1,4646,EHSNPNYDKT,1984,1994,Q14204_1984,0
744,Q14204,DYNC1H1,4646,ITMNPGYAGR,2016,2026,Q14204_2016,0
745,Q14204,DYNC1H1,4646,YMSNPSYNYE,3371,3381,Q14204_3371,0
746,Q9Y4K1,CRYBG1,1723,AYENPDFTGE,1366,1376,Q9Y4K1_1366,0
747,Q14184,DOC2B,412,KTLNPEFNEE,327,337,Q14184_327,0
748,Q96JJ3,ELMO2,720,SLPNPEYYTL,42,52,Q96JJ3_42,0
749,Q8N766,EMC1,993,YVFNPIFGKW,602,612,Q8N766_602,0
750,Q8NEG4,FAM83F,500,KLINPKYALV,321,331,Q8NEG4_321,0
751,Q9H4H8,FAM83D,585,DFHNPGYPKY,501,511,Q9H4H8_501,0
752,Q5XKR9,FAM104B,115,NKRNPIFQDS,27,37,Q5XKR9_27,0
753,O00519,FAAH,579,DCSNPLFGQT,195,205,O00519_195,0
754,Q86US8,SMG6,1419,NSDNPYYYPR,503,513,Q86US8_503,0
755,Q9BQL6,FERMT1,677,FDLNPKYDAV,278,288,Q9BQL6_278,0
756,P35556,FBN2,2912,CCANPDYGFG,729,739,P35556_729,0
757,P35556,FBN2,2912,CSCNPGYQAT,1225,1235,P35556_1225,0
758,P23769,GATA2,480,SQGNPYYANP,54,64,P23769_54,0
759,Q13045,FLII,1269,QQENPKFLSH,1024,1034,Q13045_1024,0
760,Q9NYF0,DACT1,836,ADVNPKYQCD,248,258,Q9NYF0_248,0
761,Q96C10,DHX58,678,VNVNPNFSNY,578,588,Q96C10_578,0
762,O60883,GPR37L1,481,QIQNPLYPVT,115,125,O60883_115,0
763,Q9GZS0,DNAI2,605,LQRNPFYPKN,370,380,Q9GZS0_370,0
764,Q14376,GALE,348,VYGNPQYLPL,135,145,Q14376_135,0
765,Q9Y238,DLEC1,1755,FLKNPRFFPP,326,336,Q9Y238_326,0
766,Q9Y2I7,PIKFYVE,2098,LMQNPSFHSL,883,893,Q9Y2I7_883,0
767,Q9Y2I7,PIKFYVE,2098,VRDNPLYIRS,1983,1993,Q9Y2I7_1983,0
768,Q9NZJ5,EIF2AK3,1116,FLDNPHYNKN,500,510,Q9NZJ5_500,0
769,Q6W3E5,GDPD4,623,ACENPAFFNW,263,273,Q6W3E5_263,0
770,P01215,CGA,116,LQENPFFSQP,36,46,P01215_36,0
771,Q8IVF4,DNAH10,4471,ITMNPGYAGR,1932,1942,Q8IVF4_1932,0
772,Q8IVF4,DNAH10,4471,KLANPRYSPS,3529,3539,Q8IVF4_3529,0
773,Q9P2D7,DNAH1,4265,PRKNPLFIMD,653,663,Q9P2D7_653,0
774,Q9P2D7,DNAH1,4265,ITMNPGYAGR,1681,1691,Q9P2D7_1681,0
775,Q9P2D7,DNAH1,4265,KLPNPHYTPE,3327,3337,Q9P2D7_3327,0
776,Q8WXX0,DNAH7,4024,ITMNPGYAGR,1428,1438,Q8WXX0_1428,0
777,Q8WXX0,DNAH7,4024,YIPNPDFVPE,2772,2782,Q8WXX0_2772,0
778,Q8WXX0,DNAH7,4024,KLRNPHYLPE,3084,3094,Q8WXX0_3084,0
779,Q96JB1,DNAH8,4490,VDLNPEFGIF,1937,1947,Q96JB1_1937,0
780,Q96JB1,DNAH8,4490,LTMNPGYAGR,1947,1957,Q96JB1_1947,0
781,Q96JB1,DNAH8,4490,KLPNPAFTPE,3562,3572,Q96JB1_3562,0
782,Q9NRM1,ENAM,1142,EGGNPYFGYF,194,204,Q9NRM1_194,0
783,Q9NRM1,ENAM,1142,RPGNPVYHKA,373,383,Q9NRM1_373,0
784,P0C7U0,ELFN1,828,LYSNPFYCSC,187,197,P0C7U0_187,0
785,Q92611,EDEM1,657,ATKNPFYLHV,504,514,Q92611_504,0
786,Q96P31,FCRL3,734,GDSNPIYSQI,656,666,Q96P31_656,0
787,A0AVI2,FER1L5,2057,MGNNPFFNEI,203,213,A0AVI2_203,0
788,A0AVI2,FER1L5,2057,FQTNPNFPES,1281,1291,A0AVI2_1281,0
789,P09913,IFIT2,472,KPKNPEFTSG,168,178,P09913_168,0
790,P27352,CBLIF,417,QRKNPMFKFE,351,361,P27352_351,0
791,Q9BZJ6,GPR63,419,YTTNPGYQAY,233,243,Q9BZJ6_233,0
792,Q8WWA0,ITLN1,313,DYKNPGYYDI,133,143,Q8WWA0_133,0
793,Q8WWU7,ITLN2,325,DYKNPGYYDI,145,155,Q8WWU7_145,0
794,P42694,HELZ,1942,VASNPAFPQR,1643,1653,P42694_1643,0
795,O00214,LGALS8,317,FHFNPRFKRA,64,74,O00214_64,0
796,Q3B8N2,LGALS9B,356,FHFNPRFEDG,60,70,Q3B8N2_60,0
797,Q3B8N2,LGALS9B,356,FHMNPRFDEN,267,277,Q3B8N2_267,0
798,Q9UM73,ALK,1620,TDYNPNYCFA,1090,1100,Q9UM73_1090,0
799,Q9UM73,ALK,1620,SLWNPTYGSW,1501,1511,Q9UM73_1501,0
800,Q96CM8,ACSF2,615,VSVNPAYQAM,152,162,Q96CM8_152,0
801,Q96CM8,ACSF2,615,ILPNPLYHCL,304,314,Q96CM8_304,0
802,A8MX76,CAPN14,684,LHSNPQFYFA,77,87,A8MX76_77,0
803,A8MX76,CAPN14,684,FWKNPQFLLS,374,384,A8MX76_374,0
804,Q12774,ARHGEF5,1597,SPHNPAFATE,694,704,Q12774_694,0
805,P07384,CAPN1,714,LLSNPQFIVD,91,101,P07384_91,0
806,P07384,CAPN1,714,FWVNPQFKIR,391,401,P07384_391,0
807,O14497,ARID1A,2285,MTPNPGYQPS,1205,1215,O14497_1205,0
808,O14497,ARID1A,2285,HMQNPPFEPT,2217,2227,O14497_2217,0
809,Q86XL3,ANKLE2,938,IWSNPRYLIG,329,339,Q86XL3_329,0
810,Q86XL3,ANKLE2,938,VLENPDFMRL,373,383,Q86XL3_373,0
811,Q6P2P2,PRMT9,845,VKLNPDFSDA,128,138,Q6P2P2_128,0
812,Q01433,AMPD2,879,EEDNPPYAYY,650,660,Q01433_650,0
813,O95782,AP2A1,977,ASRNPTFMCL,121,131,O95782_121,0
814,A6NC57,ANKRD62,917,GFSNPGYRVR,26,36,A6NC57_26,0
815,O15247,CLIC2,247,PGTNPPFLVY,66,76,O15247_66,0
816,Q96P44,COL21A1,957,LPGNPGYPGQ,462,472,Q96P44_462,0
817,Q96GD4,AURKB,344,LVGNPPFESA,267,277,Q96GD4_267,0
818,Q8TDN6,BRIX1,353,LYENPHYQSP,253,263,Q8TDN6_253,0
819,Q6ZNE5,ATG14,492,EQSNPAYTIS,295,305,Q6ZNE5_295,0
820,P07711,CTSL,333,CKYNPKYSVA,211,221,P07711_211,0
821,P56539,CAV3,151,TFCNPLFAAL,127,137,P56539_127,0
822,Q9UMQ6,CAPN11,739,IINNPLFIMD,115,125,Q9UMQ6_115,0
823,Q9UMQ6,CAPN11,739,FWTNPQFKIS,415,425,Q9UMQ6_415,0
824,Q9HC96,CAPN10,672,FPSNPKFWLR,361,371,Q9HC96_361,0
825,Q9HC96,CAPN10,672,YPTNPCFPFS,538,548,Q9HC96_538,0
826,Q6ZSI9,CAPN12,719,FWTNPQFRLT,379,389,Q6ZSI9_379,0
827,M0R2J8,DCDC1,1783,NTVNPIYKYI,40,50,M0R2J8_40,0
828,P55290,CDH13,713,TLENPKYELI,321,331,P55290_321,0
829,P11926,ODC1,461,QFQNPDFPPE,419,429,P11926_419,0
830,Q8NEL9,DDHD1,900,CSRNPDFEEK,518,528,Q8NEL9_518,0
831,O94830,DDHD2,711,LQRNPDFKGG,335,345,O94830_335,0
832,Q9BZ29,DOCK9,2069,HHQNPEFYDE,704,714,Q9BZ29_704,0
833,Q709F0,ACAD11,780,GKSNPTFYLQ,52,62,Q709F0_52,0
834,Q99424,ACOX2,681,TQENPAYEEY,660,670,Q99424_660,0
835,Q9C0B6,BRINP2,783,GSCNPGYVLA,478,488,Q9C0B6_478,0
836,P48448,ALDH3B2,385,GGKNPCYVDD,131,141,P48448_131,0
837,Q16352,INA,499,PLPNPSYLLP,419,429,Q16352_419,0
838,Q9UKA4,AKAP11,1901,PASNPKFSSR,1617,1627,Q9UKA4_1617,0
839,Q6NUN0,ACSM5,579,RPPNPAFWWV,72,82,Q6NUN0_72,0
840,P51693,APLP1,650,GYENPTYRFL,637,647,P51693_637,1
841,Q8WYN0,ATG4A,398,NQINPVYVDA,234,244,Q8WYN0_234,0
842,Q86TL0,ATG4D,474,ETLNPVYVPC,311,321,Q86TL0_311,0
843,Q8WXJ9,ASB17,295,RKGNPDFVEL,104,114,Q8WXJ9_104,0
844,Q96QE3,ATAD5,1844,RWSNPEFSLK,952,962,Q96QE3_952,0
845,Q8NCB2,CAMKV,501,LSGNPPFYEE,214,224,Q8NCB2_214,0
846,P55210,CASP7,303,TDANPRYKIP,205,215,P55210_205,0
847,Q96PB1,CASD1,797,KIINPQFKEE,105,115,Q96PB1_105,0
848,P07766,CD3E,207,PVPNPDYEPI,182,192,P07766_182,0
849,Q8N960,CEP120,986,DLINPNFEPE,237,247,Q8N960_237,0
850,P86790,CCZ1B,482,FIYNPRFGPR,28,38,P86790_28,0
851,Q96MR6,CFAP57,1250,TQNNPVYQVS,151,161,Q96MR6_151,0
852,O60583,CCNT2,730,VPTNPSFQKP,295,305,O60583_295,0
853,Q9BV87,CNPPD1,410,RHRNPDYLQH,107,117,Q9BV87_107,0
854,Q49AN0,CRY2,593,ATNNPRFDRM,319,329,Q49AN0_319,0
855,Q16526,CRY1,586,ATNNPRFDKM,300,310,Q16526_300,0
856,Q9Y2X7,GIT1,761,LPVNPEYSAT,315,325,Q9Y2X7_315,0
857,P32456,GBP2,591,EELNPDFIEQ,254,264,P32456_254,0
858,Q14161,GIT2,759,LPVNPEYSST,317,327,Q14161_317,0
859,Q96DT5,DNAH11,4516,ITMNPGYAGR,1993,2003,Q96DT5_1993,0
860,Q96DT5,DNAH11,4516,KLANPHYKPE,3586,3596,Q96DT5_3586,0
861,Q96DT5,DNAH11,4516,QKINPLYQFS,3723,3733,Q96DT5_3723,0
862,Q9NZ52,GGA3,723,RPKNPVFDDE,163,173,Q9NZ52_163,0
863,Q9UFH2,DNAH17,4462,WSANPLFERK,799,809,Q9UFH2_799,0
864,Q9UFH2,DNAH17,4462,ITMNPGYAGR,1947,1957,Q9UFH2_1947,0
865,Q9UFH2,DNAH17,4462,YQGNPTFDPE,3220,3230,Q9UFH2_3220,0
866,Q9UFH2,DNAH17,4462,KYFNPHYKPE,3532,3542,Q9UFH2_3532,0
867,Q9UFH2,DNAH17,4462,NKINPVYQFS,3669,3679,Q9UFH2_3669,0
868,Q9C0G6,DNAH6,4158,ITMNPGYAGR,1572,1582,Q9C0G6_1572,0
869,Q9C0G6,DNAH6,4158,YINNPDFVPE,2860,2870,Q9C0G6_2860,0
870,Q9C0G6,DNAH6,4158,KMPNPHYLPE,3172,3182,Q9C0G6_3172,0
871,Q9NYC9,DNAH9,4486,ITMNPGYAGR,1970,1980,Q9NYC9_1970,0
872,Q9NYC9,DNAH9,4486,PEFNPEFVAT,3248,3258,Q9NYC9_3248,0
873,Q9NYC9,DNAH9,4486,CEYNPKFRLI,3543,3553,Q9NYC9_3543,0
874,Q9NYC9,DNAH9,4486,KLANPHYQPE,3556,3566,Q9NYC9_3556,0
875,Q86XH1,IQCA1,822,TSMNPVYKEE,777,787,Q86XH1_777,0
876,Q8IZD9,DOCK3,2030,AYPNPRYQGS,1717,1727,Q8IZD9_1717,0
877,P14921,ETS1,441,NGVNPAYPES,143,153,P14921_143,0
878,Q8WVX9,FAR1,515,RDENPDFREK,69,79,Q8WVX9_69,0
879,Q7Z2K8,GPRIN1,1008,DDRNPMFLEK,143,153,Q7Z2K8_143,0
880,P78347,GTF2I,998,FESNPEFLYV,600,610,P78347_600,0
881,P09488,GSTM1,218,ICYNPEFEKL,114,124,P09488_114,0
882,Q15835,GRK1,563,NEENPGFPEP,283,293,Q15835_283,0
883,P32298,GRK4,578,NLGNPGFDEQ,278,288,P32298_278,0
884,P34947,GRK5,590,NMGNPGFEEE,277,287,P34947_277,0
885,Q13255,GRM1,1194,NTRNPWFPEF,362,372,Q13255_362,0
886,Q13255,GRM1,1194,LLENPNFKRI,384,394,Q13255_384,0
887,O95477,ABCA1,2261,NANNPCFRYP,76,86,O95477_76,0
888,P05067,APP,770,GYENPTYKFF,756,766,P05067_756,1
889,O60241,ADGRB2,1585,QEANPVYMCG,1319,1329,O60241_1319,0
890,Q9UHX3,ADGRE2,823,CRCNPGFSSF,45,55,Q9UHX3_45,0
891,P48960,ADGRE5,835,CRCNPGFSSF,42,52,P48960_42,0
892,Q8N302,AGGF1,714,TLKNPKYKDR,581,591,Q8N302_581,0
893,Q6MZZ7,CAPN13,669,LTQNPQYRQK,102,112,Q6MZZ7_102,0
894,P17655,CAPN2,700,FWMNPQYLIK,381,391,P17655_381,0
895,Q9Y4B4,RAD54L2,1467,TASNPSFMLN,1363,1373,Q9Y4B4_1363,0
896,Q92772,CDKL2,493,FNKNPVFAGV,229,239,Q92772_229,0
897,P23109,AMPD1,780,LEKNPSYTYY,568,578,P23109_568,0
898,Q96PS8,AQP10,301,AHLNPAFSLA,79,89,Q96PS8_79,0
899,Q8NHU2,CFAP61,1237,FALNPIFRHY,561,571,Q8NHU2_561,0
900,P16615,ATP2A2,1042,KEDNPDFEGV,876,886,P16615_876,0
901,Q9BUX1,CHAC1,222,TPQNPGYLGP,146,156,Q9BUX1_146,0
902,Q8TBY9,CFAP251,1149,EEPNPNYKEV,24,34,Q8TBY9_24,0
903,Q9HCK8,CHD8,2581,EPFNPDYVEV,717,727,Q9HCK8_717,0
904,Q86W10,CYP4Z1,505,LHHNPYFWED,411,421,Q86W10_411,0
905,P22413,ENPP1,925,LLKNPVYTPK,594,604,P22413_594,0
906,Q86XX4,FRAS1,4008,DGTNPFFIIE,2405,2415,Q86XX4_2405,0
907,O14879,IFIT3,490,KPNNPEFSSG,166,176,O14879_166,0
908,O60383,GDF9,454,HRYNPRYCKG,375,385,O60383_375,0
909,Q9BZJ8,GPR61,451,FTSNPFFYGC,334,344,Q9BZJ8_334,0
910,Q8NCT3,KIAA0895,520,YTYNPQFEYA,259,269,Q8NCT3_259,0
911,Q9BYF1,ACE2,805,GENNPGFQNT,789,799,Q9BYF1_789,0
912,Q06481,APLP2,763,GYENPTYKYL,749,759,Q06481_749,1
913,Q93084,ATP2A3,999,SEDNPLFAGI,877,887,Q93084_877,0
914,Q3L8U1,CHD9,2897,EPFNPDYVEV,766,776,Q3L8U1_766,0
915,O95389,CCN6,354,FQPNPLFSCL,135,145,O95389_135,0
916,Q9P2T1,GMPR2,348,QQVNPIFSEA,338,348,Q9P2T1_338,0
917,Q96EB1,ELP4,424,RETNPLYKDY,335,345,Q96EB1_335,0
918,P04626,ERBB2,1255,AVENPEYLTP,1190,1200,P04626_1190,0
919,P04626,ERBB2,1255,TAENPEYLGL,1242,1252,P04626_1242,0
920,P21860,ERBB3,1342,AFDNPDYWHS,1322,1332,P21860_1322,0
921,P09769,FGR,529,QAINPGFLDS,59,69,P09769_59,0
922,Q7Z2Y8,GVINP1,2422,APPNPRYSHN,1680,1690,Q7Z2Y8_1680,0
923,Q7Z2Y8,GVINP1,2422,CGYNPNYFHE,1994,2004,Q7Z2Y8_1994,0
924,Q07954,LRP1,4544,CLANPSYVPP,842,852,Q07954_842,0
925,Q07954,LRP1,4544,ICTNPAFICD,3385,3395,Q07954_3385,0
926,Q07954,LRP1,4544,EIGNPTYKMY,4467,4477,Q07954_4467,1
927,Q07954,LRP1,4544,NFTNPVYATL,4501,4511,Q07954_4501,1
928,P34913,EPHX2,555,IKANPVFDYQ,375,385,P34913_375,0
929,Q9BZ81,MAGEB5,275,KIVNPRYQNQ,68,78,Q9BZ81_68,0
930,Q13099,IFT88,824,NDYNPIYDIE,21,31,Q13099_21,0
931,P33908,MAN1A1,653,LSGNPIFAEK,363,373,P33908_363,0
932,A0A0B4J1V7,IGHV7-81,117,YTGNPTYAQG,73,83,A0A0B4J1V7_73,0
933,Q5TCS8,AK9,1911,AEHNPQYLIE,257,267,Q5TCS8_257,0
934,Q5TCS8,AK9,1911,NAENPIYPVI,1367,1377,Q5TCS8_1367,0
935,Q8IYD9,LAS2,372,IEKNPHFQGP,164,174,Q8IYD9_164,0
936,Q9GZU1,MCOLN1,580,LTPNPGYGTQ,16,26,Q9GZU1_16,0
937,O43451,MGAM,1857,NLNNPPFTPR,548,558,O43451_548,0
938,Q6UX53,METTL7B,244,LDPNPHFEKF,97,107,Q6UX53_97,0
939,Q9NYQ6,CELSR1,3014,GYGNPDFCWL,2596,2606,Q9NYQ6_2596,0
940,O95628,CNOT4,575,YKLNPNFLQL,245,255,O95628_245,0
941,Q8TE73,DNAH5,4624,VTMNPEFGLF,2071,2081,Q8TE73_2071,0
942,Q8TE73,DNAH5,4624,LTMNPGYAGR,2081,2091,Q8TE73_2081,0
943,Q8TE73,DNAH5,4624,KLPNPAYTPE,3697,3707,Q8TE73_3697,0
944,Q8IXS2,CCDC65,484,SQLNPLFIVN,451,461,Q8IXS2_451,0
945,Q86X52,CHSY1,802,PNKNPPYQYR,305,315,Q86X52_305,0
946,Q86X52,CHSY1,802,RRVNPMYGAE,437,447,Q86X52_437,0
947,Q7L1S5,CHST9,443,TNQNPKFHMP,78,88,Q7L1S5_78,0
948,P10643,C7,843,INNNPEFLQL,263,273,P10643_263,0
949,P49916,LIG3,1009,VADNPSYNTK,273,283,P49916_273,0
950,O76062,TM7SF2,418,NSGNPIYDFF,165,175,O76062_165,0
951,Q6ZV73,FGD6,1430,FSGNPEFLKS,576,586,Q6ZV73_576,0
952,Q6ZV73,FGD6,1430,CKKNPGFAAV,984,994,Q6ZV73_984,0
953,Q9UBX5,FBLN5,448,PRTNPVYRGP,70,80,Q9UBX5_70,0
954,Q9UBX5,FBLN5,448,CTCNPGFTLN,190,200,Q9UBX5_190,0
955,Q5CZC0,FSIP2,6907,DIDNPSFASI,1517,1527,Q5CZC0_1517,0
956,Q5CZC0,FSIP2,6907,CGNNPVYDNA,4064,4074,Q5CZC0_4064,0
957,Q9NPB8,GPCPD1,672,LLRNPSYIQE,565,575,Q9NPB8_565,0
958,O60674,JAK2,1132,KTGNPPFIKL,688,698,O60674_688,0
959,A2RTY3,HEATR9,570,AKLNPLFIAK,514,524,A2RTY3_514,0
960,Q5T8I9,HENMT1,393,SEFNPLFPSV,165,175,Q5T8I9_165,0
961,Q4G112,HSF5,596,HFHNPHFRRD,110,120,Q4G112_110,0
962,Q9UHA7,IL36A,158,DRGNPIYLGL,58,68,Q9UHA7_58,0
963,P06213,INSR,1382,ASSNPEYLSA,993,1003,P06213_993,0
964,Q13576,IQGAP2,1575,LQTNPLYLAK,892,902,Q13576_892,0
965,P46940,IQGAP1,1657,LQTNPTYLAK,979,989,P46940_979,0
966,Q5SRI9,MANEA,462,WYGNPQFDGK,110,120,Q5SRI9_110,0
967,O94822,LTN1,1766,MPENPTYAET,1520,1530,O94822_1520,0
968,O95711,LY86,162,PVNNPEFTIP,125,135,O95711_125,0
969,Q5VYJ5,MALRD1,2156,AFVNPVYGNW,2114,2124,Q5VYJ5_2114,0
970,Q5VYJ5,MALRD1,2156,SFSNPLYGTT,2135,2145,Q5VYJ5_2135,0
971,Q9NX58,LYAR,379,ISKNPTFKLL,362,372,Q9NX58_362,0
972,P28300,LOX,417,SDDNPYYNYY,178,188,P28300_178,0
973,P28300,LOX,417,VSVNPSYLVP,378,388,P28300_378,0
974,Q9NRN9,METTL5,209,VIMNPPFGTK,123,133,Q9NRN9_123,0
975,Q8TCB7,METTL6,284,VKQNPLYDTE,119,129,Q8TCB7_119,0
976,Q9BY79,MFRP,579,EFCNPAFEPE,20,30,Q9BY79_20,0
977,Q6N075,MFSD5,450,ACSNPSFLRF,32,42,Q6N075_32,0
978,Q96PE3,INPP4A,977,GTNNPIFLSS,91,101,Q96PE3_91,0
979,Q14571,ITPR2,2701,AELNPDYRDA,316,326,Q14571_316,0
980,P78412,IRX6,446,GALNPQYEFK,99,109,P78412_99,0
981,P78412,IRX6,446,AFGNPKFALQ,409,419,P78412_409,0
982,P20273,CD22,847,LFHNPEYNKN,58,68,P20273_58,0
983,P20273,CD22,847,SSSNPEYTTV,268,278,P20273_268,0
984,O95067,CCNB2,398,QSINPHFLDG,149,159,O95067_149,0
985,Q6GPI1,CTRB2,263,VFKNPKFSIL,106,116,Q6GPI1_106,0
986,P19113,HDC,662,FSVNPIYLRH,328,338,P19113_328,0
987,Q9UII6,DUSP13,198,ADDNPFFDLS,104,114,Q9UII6_104,0
988,Q9UBU6,FAM8A1,413,GYYNPFYFLS,170,180,Q9UBU6_170,0
989,O75460,ERN1,977,CKENPTYTVD,747,757,O75460_747,0
990,Q5VVW2,GARNL3,1013,HLENPEYHTR,88,98,Q5VVW2_88,0
991,Q71H61,ILDR2,639,LESNPDYWSG,367,377,Q71H61_367,0
992,Q12906,ILF3,894,KPHNPGFGMG,617,627,Q12906_617,0
993,Q4G0P3,HYDIN,5121,IVDNPAFTIR,5055,5065,Q4G0P3_5055,0
994,Q5T764,IFIT1B,474,NPENPEFNTG,171,181,Q5T764_171,0
995,Q9UN88,GABRQ,632,DLFNPDYVPK,597,607,Q9UN88_597,0
996,Q15034,HERC3,1050,ELLNPIYGMF,757,767,Q15034_757,0
997,Q53FT3,HIKESHI,197,LAQNPLFWKT,188,198,Q53FT3_188,0
998,Q16534,HLF,295,LPLNPTFIPP,8,18,Q16534_8,0
999,P26006,ITGA3,1051,SAGNPNYRRN,502,512,P26006_502,0
1000,P05107,ITGB2,769,NNDNPLFKSA,748,758,P05107_748,0
1001,P05107,ITGB2,769,TVMNPKFAES,760,770,P05107_760,1
1002,Q8WYB5,KAT6B,2073,KLANPLYTEW,3,13,Q8WYB5_3,0
1003,Q8WYB5,KAT6B,2073,TTNNPAFQQR,142,152,Q8WYB5_142,0
1004,P29376,LTK,864,TAPNPYYCQV,479,489,P29376_479,0
1005,Q9H2C1,LHX5,402,AADNPRFTDM,335,345,Q9H2C1_335,0
1006,Q5C9Z4,NOM1,860,KTYNPFYAFL,701,711,Q5C9Z4_701,0
1007,Q8TAT5,NEIL3,605,KSCNPGYSNS,478,488,Q8TAT5_478,0
1008,Q9HCC0,MCCC2,563,EEGNPYYSSA,515,525,Q9HCC0_515,0
1009,P46531,NOTCH1,2555,LGGNPCYNQG,1392,1402,P46531_1392,0
1010,P46531,NOTCH1,2555,GQCNPLYDQY,1526,1536,P46531_1526,0
1011,P10253,GAA,952,ELENPPYVPG,537,547,P10253_537,0
1012,P55001,MFAP2,183,QIDNPDYYDY,41,51,P55001_41,0
1013,Q96ME1,FBXL18,805,KFNNPFYFSF,312,322,Q96ME1_312,0
1014,A9Z1Z3,FER1L4,1794,AGFNPTFGPA,298,308,A9Z1Z3_298,0
1015,A9Z1Z3,FER1L4,1794,KQLNPIFGEI,1292,1302,A9Z1Z3_1292,0
1016,P31150,GDI1,447,MDRNPYYGGE,33,43,P31150_33,0
1017,Q8IYU2,HACE1,909,KGANPNYQDI,87,97,Q8IYU2_87,0
1018,Q8IYU2,HACE1,909,EIVNPDYALF,607,617,Q8IYU2_607,0
1019,P22830,FECH,423,LNGNPLFSKA,371,381,P22830_371,0
1020,O00291,HIP1,1037,HTKNPRFPGN,153,163,O00291_153,0
1021,Q9P2P5,HECW2,1572,ELFNPYYGLF,1272,1282,Q9P2P5_1272,0
1022,Q9NWT6,HIF1AN,349,DFDNPDYERF,243,253,Q9NWT6_243,0
1023,P83110,HTRA3,453,KASNPDFPEV,373,383,P83110_373,0
1024,P98164,LRP2,4655,VSGNPSFFVG,736,746,P98164_736,0
1025,P98164,LRP2,4655,SDENPTYCTT,2852,2862,P98164_2852,0
1026,P98164,LRP2,4655,IFENPMYSAR,4520,4530,P98164_4520,1
1027,P98164,LRP2,4655,NFENPIYAQM,4592,4602,P98164_4592,1
1028,O75096,LRP4,1905,TYSNPSYRTS,1763,1773,O75096_1763,0
1029,Q14114,LRP8,963,NFDNPVYRKT,860,870,Q14114_860,1
1030,Q96NW7,LRRC7,1537,FQHNPEYVQQ,1052,1062,Q96NW7_1052,0
1031,Q8WUT4,LRRN4,740,AYKNPAFDDY,723,733,Q8WUT4_723,0
1032,A2RUH7,MYBPHL,354,IQGNPKYRAL,301,311,A2RUH7_301,0
1033,P31275,HOXC12,282,NLLNPGFVGP,5,15,P31275_5,0
1034,P31275,HOXC12,282,VSLNPPFGRT,73,83,P31275_73,0
1035,P26010,ITGB7,798,QDSNPLYKSA,772,782,P26010_772,0
1036,P26010,ITGB7,798,TTINPRFQEA,784,794,P26010_784,0
1037,Q68EN5,KIAA0895L,471,YTYNPQFEYQ,160,170,Q68EN5_160,0
1038,P19827,ITIH1,911,ITLNPGFGGP,751,761,P19827_751,0
1039,Q92794,KAT6A,2004,KLANPLYTEW,3,13,Q92794_3,0
1040,Q92794,KAT6A,2004,YHSNPAYMNQ,1936,1946,Q92794_1936,0
1041,Q9UPX6,MINAR1,916,QYLNPVYSPV,311,321,Q9UPX6_311,0
1042,Q9UPX6,MINAR1,916,MKSNPLYTDM,806,816,Q9UPX6_806,0
1043,Q9UHC1,MLH3,1453,DLENPRFYGF,83,93,Q9UHC1_83,0
1044,Q9UHC1,MLH3,1453,EWDNPVFARY,1144,1154,Q9UHC1_1144,0
1045,P05162,LGALS2,132,LHFNPRFSES,44,54,P05162_44,0
1046,Q9H6V9,LDAH,325,IPGNPGFSAF,50,60,Q9H6V9_50,0
1047,P42285,MTREX,1042,EEINPEYMLE,577,587,P42285_577,0
1048,Q13496,MTM1,603,KFKNPFYTKE,508,518,Q13496_508,0
1049,Q13614,MTMR2,643,DFTNPLYGSY,550,560,Q13614_550,0
1050,P10909,CLU,449,SRKNPKFMET,424,434,P10909_424,0
1051,Q9Y6Y1,CAMTA1,1673,HKLNPEYFQT,1246,1256,Q9Y6Y1_1246,0
1052,Q8N3C7,CLIP4,705,LEGNPLFGRY,11,21,Q8N3C7_11,0
1053,Q8N3C7,CLIP4,705,QGANPAFRND,209,219,Q8N3C7_209,0
1054,Q8N684,CPSF7,471,LHLNPAFFPP,289,299,Q8N684_289,0
1055,Q9HCH3,CPNE5,593,NTLNPDFVRK,70,80,Q9HCH3_70,0
1056,P52803,EFNA5,228,NSSNPRFQRG,37,47,P52803_37,0
1057,Q9H336,CRISPLD1,500,MQANPHYARV,423,433,Q9H336_423,0
1058,A2RU67,FAM234B,622,WTLNPNYLSN,245,255,A2RU67_245,0
1059,Q6PKH6,DHRS4L2,232,AAVNPFFGSL,117,127,Q6PKH6_117,0
1060,Q9NVP4,DZANK1,752,AQNNPEFRAL,495,505,Q9NVP4_495,0
1061,I3L273,GFY,518,DRLNPEFPGT,55,65,I3L273_55,0
1062,P14416,DRD2,443,IIANPAFVVY,183,193,P14416_183,0
1063,Q9UPQ8,DOLK,538,TAGNPFFERF,101,111,Q9UPQ8_101,0
1064,Q9Y3R5,DOP1B,2298,SGHNPFFGKL,841,851,Q9Y3R5_841,0
1065,Q96N67,DOCK7,2140,APENPHYCLT,516,526,Q96N67_516,0
1066,Q8TDW7,FAT3,4557,YFTNPLYEAS,1565,1575,Q8TDW7_1565,0
1067,B2RTY4,MYO9A,2548,PIYNPKYVKM,193,203,B2RTY4_193,0
1068,P59047,NLRP5,1200,LPKNPLFPQN,34,44,P59047_34,0
1069,Q96NY9,MUS81,551,ACPNPLFVRW,15,25,Q96NY9_15,0
1070,Q14686,NCOA6,2063,GQANPNFMQG,522,532,Q14686_522,0
1071,Q14686,NCOA6,2063,CGQNPGFPVN,868,878,Q14686_868,0
1072,P80108,GPLD1,840,LPENPLFIAC,278,288,P80108_278,0
1073,Q96FA3,PELI1,418,CERNPPFTAR,143,153,Q96FA3_143,0
1074,Q8IYB4,PEX5L,626,IKQNPKYKYL,421,431,Q8IYB4_421,0
1075,Q9BSC4,NOL10,688,MFENPDFQVD,488,498,Q9BSC4_488,0
1076,O94903,PLPBP,275,QGPNPDFQLL,192,202,O94903_192,0
1077,Q92542,NCSTN,709,DGPNPPYMVL,88,98,Q92542_88,0
1078,O75882,ATRN,1429,PKDNPMYYCN,748,758,O75882_748,0
1079,A7E2U8,C4orf47,309,FDANPYFSEE,203,213,A7E2U8_203,0
1080,P19835,CEL,753,IQKNPLFWAK,249,259,P19835_249,0
1081,Q8IYT2,CMTR2,770,DLPNPVFRYL,693,703,Q8IYT2_693,0
1082,Q7Z478,DHX29,1369,KSPNPSFEKV,393,403,Q7Z478_393,0
1083,Q7Z478,DHX29,1369,ADLNPFYQKY,820,830,Q7Z478_820,0
1084,Q9UQ52,CNTN6,1028,FNDNPLYVQE,159,169,Q9UQ52_159,0
1085,Q9UQ52,CNTN6,1028,GKPNPWYTWL,343,353,Q9UQ52_343,0
1086,Q14CN2,CLCA4,919,WKENPQYKRP,84,94,Q14CN2_84,0
1087,O14967,CLGN,610,MIDNPKYKGV,362,372,O14967_362,0
1088,O14967,CLGN,610,LVDNPNYQGI,376,386,O14967_376,0
1089,O14967,CLGN,610,KIPNPDYFED,390,400,O14967_390,0
1090,P01031,C5,1676,IPSNPRYGMW,190,200,P01031_190,0
1091,P08574,CYC1,325,LYFNPYFPGQ,231,241,P08574_231,0
1092,Q96HP0,DOCK6,2047,APENPHFCLS,503,513,Q96HP0_503,0
1093,Q12841,FSTL1,308,KCLNPSFNPP,220,230,Q12841_220,0
1094,O14772,FPGT,607,PLGNPIYQML,148,158,O14772_148,0
1095,Q76N89,HECW1,1606,FITNPEFFTV,957,967,Q76N89_957,0
1096,Q76N89,HECW1,1606,ELFNPYYGLF,1306,1316,Q76N89_1306,0
1097,Q9ULI3,HEG1,1381,GQYNPSFISD,1364,1374,Q9ULI3_1364,0
1098,Q9Y217,MTMR6,621,KYLNPLYSSE,467,477,Q9Y217_467,0
1099,P10243,MYBL1,752,NIENPSFTST,502,512,P10243_502,0
1100,Q53F19,NCBP3,620,KYGNPNYGGM,282,292,Q53F19_282,0
1101,O00533,CHL1,1208,KDGNPFYFTD,71,81,O00533_71,0
1102,Q86W25,NLRP13,1043,SLVNPCFVQI,374,384,Q86W25_374,0
1103,Q9NZM5,NOP53,478,ASYNPSFEDH,245,255,Q9NZM5_245,0
1104,Q9NTG1,PKDREJ,2253,NDLNPTFLPE,1774,1784,Q9NTG1_1774,0
1105,Q9H013,ADAM19,955,GHANPTFKLQ,759,769,Q9H013_759,0
1106,Q8N3C0,ASCC3,2202,LIMNPSYYNL,1763,1773,Q8N3C0_1763,0
1107,Q4VNC1,ATP13A4,1196,EVLNPFYIFQ,201,211,Q4VNC1_201,0
1108,Q4VNC1,ATP13A4,1196,SYSNPVFESN,1183,1193,Q4VNC1_1183,0
1109,Q8WXQ3,LINC01599,324,ILRNPWFSRL,119,129,Q8WXQ3_119,0
1110,Q8ND23,CARMIL3,1372,FGANPAFASS,326,336,Q8ND23_326,0
1111,O43570,CA12,354,GSFNPSYDKI,177,187,O43570_177,0
1112,Q8WY36,BBX,941,MKANPGYKWC,141,151,Q8WY36_141,0
1113,Q9Y6Q1,CAPN6,641,NVNNPIFGRK,342,352,Q9Y6Q1_342,0
1114,Q9Y6Q1,CAPN6,641,FLQNPQYIFT,381,391,Q9Y6Q1_381,0
1115,P07451,CA3,260,VHWNPKYNTF,121,131,P07451_121,0
1116,O43497,CACNA1G,2377,TVCNPWFERI,77,87,O43497_77,0
1117,Q5VV42,CDKAL1,579,GMTNPPYILE,291,301,Q5VV42_291,0
1118,Q5VV42,CDKAL1,579,VPKNPAFMGK,464,474,Q5VV42_464,0
1119,Q96CB5,C8orf44,159,TWRNPIFTKN,68,78,Q96CB5_68,0
1120,Q96MT7,CFAP44,1854,VGSNPDYTLT,246,256,Q96MT7_246,0
1121,O14578,CIT,2027,DIPNPRYLGP,1867,1877,O14578_1867,0
1122,P53355,DAPK1,1430,FSGNPVYFCC,814,824,P53355_814,0
1123,Q9H5Z1,DHX35,703,FPLNPMFAKM,486,496,Q9H5Z1_486,0
1124,Q8IY37,DHX37,1157,WKKNPKYLLA,1124,1134,Q8IY37_1124,0
1125,P15924,DSP,2871,KPRNPDYRSN,449,459,P15924_449,0
1126,Q68D51,DENND2C,928,SKRNPHYQTL,469,479,Q68D51_469,0
1127,Q9BTZ2,DHRS4,278,AAVNPFFGSI,117,127,Q9BTZ2_117,0
1128,Q5KSL6,DGKK,1271,DWMNPIFVPE,1195,1205,Q5KSL6_1195,0
1129,Q8NEG7,DENND6B,585,GVTNPFFIKT,332,342,Q8NEG7_332,0
1130,P35462,DRD3,400,SISNPDFVIY,182,192,P35462_182,0
1131,Q9BVM2,DPCD,203,SNANPIFMRK,87,97,Q9BVM2_87,0
1132,Q6UXG2,ELAPOR1,1013,PPCNPGFFKT,380,390,Q6UXG2_380,0
1133,P20827,EFNA1,205,NSSNPKFRNE,26,36,P20827_26,0
1134,O15083,ERC2,957,SRMNPEFADQ,695,705,O15083_695,0
1135,Q969W3,FAM104A,186,SSRNPVFQDS,94,104,Q969W3_94,0
1136,O75355,ENTPD3,529,HLTNPCYPRD,284,294,O75355_284,0
1137,Q6DN72,FCRL6,434,AWPNPVFEGD,24,34,Q6DN72_24,0
1138,P35555,FBN1,2871,CACNPGYHST,1180,1190,P35555_1180,0
1139,Q7L622,G2E3,706,RNFNPSYAIE,382,392,Q7L622_382,0
1140,Q9Y2L6,FRMD4B,1034,YSVNPSYRSS,833,843,Q9Y2L6_833,0
1141,P14616,INSRR,1297,ASVNPEYFSA,954,964,P14616_954,0
1142,P13378,HOXD8,290,YFVNPLYSKY,4,14,P13378_4,0
1143,P13378,HOXD8,290,EAINPTYYDC,25,35,P13378_25,0
1144,Q6ZMQ8,AATK,1374,SFFNPSFAFS,4,14,Q6ZMQ8_4,0
1145,Q9BYX4,IFIH1,1025,LAENPEYENE,690,700,Q9BYX4_690,0
1146,O75603,GCM2,506,ELANPGYTNS,276,286,O75603_276,0
1147,O15354,GPR37,613,RLKNPFYPLT,246,256,O15354_246,0
1148,Q02747,GUCA2A,115,LCSNPNFPEE,68,78,Q02747_68,0
1149,Q96NT3,GUCD1,240,FYNNPAYADP,201,211,Q96NT3_201,0
1150,Q13237,PRKG2,762,LTGNPPFSGV,644,654,Q13237_644,0
1151,Q96KK3,KCNS1,526,TMENPGYSLP,209,219,Q96KK3_209,0
1152,Q14678,KANK1,1352,ELRNPDFQKT,884,894,Q14678_884,0
1153,O00182,LGALS9,355,FHFNPRFEDG,60,70,O00182_60,0
1154,O00182,LGALS9,355,FHLNPRFDEN,266,276,O00182_266,0
1155,P17931,LGALS3,250,FHFNPRFNEN,157,167,P17931_157,0
1156,Q9NZM1,MYOF,2061,RGNNPFFDEL,235,245,Q9NZM1_235,0
1157,Q9NZM1,MYOF,2061,NTLNPVFGRM,1596,1606,Q9NZM1_1596,0
1158,Q96Q04,LMTK3,1460,NPSNPFYEAL,509,519,Q96Q04_509,0
1159,Q9UGP4,LIMD1,676,AGNNPEFEET,35,45,Q9UGP4_35,0
1160,Q5VU43,PDE4DIP,2346,ETQNPSFSPP,982,992,Q5VU43_982,0
1161,O43795,MYO1B,1136,QTKNPNYIRC,586,596,O43795_586,0
1162,O43795,MYO1B,1136,INKNPKYKKL,970,980,O43795_970,0
1163,Q99457,NAP1L3,506,FLPNPYFRNE,362,372,Q99457_362,0
1164,P21359,NF1,2839,KAGNPIFYYV,1600,1610,P21359_1600,0
1165,Q8IUM7,NPAS4,802,WAGNPVFTAF,182,192,Q8IUM7_182,0
1166,Q8IUM7,NPAS4,802,SSTNPLFTAA,357,367,Q8IUM7_357,0
1167,Q13224,GRIN2B,1484,DCDNPPFTTQ,1005,1015,Q13224_1005,0
1168,Q9NQX5,NPDC1,325,EVRNPLFDHA,300,310,Q9NQX5_300,0
1169,Q9UM47,NOTCH3,2321,RTCNPVYEKY,1465,1475,Q9UM47_1465,0
1170,P08581,MET,1390,YVHNPVFKPF,835,845,P08581_835,0
1171,Q09328,MGAT5,741,AFLNPKFNPP,533,543,Q09328_533,0
1172,P55055,NR1H2,460,EFINPIFEFS,347,357,P55055_347,0
1173,Q9UJ68,MSRA,235,YTSNPTYKEV,99,109,Q9UJ68_99,0
1174,Q9C0I1,MTMR12,747,LLKNPLYVEK,535,545,Q9C0I1_535,0
1175,Q96QG7,MTMR9,549,KFTNPLFEAN,469,479,Q96QG7_469,0
1176,Q96EF0,MTMR8,704,DFRNPLYKGF,469,479,Q96EF0_469,0
1177,Q13585,GPR50,617,YLNNPVFTVT,182,192,Q13585_182,0
1178,Q5TBK1,N4BP2L1,243,YEFNPDFLEE,85,95,Q5TBK1_85,0
1179,Q9BXJ9,NAA15,866,ILSNPKFAEH,36,46,Q9BXJ9_36,0
1180,Q8N159,NAGS,534,NPINPWYFKH,479,489,Q8N159_479,0
1181,Q9NQC7,CYLD,956,VKENPPFYGV,478,488,Q9NQC7_478,0
1182,Q5VWQ8,DAB2IP,1189,SFQNPVYQMA,827,837,Q5VWQ8_827,0
1183,Q8TBM8,DNAJB14,379,MVSNPPYSLY,269,279,Q8TBM8_269,0
1184,Q9H819,DNAJC18,358,LATNPPYSLF,248,258,Q9H819_248,0
1185,Q08211,DHX9,1270,LEMNPHFGSH,670,680,Q08211_670,0
1186,Q8IWF6,DENND6A,608,GVTNPFFAKT,352,362,Q8IWF6_352,0
1187,Q5TB30,DEPDC1,811,DMNNPTYVGF,262,272,Q5TB30_262,0
1188,Q5TB30,DEPDC1,811,QISNPGFQER,366,376,Q5TB30_366,0
1189,O75923,DYSF,2080,LRKNPNFDIC,1374,1384,O75923_1374,0
1190,Q8NDI1,EHBP1,1231,DESNPFYEPK,367,377,Q8NDI1_367,0
1191,Q5JVL4,EFHC1,640,TVDNPVYYGP,478,488,Q5JVL4_478,0
1192,Q93063,EXT2,718,SVSNPLFLPL,439,449,Q93063_439,0
1193,P42566,EPS15,896,SSGNPVYEKY,13,23,P42566_13,0
1194,A1KXE4,FAM168B,195,PGANPTFQTG,43,53,A1KXE4_43,0
1195,Q9NV70,EXOC1,894,IKENPEFDLH,84,94,Q9NV70_84,0
1196,Q9NZU1,FLRT1,646,LRNNPWFCGC,297,307,Q9NZU1_297,0
1197,Q9BXR6,CFHR5,569,YDCNPNFIIN,235,245,Q9BXR6_235,0
1198,Q86WP2,GPBP1,473,PSLNPEYERE,138,148,Q86WP2_138,0
1199,Q9NQ84,GPRC5C,441,QGLNPLYYNL,33,43,Q9NQ84_33,0
1200,Q06033,ITIH3,890,PPQNPYYYVD,640,650,Q06033_640,0
1201,P49840,GSK3A,483,REMNPNYTEF,345,355,P49840_345,0
1202,P49841,GSK3B,420,REMNPNYTEF,282,292,P49841_282,0
1203,Q03164,KMT2A,3969,SALNPTFTFP,790,800,Q03164_790,0
1204,P17252,PRKCA,672,SYVNPQFVHP,657,667,P17252_657,0
1205,Q9BX10,GTPBP2,602,KANNPPYLPP,52,62,Q9BX10_52,0
1206,Q9BXJ7,AMN,453,GFRNPVFDVT,405,415,Q9BXJ7_405,0
1207,Q9BXJ7,AMN,453,YFVNPLFAGA,440,450,Q9BXJ7_440,0
1208,Q9UHB7,AFF4,1163,EKSNPNFFEQ,88,98,Q9UHB7_88,0
1209,O60266,ADCY3,1144,QADNPSFPNP,554,564,O60266_554,0
1210,O60266,ADCY3,1144,CLENPKYYNY,747,757,O60266_747,0
1211,O60266,ADCY3,1144,LLDNPKFRVI,962,972,O60266_962,0
1212,P27824,CANX,592,VIDNPNYKGK,373,383,P27824_373,0
1213,P27824,CANX,592,MIDNPSYQGI,387,397,P27824_387,0
1214,P27824,CANX,592,KIPNPDFFED,401,411,P27824_401,0
1215,Q9NZN5,ARHGEF12,1544,SGDNPVFVQS,87,97,Q9NZN5_87,0
1216,Q8IW93,ARHGEF19,802,LLENPRFPGI,484,494,Q8IW93_484,0
1217,P20807,CAPN3,821,ICENPRFIID,105,115,P20807_105,0
1218,P20807,CAPN3,821,FWTNPQYRLK,454,464,P20807_454,0
1219,Q01432,AMPD3,767,SEQNPPYSYY,549,559,Q01432_549,0
1220,Q9NQ11,ATP13A2,1180,EALNPYYGFQ,235,245,Q9NQ11_235,0
1221,Q7L3B6,CDC37L1,337,LPQNPDYLQY,302,312,Q7L3B6_302,0
1222,Q15392,DHCR24,516,FGNNPIFRYL,345,355,Q15392_345,0
1223,P86791,CCZ1,482,FIYNPRFGPR,28,38,P86791_28,0
1224,Q3T8J9,GON4L,2241,HQYNPKFQTL,741,751,Q3T8J9_741,0
1225,Q5T848,GPR158,1215,MEKNPTFSLK,1036,1046,Q5T848_1036,0
1226,Q13227,GPS2,327,HSQNPRFYHK,318,328,Q13227_318,0
1227,Q5JWF2,GNAS,1037,QVLNPAFREA,79,89,Q5JWF2_79,0
1228,P30968,GNRHR,328,AFLNPCFDPL,312,322,P30968_312,0
1229,Q53EU6,GPAT3,434,IKYNPQFGDA,331,341,Q53EU6_331,0
1230,Q13216,ERCC8,396,SQLNPAFEDA,379,389,Q13216_379,0
1231,Q5T1H1,EYS,3165,CLCNPGYVGI,719,729,Q5T1H1_719,0
1232,P61296,HAND2,217,HEENPYFHGW,37,47,P61296_37,0
1233,Q9H6D7,HAUS4,363,LLQNPYFSKL,34,44,Q9H6D7_34,0
1234,Q7Z6Z7,HUWE1,4374,EMFNPMYALF,4072,4082,Q7Z6Z7_4072,0
1235,Q9BX67,JAM3,310,SRANPRFRNS,184,194,Q9BX67_184,0
1236,P49895,DIO1,249,MTRNPHFSHD,50,60,P49895_50,0
1237,Q6ZU52,KIAA0408,694,RNYNPHFPLR,307,317,Q6ZU52_307,0
1238,Q6ZU52,KIAA0408,694,TPSNPKYEMV,384,394,Q6ZU52_384,0
1239,O00167,EYA2,538,SSYNPPYVPA,180,190,O00167_180,0
1240,P98073,TMPRSS15,1019,IVINPHYNRR,862,872,P98073_862,0
1241,Q14517,FAT1,4588,DGGNPAFSAE,2158,2168,Q14517_2158,0
1242,Q9Y625,GPC6,555,QLINPQYHFS,174,184,Q9Y625_174,0
1243,Q9UKJ3,GPATCH8,1502,YSCNPLYFDF,567,577,Q9UKJ3_567,0
1244,P51841,GUCY2F,1108,GPTNPGYCEA,125,135,P51841_125,0
1245,P51841,GUCY2F,1108,TFINPHFGSK,514,524,P51841_514,0
1246,O00165,HAX1,279,GRGNPRFHSP,45,55,O00165_45,0
1247,P09017,HOXC4,264,STVNPNYNGG,145,155,P09017_145,0
1248,Q96MD2,KICS2,445,AKANPDFFGK,291,301,Q96MD2_291,0
1249,P33527,ABCC1,1531,NTSNPDFTKC,23,33,P33527_23,0
1250,P59773,MINAR2,190,MKNNPLYGDL,88,98,P59773_88,0
1251,Q9HBX8,LGR6,967,LLFNPHFRDD,828,838,Q9HBX8_828,0
1252,Q969X1,TMBIM1,311,EDRNPLYPGP,11,21,Q969X1_11,0
1253,P01130,LDLR,860,NFDNPVYQKT,822,832,P01130_822,1
1254,Q86WA8,LONP2,852,GVNNPVFLLD,433,443,Q86WA8_433,0
1255,P14151,SELL,372,GDYNPLFIPV,329,339,P14151_329,0
1256,Q13133,NR1H3,447,EFINPIFEFS,334,344,Q13133_334,0
1257,Q86YR7,MCF2L2,1114,DQGNPQFEMS,962,972,Q86YR7_962,0
1258,Q96KG7,MEGF10,1140,YFTNPSYHTL,924,934,Q96KG7_924,0
1259,Q8IZQ8,MYOCD,938,SPNNPHFLPS,654,664,Q8IZQ8_654,0
1260,Q16656,NRF1,503,SKPNPVFKVF,138,148,Q16656_138,0
1261,O75909,CCNK,580,PTYNPNFPPP,511,521,O75909_511,0
1262,Q16630,CPSF6,551,PHVNPAFFPP,355,365,Q16630_355,0
1263,Q96A23,CPNE4,557,TCINPVYSKL,69,79,Q96A23_69,0
1264,Q96A23,CPNE4,557,ECINPKYKAK,264,274,Q96A23_264,0
1265,Q9UBQ5,EIF3K,218,YQFNPAFFQT,54,64,Q9UBQ5_54,0
1266,Q9H9T3,ELP3,547,FFENPAFRPD,304,314,Q9H9T3_304,0
1267,Q8NEV8,EXPH5,1989,VECNPLFPEP,1637,1647,Q8NEV8_1637,0
1268,Q8NEV8,EXPH5,1989,FLKNPGFLKD,1915,1925,Q8NEV8_1915,0
1269,P41161,ETV5,510,THQNPLFPPP,144,154,P41161_144,0
1270,A8MTA8,FAM166B,275,NPQNPHYIPG,12,22,A8MTA8_12,0
1271,P13611,VCAN,3396,EGSNPPYYTD,2800,2810,P13611_2800,0
1272,Q6W0C5,DPPA3,159,SQFNPTYIPG,4,14,Q6W0C5_4,0
1273,O43921,EFNA2,213,NRSNPRFHAG,42,52,O43921_42,0
1274,A4FU69,EFCAB5,1503,IRNNPNYIKD,219,229,A4FU69_219,0
1275,A4FU69,EFCAB5,1503,FFQNPDFKLG,316,326,A4FU69_316,0
1276,A6ND36,FAM83G,823,KLVNPKYALV,343,353,A6ND36_343,0
1277,Q96MK3,FAM20A,541,WEVNPLYCDT,371,381,Q96MK3_371,0
1278,Q7L5A3,FAM214B,538,APHNPRYSPL,528,538,Q7L5A3_528,0
1279,A0A1B0GW35,EXOC1L,172,DTDNPFFDLH,83,93,A0A1B0GW35_83,0
1280,P08514,ITGA2B,1039,DSSNPEYFDG,255,265,P08514_255,0
1281,Q3ZCT8,KBTBD12,623,ELVNPSFLRQ,223,233,Q3ZCT8_223,0
1282,O00139,KIF2A,706,DATNPNYEIM,189,199,O00139_189,0
1283,Q8N4N8,KIF2B,673,NTRNPNYEIM,179,189,Q8N4N8_179,0
1284,P25391,LAMA1,3075,DTNNPIYVGG,3011,3021,P25391_3011,0
1285,P09917,ALOX5,674,MEWNPGFPLS,146,156,P09917_146,0
1286,P09917,ALOX5,674,GDENPIFLPS,333,343,P09917_333,0
1287,Q8WWI1,LMO7,1683,AQSNPYYNGP,180,190,Q8WWI1_180,0
1288,A0A1B0GTW7,LMLN2,788,SLLNPGYKGE,138,148,A0A1B0GTW7_138,0
1289,Q6WCQ1,MPRIP,1025,SKSNPDFLKK,991,1001,Q6WCQ1_991,0
1290,Q01804,OTUD4,1114,YPHNPWFQEA,743,753,Q01804_743,0
1291,P53611,RABGGTB,331,KPVNPVFCMP,307,317,P53611_307,0
1292,Q6P1A2,LPCAT3,487,FETNPRFTGT,324,334,Q6P1A2_324,0
1293,Q8WXG6,MADD,1647,IYDNPYFEPQ,767,777,Q8WXG6_767,0
1294,Q9NZL9,MAT2B,334,DGTNPPYREE,141,151,Q9NZL9_141,0
1295,P25205,MCM3,808,AAANPVYGRY,450,460,P25205_450,0
1296,P78552,IL13RA1,427,KCENPEFERN,281,291,P78552_281,0
1297,P17483,HOXB4,251,STVNPNYAGG,151,161,P17483_151,0
1298,Q00056,HOXA4,320,SAVNPSYNGG,204,214,Q00056_204,0
1299,Q13423,NNT,1086,AVDNPIFYKP,1051,1061,Q13423_1051,0
1300,Q9P267,MBD5,1494,TRSNPGFHGA,251,261,Q9P267_251,0
1301,P33993,MCM7,719,AAANPAYGRY,486,496,P33993_486,0
1302,A9UHW6,MIF4GD,222,ALVNPVYDCL,124,134,A9UHW6_124,0
1303,Q9H7H0,METTL17,456,RARNPAFQPQ,178,188,Q9H7H0_178,0
1304,O75586,MED6,246,ERSNPFYDRT,35,45,O75586_35,0
1305,P11717,IGF2R,2491,SDTNPDFYIN,1684,1694,P11717_1684,0
1306,Q9Y2Z2,MTO1,717,MSCNPSFGGI,75,85,Q9Y2Z2_75,0
1307,Q9NYA4,MTMR4,1195,LLENPRFGKM,874,884,Q9NYA4_874,0
1308,P35580,MYH10,1976,RNTNPNFVRC,669,679,P35580_669,0
1309,Q9H0A0,NAT10,1025,QSLNPEFNKA,345,355,Q9H0A0_345,0
1310,P46934,NEDD4,1319,EMFNPYYGLF,1018,1028,P46934_1018,0
1311,Q9UJF2,RASAL2,1139,SFQNPVYHLN,780,790,Q9UJF2_780,0
1312,P14543,NID1,1247,ALQNPCYIGT,667,677,P14543_667,0
1313,Q8IXF0,NPAS3,933,LLSNPEYKDT,432,442,Q8IXF0_432,0
1314,P14923,JUP,745,NKNNPKFLAI,278,288,P14923_278,0
1315,P14923,JUP,745,EDKNPDYRKR,654,664,P14923_654,0
1316,Q8TEM1,NUP210,1887,ILLNPAYDVY,243,253,Q8TEM1_243,0
1317,O14986,PIP5K1B,540,EKSNPTFKDL,219,229,O14986_219,0
1318,Q96J94,PIWIL1,861,FDYNPQFADW,469,479,Q96J94_469,0
1319,Q8IYJ0,PIANP,282,NSANPGFLDY,121,131,Q8IYJ0_121,0
1320,Q96S52,PIGS,555,LGVNPRFDSA,280,290,Q96S52_280,0
1321,P49281,SLC11A2,568,GNINPAYSNP,25,35,P49281_25,0
1322,Q16288,NTRK3,839,VIENPQYFRQ,510,520,Q16288_510,0
1323,A6NM76,OR6C76,312,SVCNPRFLIS,72,82,A6NM76_72,0
1324,Q13002,GRIK2,908,ILSNPVFRRT,7,17,Q13002_7,0
1325,Q96QV1,HHIP,700,PRSNPHFNST,409,419,Q96QV1_409,0
1326,P42858,HTT,3142,NTQNPKYITA,2349,2359,P42858_2349,0
1327,Q68CP4,HGSNAT,663,IIVNPNYCLG,355,365,Q68CP4_355,0
1328,P14866,HNRNPL,589,TILNPIYSIT,198,208,P14866_198,0
1329,Q9UPZ3,HPS5,1129,ASSNPVYMEM,816,826,Q9UPZ3_816,0
1330,Q6NUN7,JHY,778,EQKNPTYAGK,736,746,Q6NUN7_736,0
1331,Q8IU57,IFNLR1,520,LMGNPWFQRA,252,262,Q8IU57_252,0
1332,Q9BZV3,IMPG2,1241,VKYNPVYESH,1157,1167,Q9BZV3_1157,0
1333,P18084,ITGB5,799,MASNPLYRKP,768,778,P18084_768,0
1334,Q86Z14,KLB,1044,WSKNPNFTPV,61,71,Q86Z14_61,0
1335,P50281,MMP14,582,KPKNPTYGPN,308,318,P50281_308,0
1336,Q5VZE5,NAA35,725,YIHNPDFIED,134,144,Q5VZE5_134,0
1337,P04629,NTRK1,796,IIENPQYFSD,490,500,P04629_490,0
1338,Q8WUM0,NUP133,1156,TQYNPPFQSE,391,401,Q8WUM0_391,0
1339,Q8WUM0,NUP133,1156,LKSNPYFEFV,1134,1144,Q8WUM0_1134,0
1340,Q8NH48,OR5B3,314,CLHNPMYFFL,52,62,Q8NH48_52,0
1341,Q8TEW0,PARD3,1356,AKENPRYSSY,1253,1263,Q8TEW0_1253,0
1342,Q13635,PTCH1,1447,ATENPVFAHS,1258,1268,Q13635_1258,0
1343,Q9Y2R2,PTPN22,807,LVENPYFSSW,531,541,Q9Y2R2_531,0
1344,Q9Y5F1,PCDHB12,795,VEENPPFQNN,783,793,Q9Y5F1_783,0
1345,Q96TA0,PCDHB18P,734,ISPNPHFHLK,118,128,Q96TA0_118,0
1346,Q6UWI2,PARM1,310,NYNNPLYDDS,301,311,Q6UWI2_301,0
1347,Q9Y5F9,PCDHGB6,930,INSNPYFSLM,172,182,Q9Y5F9_172,0
1348,Q92696,RABGGTA,567,LGANPDFATL,56,66,Q92696_56,0
1349,Q9ULN7,PNMA8B,635,ELDNPEFVAI,326,336,Q9ULN7_326,0
1350,Q4KWH8,PLCH1,1693,LILNPSYTIL,865,875,Q4KWH8_865,0
1351,Q5JSJ4,INTS6L,861,QGRNPFFLEP,113,123,Q5JSJ4_113,0
1352,Q15648,MED1,1581,DSQNPIFDVN,718,728,Q15648_718,0
1353,Q3LI83,KRTAP24-1,254,SYQNPCFIPS,177,187,Q3LI83_177,0
1354,P05129,PRKCG,697,TYVNPDFVHP,674,684,P05129_674,0
1355,Q04759,PRKCQ,706,RMDNPFYPRW,592,602,Q04759_592,0
1356,Q96MU8,KREMEN1,473,CGNNPDYWKY,169,179,Q96MU8_169,0
1357,Q6UWM7,LCTL,567,WFANPIYAGD,289,299,Q6UWM7_289,0
1358,Q08397,LOXL1,574,VHVNPKYIVL,535,545,Q08397_535,0
1359,Q9NS15,LTBP3,1303,CHCNPGYRSH,599,609,Q9NS15_599,0
1360,Q9NZR2,LRP1B,4599,DIDNPYFNFI,1588,1598,Q9NZR2_1588,0
1361,Q9NZR2,LRP1B,4599,PYENPRYFKN,2214,2224,Q9NZR2_2214,0
1362,Q9NZR2,LRP1B,4599,EIGNPSYNMY,4489,4499,Q9NZR2_4489,0
1363,Q9NZR2,LRP1B,4599,NYSNPVYAKL,4556,4566,Q9NZR2_4556,0
1364,O95460,MATN4,622,CTCNPGYKLA,239,249,O95460_239,0
1365,Q9UBE8,NLK,527,PVTNPKFDDT,457,467,Q9UBE8_457,0
1366,Q92597,NDRG1,394,TCYNPLFNYE,71,81,Q92597_71,0
1367,Q8IY84,NIM1K,436,GLVNPHYARW,10,20,Q8IY84_10,0
1368,Q6ZWH5,NEK10,1172,NLHNPAFGKD,551,561,Q6ZWH5_551,0
1369,Q96JN8,NEURL4,1562,TTHNPAYLQL,586,596,Q96JN8_586,0
1370,O95568,METTL18,372,TIYNPDYYSN,295,305,O95568_295,0
1371,P03971,AMH,560,SDRNPRYGNH,497,507,P03971_497,0
1372,Q9Y3C7,MED31,131,CLANPNYLNF,27,37,Q9Y3C7_27,0
1373,P25929,NPY1R,384,TCVNPIFYGF,313,323,P25929_313,0
1374,P28290,ITPRID2,1259,EVENPNYALT,228,238,P28290_228,0
1375,P05106,ITGB3,788,ALENPCYDMK,198,208,P05106_198,0
1376,P05106,ITGB3,788,TANNPLYKEA,767,777,P05106_767,1
1377,Q96EK5,KIFBP,621,VDLNPQYYLL,459,469,Q96EK5_459,0
1378,Q9BXB1,LGR4,951,VFFNPKFKED,802,812,Q9BXB1_802,0
1379,Q7Z429,GRINA,371,PPPNPGYPGG,15,25,Q7Z429_15,0
1380,P19256,CD58,250,TLSNPLFNTT,188,198,P19256_188,0
1381,O00522,KRIT1,736,NVINPAYATE,189,199,O00522_189,0
1382,O00522,KRIT1,736,CIYNPLFGSD,228,238,O00522_228,1
1383,O00522,KRIT1,736,VVINPYFGLG,247,257,O00522_247,0
1384,Q6N069,NAA16,864,ILSNPKFAEH,36,46,Q6N069_36,0
1385,Q9BV99,LRRC61,259,LCANPSYWAA,140,150,Q9BV99_140,0
1386,P03956,MMP1,469,MRTNPFYPEV,303,313,P03956_303,0
1387,P28331,NDUFS1,727,VGTNPRFEAP,403,413,P28331_403,0
1388,Q14112,NID2,1375,TPGNPCYDGS,758,768,Q14112_758,0
1389,Q8WVJ2,NUDCD2,157,QKENPGFDFS,128,138,Q8WVJ2_128,0
1390,O14786,NRP1,923,INFNPHFDLE,69,79,O14786_69,0
1391,O60462,NRP2,931,LNFNPHFEIE,70,80,O60462_70,0
1392,Q5SWA1,PPP1R15B,713,YLLNPSYLDC,221,231,Q5SWA1_221,0
1393,A1L453,PRSS38,326,GCSNPLYPGV,268,278,A1L453_268,0
1394,Q9P1Q5,OR1A1,309,RLHNPMYFLL,54,64,Q9P1Q5_54,0
1395,Q9Y585,OR1A2,309,RLHNPMYFLL,54,64,Q9Y585_54,0
1396,Q99567,NUP88,741,SVANPAFLKA,540,550,Q99567_540,0
1397,Q16769,QPCT,361,GAPNPTFPNF,251,261,Q16769_251,0
1398,Q9Y5E7,PCDHB2,798,SEANPSFRKS,785,795,Q9Y5E7_785,0
1399,Q13613,MTMR1,665,EFSNPFFVNY,571,581,Q13613_571,0
1400,Q13219,PAPPA,1627,IVLNPSFYGM,544,554,Q13219_544,0
1401,Q9NXD2,MTMR10,777,LFHNPFYIGK,551,561,Q9NXD2_551,0
1402,O95096,NKX2-2,273,PLKNPFYDSS,60,70,O95096_60,0
1403,O60658,PDE8A,829,QYANPAFETT,238,248,O60658_238,0
1404,O95263,PDE8B,885,QYVNPAFERM,292,302,O95263_292,0
1405,P04085,PDGFA,211,TSLNPDYREE,182,192,P04085_182,0
1406,Q7RTP0,NIPA1,329,KLTNPVFVGY,155,165,Q7RTP0_155,0
1407,Q9P0L9,PKD2L1,805,AWDNPAYSGP,19,29,Q9P0L9_19,0
1408,Q9H5I5,PIEZO2,2752,AQSNPEFENE,153,163,Q9H5I5_153,0
1409,Q9H5I5,PIEZO2,2752,VRPNPVFLVY,1219,1229,Q9H5I5_1219,0
1410,P56975,NRG3,720,RETNPYFNSL,573,583,P56975_573,0
1411,Q16620,NTRK2,822,DGANPNYPDV,386,396,Q16620_386,0
1412,Q16620,NTRK2,822,VIENPQYFGI,510,520,Q16620_510,0
1413,O75694,NUP155,1391,PYPNPSFLGT,613,623,O75694_613,0
1414,Q8NGG0,OR8J3,315,RLQNPMYFFL,54,64,Q8NGG0_54,0
1415,Q8NGG0,OR8J3,315,FMENPCYSFK,304,314,Q8NGG0_304,0
1416,P09923,ALPI,528,EEENPAFWNR,24,34,P09923_24,0
1417,Q9NP66,HMG20A,347,STNNPEFVED,45,55,Q9NP66_45,0
1418,A6NIV6,LRRIQ4,560,LSYNPIFSSS,101,111,A6NIV6_101,0
1419,P31273,HOXC8,242,YFVNPLFSKY,4,14,P31273_4,0
1420,P48048,KCNJ1,391,GYDNPNFILS,372,382,P48048_372,0
1421,Q9ULS6,KCNS2,477,ALDNPGYSVL,176,186,Q9ULS6_176,0
1422,O75473,LGR5,907,ILFNPHFKED,821,831,O75473_821,0
1423,Q6ZNQ3,LRRC69,347,CEGNPLFLQQ,228,238,Q6ZNQ3_228,0
1424,Q8TD46,CD200R1,325,EKNNPLYDTT,296,306,Q8TD46_296,0
1425,Q53F39,MPPE1,396,NRNNPSFIMG,328,338,Q53F39_328,0
1426,Q13459,MYO9B,2157,PIYNPKYVKM,193,203,Q13459_193,0
1427,P78380,OLR1,273,SRRNPSYPWL,207,217,P78380_207,0
1428,Q9HC10,OTOF,1997,YKKNPNFNTL,1175,1185,Q9HC10_1175,0
1429,Q9HC10,OTOF,1997,KQLNPVFGKS,1535,1545,Q9HC10_1535,0
1430,Q9Y5H4,PCDHGA1,931,LSSNPHFSLD,172,182,Q9Y5H4_172,0
1431,Q9Y5F8,PCDHGB7,929,DQMNPEFNFF,759,769,Q9Y5F8_759,0
1432,Q9UN70,PCDHGC3,934,NDNNPAFPTQ,129,139,Q9UN70_129,0
1433,Q86U86,PBRM1,1689,DVSNPFYQLY,381,391,Q86U86_381,0
1434,P07202,TPO,933,RGWNPGFLYN,189,199,P07202_189,0
1435,P07202,TPO,933,ENQNPCFPIQ,264,274,P07202_264,0
1436,P78364,PHC1,1004,HGINPVFLSS,926,936,P78364_926,0
1437,Q9NZ81,PRR13,148,PPINPPFPPG,30,40,Q9NZ81_30,0
1438,Q9NZ81,PRR13,148,PHGNPAFPPG,48,58,Q9NZ81_48,0
1439,P28749,RBL1,1068,DLLNPSFKGL,221,231,P28749_221,0
1440,Q8WV16,DCAF4,495,HQQNPWFRLR,17,27,Q8WV16_17,0
1441,Q6DHV5,CC2D2B,1437,DPNNPEYSDL,680,690,Q6DHV5_680,0
1442,B7Z1M9,C2CD4D,353,CSANPIFNED,280,290,B7Z1M9_280,0
1443,O14647,CHD2,1828,QKNNPDYNWN,1815,1825,O14647_1815,0
1444,Q8TD26,CHD6,2715,DLFNPDYVEV,368,378,Q8TD26_368,0
1445,Q6ZTR5,CFAP47,3187,PKVNPCFASS,1733,1743,Q6ZTR5_1733,0
1446,Q5JSL3,DOCK11,2073,HNQNPEFYDE,704,714,Q5JSL3_704,0
1447,P26951,IL3RA,378,RVANPPFSTW,84,94,P26951_84,0
1448,P09016,HOXD4,255,NSVNPNYTGG,143,153,P09016_143,0
1449,P05556,ITGB1,798,CECNPNYTGS,579,589,P05556_579,0
1450,P05556,ITGB1,798,TGENPIYKSA,777,787,P05556_777,1
1451,P05556,ITGB1,798,TVVNPKYEGK,789,799,P05556_789,1
1452,Q9BQ31,KCNS3,491,RMENPAYCLS,174,184,Q9BQ31_174,0
1453,A4FU01,MTMR11,709,QFQNPGYDPE,529,539,A4FU01_529,0
1454,Q9Y216,MTMR7,660,DYLNPLFRAD,469,479,Q9Y216_469,0
1455,Q9UM54,MYO6,1294,IAVNPYFDIP,95,105,Q9UM54_95,0
1456,O15226,NKRF,690,CKTNPEYIYA,210,220,O15226_210,0
1457,Q96PU5,NEDD4L,975,EMFNPYYGLF,674,684,Q96PU5_674,0
1458,Q9UIW2,PLXNA1,1896,VIKNPQFVFD,1753,1763,Q9UIW2_1753,0
1459,Q04721,NOTCH2,2471,CICNPGYMGA,593,603,Q04721_593,0
1460,Q92823,NRCAM,1304,DVPNPPFDLE,645,655,Q92823_645,0
1461,Q5JRX3,PITRM1,1037,LQENPKFLQE,478,488,Q5JRX3_478,0
1462,Q5JRX3,PITRM1,1037,IFNNPCFEEE,687,697,Q5JRX3_687,0
1463,O43272,PRODH,600,DPINPTYEAT,461,471,O43272_461,0
1464,P43354,NR4A2,598,FQANPDYQMS,387,397,P43354_387,0
1465,Q8NH93,OR1L3,324,RLQNPMYFFL,54,64,Q8NH93_54,0
1466,Q15751,HERC1,4861,GSGNPYYLLC,3027,3037,Q15751_3027,0
1467,Q96DT0,LGALS12,336,FHFNPRFHTT,94,104,Q96DT0_94,0
1468,O43561,LAT,262,DYHNPGYLVV,155,165,O43561_155,0
1469,P09382,LGALS1,135,LHFNPRFNAH,44,54,P09382_44,0
1470,P48357,LEPR,1165,NWSNPAYTVV,624,634,P48357_624,0
1471,P56470,LGALS4,323,FHFNPRFDGW,62,72,P56470_62,0
1472,P56470,LGALS4,323,VNGNPFYEYG,116,126,P56470_116,0
1473,Q6DKI2,LGALS9C,356,FHFNPRFEDG,60,70,Q6DKI2_60,0
1474,Q6DKI2,LGALS9C,356,FHMNPRFDEN,267,277,Q6DKI2_267,0
1475,Q96RW7,HMCN1,5635,SILNPIYWTT,4928,4938,Q96RW7_4928,0
1476,Q9NR34,MAN1C1,630,QTHNPIYREW,535,545,Q9NR34_535,0
1477,Q9NTJ4,MAN2C1,1040,MERNPEFIFA,287,297,Q9NTJ4_287,0
1478,Q96T17,MAP7D2,732,GPLNPSYKSS,210,220,Q96T17_210,0
1479,A0A0J9YVY3,IGHV7-4-1,117,NTGNPTYAQG,73,83,A0A0J9YVY3_73,0
1480,P31267,HOXA6,233,YFVNPTFPGS,4,14,P31267_4,0
1481,P24394,IL4R,825,IAGNPAYRSF,491,501,P24394_491,0
1482,Q5JU85,IQSEC2,1488,KAQNPAYFEG,399,409,Q5JU85_399,0
1483,Q14573,ITPR3,2671,AEENPSYKGD,317,327,Q14573_317,0
1484,Q9UL03,INTS6,887,QGRNPFFLEP,113,123,Q9UL03_113,0
1485,P16144,ITGB4,1822,QLSNPKFGAH,1082,1092,P16144_1082,0
1486,Q96J02,ITCH,903,EVLNPMYCLF,603,613,Q96J02_603,0
1487,Q05655,PRKCD,676,SFVNPKFEHL,664,674,Q05655_664,0
1488,Q9H079,KATNBL1,304,PFPNPCYRKK,78,88,Q9H079_78,0
1489,P98088,MUC5AC,5654,GPSNPSYCYG,5226,5236,P98088_5226,0
1490,Q9HD67,MYO10,2058,SSSNPFFVRC,627,637,Q9HD67_627,0
1491,Q9UKN7,MYO15A,3530,HGANPLYSKP,1683,1693,Q9UKN7_1683,0
1492,Q9UKN7,MYO15A,3530,ERCNPLFMRC,1786,1796,Q9UKN7_1786,0
1493,Q9UKN7,MYO15A,3530,RLINPNFYGY,2675,2685,Q9UKN7_2675,0
1494,P04000,OPN1LW,364,AAANPGYAFH,291,301,P04000_291,0
1495,Q8NGL9,OR4C16,310,ALKNPMFFFL,52,62,Q8NGL9_52,0
1496,Q14449,GRB14,540,FFKNPMYFFP,196,206,Q14449_196,0
1497,Q92692,NECTIN2,538,DKINPIYDAL,507,517,Q92692_507,0
1498,Q9Y2U5,MAP3K2,619,DYDNPIFEKF,249,259,Q9Y2U5_249,0
1499,Q9H7Z3,NRDE2,1164,WLSNPSFCVG,25,35,Q9H7Z3_25,0
1500,Q9H7Z3,NRDE2,1164,TFFNPLFSGA,678,688,Q9H7Z3_678,0
1501,Q2M2H8,MGAM2,2515,MLNNPPYMPY,1394,1404,Q2M2H8_1394,0
1502,Q9NQG6,MIEF1,463,RRENPEYFPR,234,244,Q9NQG6_234,0
1503,Q08431,MFGE8,387,FSWNPSYARL,260,270,Q08431_260,0
1504,Q6UVY6,MOXD1,613,HYDNPTYEEG,307,317,Q6UVY6_307,0
1505,O43252,PAPSS1,624,ILRNPEFFEH,337,347,O43252_337,0
1506,P39877,PLA2G5,138,RSYNPQYQYF,123,133,P39877_123,0
1507,P42345,MTOR,2549,SSMNPAFVMP,719,729,P42345_719,0
1508,Q14916,SLC17A1,467,NIKNPMYNWS,67,77,Q14916_67,0
1509,Q8N543,OGFOD1,542,DWINPTYLDM,268,278,Q8N543_268,0
1510,Q63HM2,PCNX4,1172,IFRNPFYPKD,416,426,Q63HM2_416,0
1511,Q9UBM1,PEMT,199,ITFNPLYWNV,22,32,Q9UBM1_22,0
1512,Q9UBM1,PEMT,199,ILDNPMYWGS,137,147,Q9UBM1_137,0
1513,Q8TEB7,RNF128,428,HVDNPTFEED,405,415,Q8TEB7_405,0
1514,Q01118,SCN7A,1682,RTGNPYYIRE,282,292,Q01118_282,0
1515,Q8N122,RPTOR,1335,HNGNPRYTRV,1061,1071,Q8N122_1061,0
1516,P46721,SLCO1A2,670,LSCNPIYMLF,312,322,P46721_312,0
1517,Q9NWM0,SMOX,555,SHGNPIYHLA,84,94,Q9NWM0_84,0
1518,Q9NWM0,SMOX,555,WGSNPYFRGS,472,482,Q9NWM0_472,0
1519,Q9UQE7,SMC3,1217,SRSNPYYIVK,131,141,Q9UQE7_131,0
1520,Q9UQE7,SMC3,1217,LRYNPRFDKA,613,623,Q9UQE7_613,0
1521,Q7Z392,TRAPPC11,1133,QTQNPGFYYQ,342,352,Q7Z392_342,0
1522,P0DI81,TRAPPC2,140,HHDNPVFEME,12,22,P0DI81_12,0
1523,P0DI81,TRAPPC2,140,FSMNPFYEPN,109,119,P0DI81_109,0
1524,P0DI82,TRAPPC2B,140,HHDNPVFEME,12,22,P0DI82_12,0
1525,P0DI82,TRAPPC2B,140,FSMNPFYEPN,109,119,P0DI82_109,0
1526,P11388,TOP2A,1531,LIENPTFDSQ,367,377,P11388_367,0
1527,Q9UL33,TRAPPC2L,140,VMCNPFYNPG,110,120,Q9UL33_110,0
1528,Q02880,TOP2B,1626,LIENPTFDSQ,388,398,Q02880_388,0
1529,Q9Y2E8,SLC9A8,581,KYLNPFFTRR,533,543,Q9Y2E8_533,0
1530,Q96A28,SLAMF9,289,MVTNPHYQGQ,76,86,Q96A28_76,0
1531,Q8IWZ8,SUGP1,645,YKDNPAFAFL,214,224,Q8IWZ8_214,0
1532,Q9H2V7,SPNS1,528,LARNPSFVLS,267,277,Q9H2V7_267,0
1533,Q2MJR0,SPRED3,410,NKVNPIFHHW,73,83,Q2MJR0_73,0
1534,Q9NV66,TYW1,732,SLGNPDFIEV,593,603,Q9NV66_593,0
1535,Q2MV58,TCTN1,587,LSGNPGYVVG,376,386,Q2MV58_376,0
1536,Q8N5T2,TBC1D19,526,NLRNPNYENG,164,174,Q8N5T2_164,0
1537,Q5U5R9,HECTD2,776,LLQNPQFNNT,235,245,Q5U5R9_235,0
1538,Q96LI6,HSFY1,401,FYYNPNFKRG,174,184,Q96LI6_174,0
1539,Q9Y251,HPSE,543,NTDNPRYKEG,439,449,Q9Y251_439,0
1540,Q9BXT6,MOV10L1,1211,LKINPEFEQA,614,624,Q9BXT6_614,0
1541,Q5HYC2,KIAA2026,2103,ISTNPKYGAP,1913,1923,Q5HYC2_1913,0
1542,P05771,PRKCB,671,SYTNPEFVIN,661,671,P05771_661,0
1543,Q6PID8,KLHDC10,442,GGYNPDYDES,108,118,Q6PID8_108,0
1544,Q13201,MMRN1,1228,KISNPVYRMQ,251,261,Q13201_251,0
1545,Q8NGY3,OR6K3,331,HLHNPMYNFI,70,80,Q8NGY3_70,0
1546,P11182,DBT,482,YLENPAFMLL,470,480,P11182_470,0
1547,Q15147,PLCB4,1175,NGLNPVYNEE,746,756,Q15147_746,0
1548,Q6GYQ0,RALGAPA1,2036,CFSNPRYFPM,1442,1452,Q6GYQ0_1442,0
1549,O75400,PRPF40A,957,LMDNPTFAED,557,567,O75400_557,0
1550,Q92932,PTPRN2,1015,DPRNPAYIAT,810,820,Q92932_810,0
1551,P22695,UQCRC2,453,ALANPLYCPD,185,195,P22695_185,0
1552,Q96EV2,RBM33,1170,IHINPHFKGT,385,395,Q96EV2_385,0
1553,P62820,RAB1A,205,SSMNPEYDYL,2,12,P62820_2,0
1554,P78509,RELN,3460,IAGNPTYYVP,61,71,P78509_61,0
1555,P78509,RELN,3460,STKNPDFLKD,2162,2172,P78509_2162,0
1556,P78509,RELN,3460,FCGNPSFHLY,3085,3095,P78509_3085,0
1557,Q8WZ73,RFFL,363,AYSNPGYSSF,28,38,Q8WZ73_28,0
1558,Q9GZR1,SENP6,1112,YEPNPHYHEN,781,791,Q9GZR1_781,0
1559,Q15020,SART3,963,KSKNPDFKVF,783,793,Q15020_783,0
1560,Q99594,TEAD3,435,GQTNPAFSDP,252,262,Q99594_252,0
1561,Q01534,TSPY1,308,FRSNPYFQNK,205,215,Q01534_205,0
1562,Q9Y3Y4,PYGO1,419,SFGNPSYNNA,155,165,Q9Y3Y4_155,0
1563,Q07869,PPARA,468,ASNNPPFVIH,233,243,Q07869_233,0
1564,Q8WYP3,RIN2,895,CFINPLFLKV,270,280,Q8WYP3_270,0
1565,Q13671,RIN1,783,CFFNPLFPGD,223,233,Q13671_223,0
1566,Q58G82,SYT14P1,188,GRPNPVYKET,111,121,Q58G82_111,0
1567,P57060,RWDD2B,319,QPWNPGYSSE,8,18,P57060_8,0
1568,P55017,SLC12A3,1021,AHINPVFDPA,788,798,P55017_788,0
1569,Q5SXM2,SNAPC4,1469,LQDNPAYLLL,1355,1365,Q5SXM2_1355,0
1570,O43765,SGTA,313,LLNNPGFMSM,224,234,O43765_224,0
1571,Q8NGL3,OR5D14,314,IKINPKFHTP,51,61,Q8NGL3_51,0
1572,O00443,PIK3C2A,1686,HRTNPGYLLS,400,410,O00443_400,0
1573,O00443,PIK3C2A,1686,KTRNPTFNEM,1617,1627,O00443_1617,0
1574,Q9Y2J8,PADI2,665,YVENPFFGQR,216,226,Q9Y2J8_216,0
1575,Q9Y5G0,PCDHGB5,923,LSLNPSFSLI,172,182,Q9Y5G0_172,0
1576,O75151,PHF2,1096,DEDNPIFKSR,883,893,O75151_883,0
1577,Q8IUK5,PLXDC1,500,ANFNPGYSDN,180,190,Q8IUK5_180,0
1578,P18433,PTPRA,802,KACNPQYAGA,428,438,P18433_428,0
1579,Q7Z6P3,RAB44,1021,PQANPDYLFH,826,836,Q7Z6P3_826,0
1580,P49796,RGS3,1198,VLRNPLYLQS,609,619,P49796_609,0
1581,Q6UXD5,SEZ6L2,910,DFSNPLYEAG,892,902,Q6UXD5_892,0
1582,Q8WXH5,SOCS4,440,INNNPCYWGV,281,291,Q8WXH5_281,0
1583,Q9NRL3,STRN4,753,KTWNPKFTLR,426,436,Q9NRL3_426,0
1584,Q8TE77,SSH3,659,ARPNPGFLRQ,450,460,Q8TE77_450,0
1585,O43151,TET3,1795,PSSNPVFPSQ,1290,1300,O43151_1290,0
1586,Q9HCM1,RESF1,1747,VLPNPVYSEK,503,513,Q9HCM1_503,0
1587,Q15459,SF3A1,793,EINNPKFNFL,75,85,Q15459_75,0
1588,Q9BYH1,SEZ6L,1024,YTCNPGFVLE,832,842,Q9BYH1_832,0
1589,Q9BYH1,SEZ6L,1024,EFDNPIYETG,1006,1016,Q9BYH1_1006,0
1590,Q92959,SLCO2A1,643,ISHNPLYMMV,531,541,Q92959_531,0
1591,Q6ZV89,SH2D5,423,GRLNPTYEEQ,386,396,Q6ZV89_386,0
1592,Q96BD0,SLCO4A1,722,EASNPDFGKT,359,369,Q96BD0_359,0
1593,Q96BD0,SLCO4A1,722,LLKNPTFILL,379,389,Q96BD0_379,0
1594,Q99835,SMO,787,QCQNPLFTEA,216,226,Q99835_216,0
1595,Q96PV0,SYNGAP1,1343,PGWNPRFCII,42,52,Q96PV0_42,0
1596,Q96PV0,SYNGAP1,1343,SFQNPLFHMA,926,936,Q96PV0_926,0
1597,Q17RD7,SYT16,645,RGPNPVFREK,408,418,Q17RD7_408,0
1598,Q17RD7,SYT16,645,GQPNPVYKET,567,577,Q17RD7_567,0
1599,P59544,TAS2R50,299,TVLNPAFYSV,69,79,P59544_69,0
1600,Q8IV01,SYT12,421,DDPNPVFNEA,344,354,Q8IV01_344,0
1601,O60522,TDRD6,2096,YVENPGYFWC,780,790,O60522_780,0
1602,Q92973,TNPO1,898,TNLNPEFISV,723,733,Q92973_723,0
1603,Q8WUY3,PRUNE2,3088,RLENPGYFPH,1303,1313,Q8WUY3_1303,0
1604,Q92759,GTF2H4,462,LILNPIFRQN,108,118,Q92759_108,0
1605,Q6NUS6,TCTN3,607,RSGNPGYIVG,379,389,Q6NUS6_379,0
1606,Q15858,SCN9A,1988,IGRNPDYGYT,333,343,Q15858_333,0
1607,Q8NHU6,TDRD7,1098,YKLNPKFCSL,561,571,Q8NHU6_561,0
1608,Q9NT68,TENM2,2774,YDSNPDFQMV,2399,2409,Q9NT68_2399,0
1609,Q6N022,TENM4,2769,CICNPGYKGE,646,656,Q6N022_646,0
1610,Q6N022,TENM4,2769,FVNNPLFGYT,943,953,Q6N022_943,0
1611,Q6N022,TENM4,2769,MDTNPNFQII,2390,2400,Q6N022_2390,0
1612,Q9P0V3,SH3BP4,963,RRDNPFFRSK,233,243,Q9P0V3_233,0
1613,Q9NP31,SH2D2A,389,QDPNPQYSPI,210,220,Q9NP31_210,0
1614,Q9NP31,SH2D2A,389,KPSNPIYNEP,274,284,Q9NP31_274,0
1615,P0CG40,SP9,484,GTYNPDFSSL,218,228,P0CG40_218,0
1616,O15042,U2SURP,1029,EINNPMFRFL,453,463,O15042_453,0
1617,P48307,TFPI2,235,YYFNPRYRTC,174,184,P48307_174,0
1618,Q9H0K4,RSPH6A,717,YEENPDFEGI,520,530,Q9H0K4_520,0
1619,Q9H7F4,TMEM185B,350,WARNPRYRTE,65,75,Q9H7F4_65,0
1620,Q9P1P4,TAAR3P,343,GFFNPWFQKA,310,320,Q9P1P4_310,0
1621,Q96N87,SLC6A18,628,KAWNPKYELF,546,556,Q96N87_546,0
1622,P0C264,SBK3,359,LAPNPEFEAF,246,256,P0C264_246,0
1623,Q8N9U0,TC2N,490,DVYNPFYMYQ,125,135,Q8N9U0_125,0
1624,Q9UQR0,SCML2,700,ACRNPMYIHT,558,568,Q9UQR0_558,0
1625,P35498,SCN1A,2009,AGRNPNYGYT,354,364,P35498_354,0
1626,Q9BVL4,SELENOO,669,YDGNPKYEQC,232,242,Q9BVL4_232,0
1627,Q9BVL4,SELENOO,669,HANNPKYVLR,588,598,Q9BVL4_588,0
1628,P51687,SUOX,545,ITPNPIFFTR,208,218,P51687_208,0
1629,Q5VSL9,STRIP1,837,AHSNPDFLPV,786,796,Q5VSL9_786,0
1630,O75643,SNRNP200,2136,MTQNPNYYNL,1764,1774,O75643_1764,0
1631,O75643,SNRNP200,2136,KLNNPKFNDP,1878,1888,O75643_1878,0
1632,A0A0B4J263,TRAV39,110,VEQNPLFLSM,22,32,A0A0B4J263_22,0
1633,Q5TBA9,FRY,3013,HCDNPPFYRF,1510,1520,Q5TBA9_1510,0
1634,Q5SZK8,FREM2,3169,DGRNPVFRTF,1513,1523,Q5SZK8_1513,0
1635,Q5SZK8,FREM2,3169,TACNPKYSDY,2405,2415,Q5SZK8_2405,0
1636,P35573,AGL,1532,LELNPDFSRP,179,189,P35573_179,0
1637,P50395,GDI2,445,MDRNPYYGGE,33,43,P50395_33,0
1638,A0AVF1,TTC26,554,LDPNPEYWEG,490,500,A0AVF1_490,0
1639,Q8N201,INTS1,2190,RSRNPDFLLH,868,878,Q8N201_868,0
1640,P18564,ITGB6,788,TGTNPLYRGS,756,766,P18564_756,0
1641,O60229,KALRN,2986,EILNPNFIQE,2459,2469,O60229_2459,0
1642,O60229,KALRN,2986,LLGNPEFAAP,2840,2850,O60229_2840,0
1643,Q12791,KCNMA1,1236,VITNPPYEFE,1156,1166,Q12791_1156,0
1644,Q96JM7,L3MBTL3,780,DKKNPSFICV,381,391,Q96JM7_381,0
1645,Q96JM7,L3MBTL3,780,DKRNPMFIRV,485,495,Q96JM7_485,0
1646,P35579,MYH9,1960,RNTNPNFVRC,662,672,P35579_662,0
1647,P15172,MYOD1,320,ANPNPIYQVL,311,321,P15172_311,0
1648,P16333,NCK1,377,FAGNPWYYGK,277,287,P16333_277,0
1649,Q12769,NUP160,1436,GQWNPVFMQP,430,440,Q12769_430,0
1650,Q9H857,NT5DC2,520,YDYNPSFAIR,110,120,Q9H857_110,0
1651,Q9H857,NT5DC2,520,TFHNPTYFSR,451,461,Q9H857_451,0
1652,Q86UY8,NT5DC3,548,TDQNPTYFLR,482,492,Q86UY8_482,0
1653,Q9BUH6,PAXX,204,SLINPGFKSK,184,194,Q9BUH6_184,0
1654,A6NKB5,PCNX2,2137,SFCNPVYQFI,1237,1247,A6NKB5_1237,0
1655,Q9BRR3,PGAP4,403,QTYNPDYVLM,200,210,Q9BRR3_200,0
1656,Q8N414,PGBD5,524,SGGNPFYSTS,40,50,Q8N414_40,0
1657,Q9H720,CWH43,699,IHFNPRFGSY,669,679,Q9H720_669,0
1658,P57071,PRDM15,1507,WTPNPAFREA,126,136,P57071_126,0
1659,Q99698,LYST,3801,AASNPFYFSQ,419,429,Q99698_419,0
1660,Q9NU22,MDN1,5596,ITPNPNFRLF,2280,2290,Q9NU22_2280,0
1661,Q9NU22,MDN1,5596,VTTNPEYWLM,3025,3035,Q9NU22_3025,0
1662,P50579,METAP2,478,VTFNPKYDTL,267,277,P50579_267,0
1663,Q14566,MCM6,821,APTNPRFGGK,304,314,Q14566_304,0
1664,Q14566,MCM6,821,LVVNPNYLLE,811,821,Q14566_811,0
1665,Q86W50,METTL16,562,CMCNPPFFAN,181,191,Q86W50_181,0
1666,Q9H8H3,METTL7A,244,IDPNPNFEKF,97,107,Q9H8H3_97,0
1667,P0DN77,OPN1MW2,364,AAANPGYPFH,291,301,P0DN77_291,0
1668,Q08999,RBL2,1139,ELVNPNFKGL,248,258,Q08999_248,0
1669,Q6PJF5,RHBDF2,856,KRKNPAYLKS,79,89,Q6PJF5_79,0
1670,O43182,ARHGAP6,974,LSLNPIYRQV,401,411,O43182_401,0
1671,Q8WWT9,SLC13A3,602,SLFNPGFLSD,369,379,Q8WWT9_369,0
1672,Q4LDE5,SVEP1,3571,YQCNPGYKSV,2229,2239,Q4LDE5_2229,0
1673,Q4LDE5,SVEP1,3571,YTCNPGYELL,2683,2693,Q4LDE5_2683,0
1674,Q9HAI6,TASL,301,TNPNPVFESP,86,96,Q9HAI6_86,0
1675,Q8NFB2,TMEM185A,350,WARNPQYRAE,65,75,Q8NFB2_65,0
1676,Q969K3,RNF34,372,FTPNPEFSTY,41,51,Q969K3_41,0
1677,Q96LZ7,RMDN2,410,GYSNPNYMYL,355,365,Q96LZ7_355,0
1678,Q7Z5N4,SDK1,2213,RLQNPRYKVL,429,439,Q7Z5N4_429,0
1679,Q58EX2,SDK2,2172,QKANPFYEEW,1921,1931,Q58EX2_1921,0
1680,Q9Y5Y9,SCN10A,1956,TSDNPDFNYT,328,338,Q9Y5Y9_328,0
1681,Q9UI33,SCN11A,1791,TKINPDYNYT,331,341,Q9UI33_331,0
1682,P0DME0,SETSIP,302,FDENPYFENK,151,161,P0DME0_151,0
1683,Q9BQ83,SLX1A,275,YCLNPRYRGR,20,30,Q9BQ83_20,0
1684,O75443,TECTA,2155,SKVNPTFFYK,1316,1326,O75443_1316,0
1685,Q8IYR6,TMEFF1,380,SYNNPCFVRE,209,219,Q8IYR6_209,0
1686,Q8NDG6,TDRD9,1382,NKMNPAYIFE,305,315,Q8NDG6_305,0
1687,G3V0H7,SLCO1B7,640,ILTNPLYVIF,285,295,G3V0H7_285,0
1688,Q9HCE7,SMURF1,757,EMLNPYYGLF,454,464,Q9HCE7_454,1
1689,Q9HAU4,SMURF2,748,EMLNPYYGLF,448,458,Q9HAU4_448,0
1690,Q6UXY8,TMC5,1006,PLNNPDYPGT,41,51,Q6UXY8_41,0
1691,Q6UXY8,TMC5,1006,SLSNPDYSGT,77,87,Q6UXY8_77,0
1692,Q6UXY8,TMC5,1006,SQRNPDFAGS,131,141,Q6UXY8_131,0
1693,Q6UXY8,TMC5,1006,GYVNPAYVGE,318,328,Q6UXY8_318,0
1694,Q9NRS4,TMPRSS4,437,IEFNPMYPKD,279,289,Q9NRS4_279,0
1695,Q9NWD8,TMEM248,314,RQSNPEFCPE,298,308,Q9NWD8_298,0
1696,Q8IUR5,TMTC1,882,TGMNPFYFHA,107,117,Q8IUR5_107,0
1697,Q15393,SF3B3,1217,GFENPMFACL,176,186,Q15393_176,0
1698,P48764,SLC9A3,834,GIDNPVFSPD,751,761,P48764_751,0
1699,Q92581,SLC9A6,669,HVFNPTFVVG,407,417,Q92581_407,0
1700,Q5VV17,OTUD1,481,SYPNPEYDNW,439,449,Q5VV17_439,0
1701,Q99623,PHB2,299,LSKNPGYIKL,242,252,Q99623_242,0
1702,Q96BD5,PHF21A,680,TTANPVYSGA,394,404,Q96BD5_394,0
1703,Q5VY43,PEAR1,1037,YYSNPSYHTL,816,826,Q5VY43_816,0
1704,P16885,PLCG2,1265,NLENPDFREI,946,956,P16885_946,0
1705,O94906,PRPF6,941,RQRNPRYEKL,170,180,O94906_170,0
1706,Q7Z5V6,PPP1R32,425,SLNNPMYVRS,322,332,Q7Z5V6_322,0
1707,P78527,PRKDC,4128,DYPNPMFEHP,2571,2581,P78527_2571,0
1708,Q9Y2P4,SLC27A6,619,NAKNPFFGYA,429,439,Q9Y2P4_429,0
1709,Q8TC36,SUN5,379,NWGNPGFTCL,345,355,Q8TC36_345,0
1710,Q96BF6,NACC2,587,AAANPAFDAG,520,530,Q96BF6_520,0
1711,Q9NQX4,MYO5C,1742,VNRNPLFEKP,530,540,Q9NQX4_530,0
1712,Q8NDX1,PSD4,1056,FFSNPLFLAS,245,255,Q8NDX1_245,0
1713,Q5TD94,RSPH4A,716,FEENPDFEGI,523,533,Q5TD94_523,0
1714,Q8N695,SLC5A8,610,GTDNPAFNHI,586,596,Q8N695_586,0
1715,Q9Y6Y8,SEC23IP,1000,MSRNPDFKGG,567,577,Q9Y6Y8_567,0
1716,Q8N5C8,TAB3,712,PNYNPFFMNE,135,145,Q8N5C8_135,0
1717,Q8N5C8,TAB3,712,FSVNPVYITY,422,432,Q8N5C8_422,0
1718,Q8NA31,TERB1,727,IADNPTFGIV,281,291,Q8NA31_281,0
1719,Q96GD3,SCMH1,660,DRKNPHFICP,177,187,Q96GD3_177,0
1720,Q86VE3,SATL1,695,FGDNPLFYCL,571,581,Q86VE3_571,0
1721,Q9UBT2,UBA2,640,SIMNPDYNVE,95,105,Q9UBT2_95,0
1722,Q8IVG5,SAMD9L,1584,EYLNPNYKDA,1345,1355,Q8IVG5_1345,0
1723,Q1RMZ1,BMT2,405,SFTNPEFITE,149,159,Q1RMZ1_149,0
1724,Q99963,SH3GL3,347,LQPNPAYRAK,58,68,Q99963_58,0
1725,Q5HYK7,SH3D19,790,SSENPTYPSA,150,160,Q5HYK7_150,0
1726,Q8TAB3,PCDH19,1148,NDNNPVFSES,232,242,Q8TAB3_232,0
1727,O15439,ABCC4,1325,WWLNPLFKIG,25,35,O15439_25,0
1728,Q13203,MYBPH,477,IQGNPKYRAL,422,432,Q13203_422,0
1729,Q00872,MYBPC1,1141,IYKNPVYEDF,1032,1042,Q00872_1032,0
1730,O15146,MUSK,869,LHPNPMYQRM,548,558,O15146_548,0
1731,Q15596,NCOA2,1464,SQANPAYQAP,1341,1351,Q15596_1341,0
1732,Q9H6R4,NOL6,1146,WKNNPLFVNL,912,922,Q9H6R4_912,0
1733,Q13563,PKD2,968,SRDNPGFEAE,88,98,Q13563_88,0
1734,Q7Z443,PKD1L3,1732,DKNNPVYVAP,1251,1261,Q7Z443_1251,0
1735,P48552,NRIP1,1158,SDNNPSFTDD,418,428,P48552_418,0
1736,Q7Z2Y5,NRK,1582,VNVNPLYVSP,1185,1195,Q7Z2Y5_1185,0
1737,Q08J23,NSUN2,767,TQENPFFRKL,632,642,Q08J23_632,0
1738,Q6V1P9,DCHS2,3371,NDHNPTFISF,1614,1624,Q6V1P9_1614,0
1739,Q8IV76,PASD1,773,PEVNPLYRAD,291,301,Q8IV76_291,0
1740,Q9Y5G5,PCDHGA8,932,NDNNPKFQVE,127,137,Q9Y5G5_127,0
1741,Q6QHF9,PAOX,511,SRGNPVFQLA,75,85,Q6QHF9_75,0
1742,Q9BXM7,PINK1,581,GLVNPFYGQG,448,458,Q9BXM7_448,0
1743,Q9Y618,NCOR2,2514,LAPNPTYPHL,1655,1665,Q9Y618_1655,0
1744,O75051,PLXNA2,1894,YYPNPTFELL,1139,1149,O75051_1139,0
1745,O75051,PLXNA2,1894,VIKNPQFVFD,1751,1761,O75051_1751,0
1746,Q13018,PLA2R1,1463,LSSNPNFHFT,1070,1080,Q13018_1070,0
1747,Q13018,PLA2R1,1463,GFRNPYYPAT,1433,1443,Q13018_1433,0
1748,Q9C000,NLRP1,1473,VLENPSFSPL,1206,1216,Q9C000_1206,0
1749,Q7Z442,PKD1L2,2459,GRQNPHFCTQ,185,195,Q7Z442_185,0
1750,Q92570,NR4A3,626,EIMNPDYTKL,29,39,Q92570_29,0
1751,P13674,P4HA1,534,GNRNPKFILA,315,325,P13674_315,0
1752,P19174,PLCG1,1290,EGRNPGFYVE,776,786,P19174_776,0
1753,P19174,PLCG1,1290,QISNPEFAFL,1148,1158,P19174_1148,0
1754,Q9HCM2,PLXNA4,1894,YYPNPVFEAF,1138,1148,Q9HCM2_1138,0
1755,Q9HCM2,PLXNA4,1894,MIKNPQFVFD,1751,1761,Q9HCM2_1751,0
1756,Q9Y4D7,PLXND1,1925,YLPNPQFSTA,1172,1182,Q9Y4D7_1172,0
1757,Q9Y4D7,PLXND1,1925,ILKNPQFVFD,1775,1785,Q9Y4D7_1775,0
1758,Q8WY54,PPM1E,755,FRFNPKFYSF,681,691,Q8WY54_681,0
1759,Q9BQR3,PRSS27,290,VESNPLYQGT,110,120,Q9BQR3_110,0
1760,A6NKG5,RTL1,1358,KPQNPFYLET,870,880,A6NKG5_870,0
1761,Q9Y224,RTRAF,244,DVNNPDFKAG,124,134,Q9Y224_124,0
1762,Q6XYQ8,SYT10,523,KTLNPLFDET,290,300,Q6XYQ8_290,0
1763,Q6XYQ8,SYT10,523,NTLNPVYNEA,424,434,Q6XYQ8_424,0
1764,Q9BT88,SYT11,431,KQKNPPYKFI,47,57,Q9BT88_47,0
1765,Q9BT88,SYT11,431,CTLNPIFNES,353,363,Q9BT88_353,0
1766,Q8NB59,SYT14,555,GQPNPVYKET,477,487,Q8NB59_477,0
1767,Q9BQS2,SYT15,421,KTSNPQFDEH,204,214,Q9BQS2_204,0
1768,Q9BQS2,SYT15,421,GSINPVYNET,339,349,Q9BQS2_339,0
1769,O43776,NARS1,548,HELNPNFQPP,375,385,O43776_375,0
1770,P21579,SYT1,422,KTLNPVFNEQ,201,211,P21579_201,0
1771,P21579,SYT1,422,NTLNPYYNES,334,344,P21579_334,0
1772,Q8WXH0,SYNE2,6885,CTKNPSFSEE,2212,2222,Q8WXH0_2212,0
1773,Q8N9I0,SYT2,419,KTLNPAFNET,198,208,Q8N9I0_198,0
1774,Q8N9I0,SYT2,419,KTLNPYFNES,331,341,Q8N9I0_331,0
1775,Q9BQG1,SYT3,590,KTLNPVFNET,358,368,Q9BQG1_358,0
1776,Q9BQG1,SYT3,590,NTLNPTYNEA,492,502,Q9BQG1_492,0
1777,O00445,SYT5,386,QTLNPHFGET,167,177,O00445_167,0
1778,O00445,SYT5,386,NTLNPYYNEA,300,310,O00445_300,0
1779,Q5T7P8,SYT6,510,KTLNPTFDEN,288,298,Q5T7P8_288,0
1780,Q5T7P8,SYT6,510,NTLNPVYNEA,422,432,Q5T7P8_422,0
1781,O43581,SYT7,403,RNLNPIFNES,327,337,O43581_327,0
1782,Q86SS6,SYT9,491,NLSNPDFNIQ,175,185,Q86SS6_175,0
1783,Q86SS6,SYT9,491,KTLNPVFDEV,279,289,Q86SS6_279,0
1784,Q86SS6,SYT9,491,NTLNPVYNEA,413,423,Q86SS6_413,0
1785,Q7Z6K1,THAP5,395,HLANPNFTSN,231,241,Q7Z6K1_231,0
1786,Q9Y6L6,SLCO1B1,691,ILTNPLYVMF,332,342,Q9Y6L6_332,0
1787,Q9BQK8,LPIN3,851,DLANPEYSNF,826,836,Q9BQK8_826,0
1788,Q14767,LTBP2,1821,CLCNPGFHYD,1511,1521,Q14767_1511,0
1789,P45985,MAP2K4,399,NFANPPFKST,47,57,P45985_47,0
1790,P0DN78,OPN1MW3,364,AAANPGYPFH,291,301,P0DN78_291,0
1791,Q8NGP4,OR5M3,307,QLNNPMYFFL,52,62,Q8NGP4_52,0
1792,Q96EK2,PHF21B,531,STANPAYSGL,307,317,Q96EK2_307,0
1793,Q96EK2,PHF21B,531,YLNNPLFLTA,328,338,Q96EK2_328,0
1794,Q15111,PLCL1,1095,NSDNPIFDET,772,782,Q15111_772,0
1795,P05187,ALPP,535,EEENPDFWNR,27,37,P05187_27,0
1796,O95416,SOX14,240,SPTNPGYVVP,192,202,O95416_192,0
1797,Q6IEG0,SNRNP48,339,EMYNPEFFYE,92,102,Q6IEG0_92,0
1798,O43815,STRN,780,KTWNPKFTLR,451,461,O43815_451,0
