,ID,MotifPosition,Variant,Pathogenic,Benign,VarID
0,Q9UL12,331.0,Ala3Val,0,1,787889.0
1,Q63HN8,2233.0,Ile8Thr,0,1,736540.0
2,Q96QU1,1523.0,Ser1Asn,0,1,517308.0
3,Q86YT5,483.0,Leu10Pro,1,0,375390.0
4,Q86YT5,483.0,Leu6Pro,1,0,140754.0
5,O75962,2673.0,Asn4Ser,0,1,516767.0
6,P22105,295.0,Thr8Ala,0,1,261174.0
7,Q9BTV4,227.0,Tyr7Cys,0,1,177840.0
8,Q96NR3,680.0,Val2Ile,0,1,196591.0
9,Q7Z4L5,519.0,Ser6Cys,0,1,241575.0
10,Q96GX1,209.0,Asn4Ser,0,1,307550.0
11,Q02763,719.0,Ala6Thr,0,1,366438.0
12,Q9UHC3,285.0,Pro5Ser,0,1,789519.0
13,P29400,169.0,Gly3Arg,1,0,447213.0
14,P43320,111.0,Gly9Arg,1,0,242473.0
15,P07902,83.0,Tyr7Asp,1,0,25143.0
16,P60484,209.0,Cys3Trp,1,0,279878.0
17,P51587,2343.0,Ala9Gly,0,1,38081.0
18,Q96RY7,520.0,Cys6Ser,0,1,766901.0
19,P17405,491.0,Gly2Ser,1,0,445832.0
20,P17405,491.0,Arg8Cys,1,0,198095.0
21,P17405,491.0,Arg8His,1,0,167712.0
22,P17405,491.0,Arg8Leu,1,0,2980.0
23,P54132,1048.0,Cys8Ser,1,0,42078.0
24,P54132,1048.0,Cys8Tyr,1,0,803137.0
25,P98172,38.0,Phe7Ser,1,0,435027.0
26,Q9H9S5,477.0,Ile2Thr,1,0,528825.0
27,Q8IYD8,1301.0,Tyr7Cys,0,1,241320.0
28,Q5JTC6,822.0,Asn9Asp,0,1,710720.0
29,Q9BYV8,6.0,Ile2Thr,0,1,707167.0
30,Q08426,483.0,Arg1Gln,0,1,786507.0
31,Q14204,1984.0,Asp8Asn,0,1,239001.0
32,Q9P2D7,653.0,Pro5Ala,0,1,544643.0
33,Q9P2D7,653.0,Pro1Ser,0,1,707433.0
34,Q9P2D7,653.0,Met9Val,0,1,478421.0
35,O14497,2217.0,Asn4Ser,0,1,788352.0
36,Q9UKA4,1617.0,Arg10Cys,0,1,768614.0
37,O95477,76.0,Pro10Leu,0,1,364464.0
38,Q8N302,581.0,Leu2Val,0,1,773192.0
39,Q8TE73,2081.0,Met3Ile,1,0,228251.0
40,Q86X52,437.0,Met6Thr,0,1,281557.0
41,Q9UBX5,70.0,Val6Ala,0,1,314881.0
42,Q9P2P5,1272.0,Tyr6His,1,0,807429.0
43,P98164,4592.0,Met10Ile,0,1,332068.0
44,Q9UHC1,1144.0,Asn4Ile,0,1,314375.0
45,Q5KSL6,1195.0,Pro9Ser,0,1,734433.0
46,P35555,1180.0,Cys3Tyr,1,0,803091.0
47,O75603,276.0,Tyr7Asp,0,1,720267.0
48,Q13224,1005.0,Pro6Ser,0,1,572441.0
49,P20807,105.0,Glu3Lys,0,1,195011.0
50,P20807,105.0,Arg6Gln,0,1,798187.0
51,P20807,454.0,Arg8Cys,1,0,501440.0
52,Q7Z6Z7,4072.0,Asn4Lys,1,0,375720.0
53,P01130,822.0,Asn4Lys,1,0,161265.0
54,P01130,822.0,Pro5Thr,1,0,252343.0
55,P01130,822.0,Val6Phe,1,0,375840.0
56,P01130,822.0,Asn4Lys,1,0,252341.0
57,P01130,822.0,Tyr7His,1,0,252345.0
58,P01130,822.0,Tyr7Cys,1,0,3704.0
59,P01130,822.0,Tyr7Ser,1,0,226395.0
60,P01130,822.0,Asn4Asp,1,0,252340.0
61,P41161,144.0,Leu6Val,0,1,780903.0
62,Q9Y2Z2,75.0,Cys3Tyr,1,0,418339.0
63,P14543,667.0,Gln3Arg,0,1,779862.0
64,Q86Z14,61.0,Pro5Ala,0,1,713092.0
65,O00522,189.0,Ala8Gly,0,1,704866.0
66,P28331,403.0,Arg6His,1,0,432383.0
67,P28331,403.0,Arg6Cys,1,0,50924.0
68,Q14112,758.0,Pro2Leu,0,1,784284.0
69,Q14112,758.0,Asp8Asn,0,1,743366.0
70,Q9H5I5,1219.0,Arg2Gln,0,1,741930.0
71,Q9H5I5,1219.0,Val1Met,0,1,267268.0
72,P26951,84.0,Ala3Val,0,1,747176.0
73,O43272,461.0,Thr6Met,1,1,4013.0
74,P24394,491.0,Ala2Thr,0,1,776995.0
75,Q9HD67,627.0,Asn4Ser,0,1,716020.0
76,Q9UKN7,2675.0,Tyr10His,1,0,322166.0
77,Q9UKN7,2675.0,Tyr8Phe,0,1,226790.0
78,P11182,470.0,Met8Arg,1,0,93994.0
79,Q96PV0,42.0,Arg6Gln,0,1,436920.0
80,P35498,354.0,Asn6Lys,1,0,801814.0
81,P35498,354.0,Pro5Thr,1,0,68500.0
82,P35498,354.0,Asn4Tyr,1,0,393038.0
83,P35498,354.0,Asn6Ser,1,0,189864.0
84,P35498,354.0,Thr10Pro,1,0,429575.0
85,P35498,354.0,Asn6Ile,1,0,206757.0
86,P35498,354.0,Pro5Ser,1,0,189872.0
87,P51687,208.0,Pro3Leu,0,1,309837.0
88,P51687,208.0,Arg10Gln,1,0,3820.0
89,P16885,946.0,Asn1Ser,0,1,733054.0
90,Q8TAB3,232.0,Asn1Ile,1,0,159561.0
91,Q8TAB3,232.0,Pro5Leu,1,0,626145.0
92,Q8TAB3,232.0,Asp2Tyr,1,0,447920.0
93,Q8TAB3,232.0,Asn1Ser,1,0,206321.0
94,Q8TAB3,232.0,Asn3Ser,1,0,449357.0
95,Q8TAB3,232.0,Asn1Lys,1,0,206322.0
96,Q8TAB3,232.0,Pro5Arg,1,0,408904.0
