Motif,G,A,R,N,D,C,E,Q,H,I,L,K,M,F,P,S,T,W,Y,V
x,0.6,3.766666666666667,9.266666666666667,8.966666666666667,9.766666666666666,6.333333333333333,8.833333333333334,8.799999999999999,33.26666666666667,12.366666666666667,10.4,8.533333333333333,8.866666666666667,15.1,5.366666666666667,5.8999999999999995,9.6,17.833333333333332,16.7,10.799999999999999
x,2.4,2.1999999999999997,1.5666666666666667,2.3000000000000003,2.4,1.8999999999999997,2.1333333333333333,1.8999999999999997,2.1,1.3666666666666665,0.9333333333333332,1.5666666666666667,0.7000000000000001,-0.033333333333333326,4.1000000000000005,2.1,2.0000000000000004,1.3,0.16666666666666666,1.7333333333333334
x,1.5,1.2,1.3666666666666665,1.1666666666666667,0.7666666666666666,1.0999999999999999,0.13333333333333333,0.6,1.2,0.2666666666666666,0.10000000000000002,0.9666666666666668,-0.26666666666666666,-0.26666666666666666,0.3,1.5999999999999999,1.0999999999999999,0.8333333333333335,0.5333333333333333,0.6666666666666666
N,2.733333333333333,1.5333333333333332,8.466666666666667,0.03333333333333333,1.0333333333333332,0.3333333333333333,4.366666666666666,3.966666666666667,7.233333333333333,3.966666666666667,4.166666666666667,6.3,2.1666666666666665,8.033333333333333,7.433333333333333,1.9666666666666668,4.633333333333334,19.9,8.366666666666665,3.466666666666667
P,2.8333333333333335,2.1333333333333333,2.033333333333333,2.4333333333333336,2.3666666666666667,2.3666666666666667,1.8999999999999997,2.0666666666666664,2.7000000000000006,2.433333333333333,1.5999999999999999,1.7999999999999998,1.3666666666666665,2.033333333333333,0.03333333333333333,2.3000000000000003,2.6666666666666665,1.3666666666666665,2.1333333333333333,2.3333333333333335
x,1.4666666666666668,-3.700743415417188e-17,-0.43333333333333335,0.1333333333333334,1.0333333333333334,-0.16666666666666666,0.5666666666666668,0.26666666666666666,9.666666666666666,-0.3666666666666667,-1.8333333333333333,-0.7666666666666666,-2.033333333333333,0.6666666666666666,1.866666666666667,0.5666666666666668,-0.03333333333333333,-0.4000000000000001,1.2333333333333334,-0.5
YF,3.0666666666666664,2.3666666666666667,3.033333333333333,2.6,3.633333333333333,2.766666666666667,3.5666666666666664,3.1999999999999997,3.1666666666666665,3.4,3.6666666666666665,2.966666666666667,1.3666666666666665,0.5333333333333333,7.2,2.6333333333333333,3.633333333333333,1.9666666666666668,0.0,3.233333333333333
x,1.0999999999999999,0.4333333333333333,0.03333333333333333,0.26666666666666666,0.7666666666666666,0.2333333333333333,0.16666666666666666,-0.2333333333333333,1.0,9.25185853854297e-18,-0.19999999999999998,0.0,-0.3333333333333333,0.39999999999999997,1.4000000000000001,0.7333333333333334,0.9,0.9,0.3666666666666667,0.39999999999999997
x,2.1,1.5666666666666664,1.1333333333333333,1.5,1.5,1.6666666666666667,0.8000000000000002,1.1666666666666667,1.3666666666666665,0.6999999999999998,0.6333333333333333,0.8333333333333334,0.16666666666666666,-0.09999999999999999,1.2,1.633333333333333,1.7,0.3333333333333333,-0.19999999999999998,1.5333333333333332
x,0.7666666666666666,1.1666666666666667,0.7999999999999999,1.4333333333333333,1.5999999999999999,1.4666666666666668,1.6666666666666667,1.0,1.0666666666666667,1.3333333333333333,0.7333333333333334,1.0,0.6333333333333333,-0.26666666666666666,2.3333333333333335,1.2666666666666668,1.3666666666666665,0.6666666666666666,-0.2333333333333333,1.6666666666666667
