,UniProtID,Gene,Protein_length,Motif,Start,End,ID_motif,Positives,Candidate Confidence
0,Q96E35,ZMYND19,227,LLWE,71,75,Q96E35_71,0,
1,Q9BZH6,WDR11,1224,MIWE,381,385,Q9BZH6_381,0,
2,Q9NXF8,ZDHHC7,308,LRWE,266,270,Q9NXF8_266,0,
3,Q9NX65,ZSCAN32,697,LKWD,424,428,Q9NX65_424,0,
4,B4DU55,ZNF879,563,LGWE,85,89,B4DU55_85,0,
5,Q8NCK3,ZNF485,441,LDWE,118,122,Q8NCK3_118,0,
6,Q2M1K9,ZNF423,1284,LAWD,16,20,Q2M1K9_16,0,
7,Q5T5D7,ZNF684,378,LYWD,32,36,Q5T5D7_32,0,
8,Q9UL52,TMPRSS11E,423,LQWD,209,213,Q9UL52_209,0,
9,Q99973,TEP1,2627,LVWE,1239,1243,Q99973_1239,0,
10,Q99973,TEP1,2627,LCWD,2086,2090,Q99973_2086,0,
11,Q99973,TEP1,2627,LNWE,2624,2628,Q99973_2624,0,
12,Q7L0Y3,TRMT10C,403,LQWE,342,346,Q7L0Y3_342,0,
13,Q8TD43,TRPM4,1214,LTWE,1122,1126,Q8TD43_1122,0,
14,Q9UBN4,TRPC4,977,LSWE,223,227,Q9UBN4_223,0,
15,Q6PKC3,TXNDC11,985,LPWE,753,757,Q6PKC3_753,0,
16,Q13107,USP4,963,MDWD,740,744,Q13107_740,0,
17,P37288,AVPR1A,418,MCWD,109,113,P37288_109,0,
18,O00401,WASL,505,LLWE,88,92,O00401_88,0,
19,P35916,FLT4,1363,LLWE,1103,1107,P35916_1103,0,
20,A0A1B0GTU1,ZC3H11B,805,LTWE,777,781,A0A1B0GTU1_777,0,
21,Q9Y484,WDR45,360,LIWD,80,84,Q9Y484_80,0,
22,Q9NYH9,UTP6,597,LTWD,272,276,Q9NYH9_272,0,
23,Q5JTN6,WDR38,314,MLWD,130,134,Q5JTN6_130,0,
24,Q8NEZ3,WDR19,1342,MDWD,60,64,Q8NEZ3_60,0,
25,O95150,TNFSF15,251,LHWE,117,121,O95150_117,0,
26,P48023,FASLG,281,LEWE,160,164,P48023_160,0,
27,Q5DID0,UMODL1,1318,LEWE,307,311,Q5DID0_307,0,
28,Q5DID0,UMODL1,1318,LAWE,721,725,Q5DID0_721,0,
29,P16415,ZNF823,610,MKWE,45,49,P16415_45,0,
30,P51531,SMARCA2,1590,LVWE,543,547,P51531_543,0,
31,Q96SB4,SRPK1,655,LSWD,96,100,Q96SB4_96,0,
32,Q14247,CTTN,550,LGWD,248,252,Q14247_248,0,
33,Q9P2J5,LARS1,1176,LPWD,583,587,Q9P2J5_583,0,
34,Q14DG7,TMEM132B,1078,MGWD,145,149,Q14DG7_145,0,
35,Q9NYV9,TAS2R13,303,LIWE,58,62,Q9NYV9_58,0,
36,P26640,VARS1,1264,LDWD,438,442,P26640_438,0,
37,Q9C0I4,THSD7B,1606,LHWE,663,667,Q9C0I4_663,0,
38,Q9P2Z0,THAP10,257,LLWD,31,35,Q9P2Z0_31,0,
39,Q8WUY1,THEM6,208,LGWD,124,128,Q8WUY1_124,0,
40,Q9H7E2,TDRD3,651,LYWE,565,569,Q9H7E2_565,0,
41,Q5TEJ8,THEMIS2,643,LAWE,253,257,Q5TEJ8_253,0,
42,P24821,TNC,2201,LAWD,641,645,P24821_641,0,
43,P23469,PTPRE,700,MVWE,221,225,P23469_221,0,
44,P23469,PTPRE,700,MIWE,513,517,P23469_513,0,
45,P10586,PTPRF,1907,LTWD,337,341,P10586_337,0,
46,P10586,PTPRF,1907,LAWD,934,938,P10586_934,0,
47,P10586,PTPRF,1907,LSWE,1030,1034,P10586_1030,0,
48,P10586,PTPRF,1907,MVWE,1437,1441,P10586_1437,0,
49,P10586,PTPRF,1907,MLWE,1726,1730,P10586_1726,0,
50,Q5HYW3,RTL5,569,LSWD,265,269,Q5HYW3_265,0,
51,Q13621,SLC12A1,1099,MEWE,320,324,Q13621_320,0,
52,Q9P0U3,SENP1,644,MVWE,634,638,Q9P0U3_634,0,
53,Q9H4B6,SAV1,383,LKWE,322,326,Q9H4B6_322,0,
54,Q9BY12,SCAPER,1400,LAWE,169,173,Q9BY12_169,0,
55,P05060,CHGB,677,LEWE,357,361,P05060_357,0,
56,Q8NDV3,SMC1B,1235,LQWE,396,400,Q8NDV3_396,0,
57,Q6ZW31,SYDE1,735,LAWD,334,338,Q6ZW31_334,0,
58,Q9NR96,TLR9,1032,LSWD,814,818,Q9NR96_814,0,
59,P98066,TNFAIP6,277,LLWE,10,14,P98066_10,0,
60,Q8IV45,UNC5CL,518,LVWD,143,147,Q8IV45_143,0,1
61,Q13416,ORC2,577,LMWD,431,435,Q13416_431,0,
62,O15259,NPHP1,732,LMWD,365,369,O15259_365,0,
63,Q8NFJ6,PROKR2,384,LSWE,119,123,Q8NFJ6_119,0,
64,A1L390,PLEKHG3,1219,LQWE,949,953,A1L390_949,0,
65,Q7Z5B4,RIC3,369,LGWE,276,280,Q7Z5B4_276,0,
66,Q9H0H5,RACGAP1,632,LDWD,165,169,Q9H0H5_165,0,
67,Q9UBK2,PPARGC1A,798,MAWD,1,5,Q9UBK2_1,0,
68,Q2VWP7,PRTG,1150,LAWE,437,441,Q2VWP7_437,0,
69,P49642,PRIM1,420,LEWE,292,296,P49642_292,0,
70,P23467,PTPRB,1997,MVWE,1789,1793,P23467_1789,0,
71,A4D1P6,WDR91,747,LLWD,543,547,A4D1P6_543,0,
72,Q6ZTQ3,RASSF6,369,MLWE,1,5,Q6ZTQ3_1,0,
73,Q13636,RAB31,194,LIWD,57,61,Q13636_57,0,
74,Q13637,RAB32,225,LNWD,67,71,Q13637_67,0,
75,Q9UL12,SARDH,918,LDWE,352,356,Q9UL12_352,0,
76,Q9UL12,SARDH,918,LGWE,733,737,Q9UL12_733,0,
77,Q9UHV5,RAPGEFL1,662,LTWE,532,536,Q9UHV5_532,0,
78,Q63HN8,RNF213,5207,LVWD,2578,2582,Q63HN8_2578,0,
79,P08922,ROS1,2347,LIWE,2150,2154,P08922_2150,0,
80,Q68CR1,SEL1L3,1132,LDWE,625,629,Q68CR1_625,0,
81,Q15005,SPCS2,226,LIWD,99,103,Q15005_99,0,
82,P0DUD3,SPDYE14,265,LAWD,125,129,P0DUD3_125,0,
83,P0DUX1,SPDYE12,265,LAWD,125,129,P0DUX1_125,0,
84,A0A494C086,SPDYE21,402,LAWD,212,216,A0A494C086_212,0,
85,A6NLX3,SPDYE4,237,LAWD,122,126,A6NLX3_122,0,
86,Q15427,SF3B4,424,LLWE,28,32,Q15427_28,0,
87,Q11206,ST3GAL4,333,LIWD,220,224,Q11206_220,0,
88,Q9P0V8,SLAMF8,285,LLWE,10,14,Q9P0V8_10,0,
89,Q9BYW2,SETD2,2564,LGWD,1258,1262,Q9BYW2_1258,0,
90,Q5TGY1,TMCO4,634,LAWE,311,315,Q5TGY1_311,0,
91,Q8WWQ8,STAB2,2551,LQWD,2428,2432,Q8WWQ8_2428,0,
92,Q9Y6J8,STYXL1,313,LEWE,294,298,Q9Y6J8_294,0,
93,O15020,SPTBN2,2390,LEWE,1428,1432,O15020_1428,0,
94,Q15572,TAF1C,869,LLWE,56,60,Q15572_56,0,
95,Q15572,TAF1C,869,LRWE,200,204,Q15572_200,0,
96,Q8IZX4,TAF1L,1826,LHWE,427,431,Q8IZX4_427,0,
97,Q66K14,TBC1D9B,1250,LPWE,966,970,Q66K14_966,0,
98,Q9UBH6,XPR1,696,LKWD,421,425,Q9UBH6_421,0,
99,Q9UBH6,XPR1,696,LIWD,526,530,Q9UBH6_526,0,
100,O95156,NXPH2,264,LDWE,32,36,O95156_32,0,
101,O94761,RECQL4,1208,MGWE,996,1000,O94761_996,0,
102,O94761,RECQL4,1208,LQWD,1010,1014,O94761_1010,0,
103,Q8IWV7,UBR1,1749,MLWD,356,360,Q8IWV7_356,0,
104,Q8IWV7,UBR1,1749,LYWD,1416,1420,Q8IWV7_1416,0,
105,P60508,ERVFRD-1,538,LFWE,237,241,P60508_237,0,
106,P60508,ERVFRD-1,538,LNWE,471,475,P60508_471,0,
107,Q9H497,TOR3A,397,LEWD,126,130,Q9H497_126,0,
108,Q13200,PSMD2,908,LLWD,418,422,Q13200_418,0,
109,Q8ND04,SMG8,991,MPWD,796,800,Q8ND04_796,0,
110,Q2NKQ1,SGSM1,1148,LVWE,1072,1076,Q2NKQ1_1072,0,
111,Q9NRC8,SIRT7,400,LNWE,249,253,Q9NRC8_249,0,
112,Q9Y4P9,SPEF1,236,LSWD,159,163,Q9Y4P9_159,0,
113,A0A0A0MS03,TRBV5-3,114,LCWE,6,10,A0A0A0MS03_6,0,
114,Q5VVX9,UBE2U,321,MEWE,34,38,Q5VVX9_34,0,
115,Q7Z3V4,UBE3B,1068,MIWD,574,578,Q7Z3V4_574,0,
116,P17480,UBTF,764,MDWE,53,57,P17480_53,0,
117,Q53EQ6,TIGD5,642,LSWD,463,467,Q53EQ6_463,0,
118,Q8NA69,TEX45,505,LKWD,198,202,Q8NA69_198,0,
119,Q7Z2W7,TRPM8,1104,LAWE,1053,1057,Q7Z2W7_1053,0,
120,Q9UHX1,PUF60,559,MSWD,160,164,Q9UHX1_160,0,
121,P52756,RBM5,815,LYWD,496,500,P52756_496,0,
122,P57729,RAB38,211,LHWD,51,55,P57729_51,0,
123,Q15050,RRS1,365,LVWD,131,135,Q15050_131,0,
124,O95164,UBL3,117,MDWE,45,49,O95164_45,0,
125,Q9Y4E8,USP15,981,LDWD,751,755,Q9Y4E8_751,0,
126,P63279,UBE2I,158,MNWE,39,43,P63279_39,0,
127,P42768,WAS,502,LLWE,95,99,P42768_95,0,
128,A8MV72,,311,LRWD,237,241,A8MV72_237,0,
129,Q9H8L6,MMRN2,949,LGWD,653,657,Q9H8L6_653,0,
130,Q8NGT0,OR13C9,318,MEWE,1,5,Q8NGT0_1,0,
131,O60602,TLR5,858,LAWE,487,491,O60602_487,0,
132,O60602,TLR5,858,LCWD,493,497,O60602_493,0,
133,Q70CQ2,USP34,3546,LLWD,862,866,Q70CQ2_862,0,
134,P07949,RET,1114,LLWE,940,944,P07949_940,0,
135,Q9C0H5,ARHGAP39,1083,LAWE,559,563,Q9C0H5_559,0,
136,Q9NSN8,SNTG1,517,LRWE,197,201,Q9NSN8_197,0,
137,Q96Q05,TRAPPC9,1148,LQWD,1016,1020,Q96Q05_1016,0,
138,O14795,UNC13B,1591,LIWD,69,73,O14795_69,0,
139,Q9BY64,UGT2B28,529,LFWD,395,399,Q9BY64_395,0,
140,Q8NBZ7,UXS1,420,LGWE,372,376,Q8NBZ7_372,0,
141,Q96RL7,VPS13A,3174,LCWE,1299,1303,Q96RL7_1299,0,
142,O95153,TSPOAP1,1857,LAWE,809,813,O95153_809,0,
143,P57078,RIPK4,832,LPWD,113,117,P57078_113,0,
144,Q92911,SLC5A5,643,LWWD,563,567,Q92911_563,1,
145,P0DUD4,SPDYE15,265,LAWD,125,129,P0DUD4_125,0,
146,Q8N661,TMEM86B,226,LAWD,186,190,Q8N661_186,0,
147,P14410,SI,1827,LFWD,1724,1728,P14410_1724,0,
148,Q96DR4,STARD4,205,LDWD,77,81,Q96DR4_77,0,
149,Q96DR4,STARD4,205,LDWD,136,140,Q96DR4_136,0,
150,Q9NRC6,SPTBN5,3674,LEWD,2621,2625,Q9NRC6_2621,0,
151,Q9BXU2,TEX13B,312,LSWE,41,45,Q9BXU2_41,0,
152,Q92752,TNR,1358,LEWD,344,348,Q92752_344,0,
153,Q92752,TNR,1358,LEWD,612,616,Q92752_612,0,
154,Q5MNZ6,WDR45B,344,MIWD,83,87,Q5MNZ6_83,0,
155,O75191,XYLB,536,LGWD,11,15,O75191_11,0,
156,Q8N328,PGBD3,593,MFWE,200,204,Q8N328_200,0,
157,Q3SYG4,BBS9,887,LGWE,766,770,Q3SYG4_766,0,
158,Q07960,ARHGAP1,439,LKWD,58,62,Q07960_58,0,
159,P0DJD0,RGPD1,1748,LEWD,1231,1235,P0DJD0_1231,0,
160,Q7Z3J3,RGPD4,1758,LEWD,1247,1251,Q7Z3J3_1247,0,
161,O14715,RGPD8,1765,LEWD,1246,1250,O14715_1246,0,
162,A6NJZ7,RIMBP3C,1639,LPWD,1060,1064,A6NJZ7_1060,0,
163,Q9Y226,SLC22A13,551,MGWE,111,115,Q9Y226_111,0,
164,Q8WZA2,RAPGEF4,1011,LTWE,880,884,Q8WZA2_880,0,
165,Q9NRR4,DROSHA,1374,LQWE,723,727,Q9NRR4_723,0,
166,Q9NRR4,DROSHA,1374,MRWE,1355,1359,Q9NRR4_1355,0,
167,Q9UQD0,SCN8A,1980,LIWE,731,735,Q9UQD0_731,0,
168,Q99729,HNRNPAB,332,LSWD,76,80,Q99729_76,0,
169,P51168,SCNN1B,640,LSWE,75,79,P51168_75,0,
170,O43699,SIGLEC6,453,LLWD,95,99,O43699_95,0,
171,Q8IUQ4,SIAH1,282,LTWE,234,238,Q8IUQ4_234,0,
172,O43255,SIAH2,324,LTWE,274,278,O43255_274,0,
173,Q8IW03,SIAH3,269,LKWE,212,216,Q8IW03_212,0,
174,P15907,ST6GAL1,406,MPWE,300,304,P15907_300,0,
175,Q11203,ST3GAL3,375,LQWE,33,37,Q11203_33,0,
176,P0DUD1,SPDYE8,265,LAWD,125,129,P0DUD1_125,0,
177,Q9UKG4,SLC13A4,626,MPWE,462,466,Q9UKG4_462,0,
178,Q14D33,RTP5,572,LWWD,74,78,Q14D33_74,0,
179,Q9NTJ5,SACM1L,587,MRWD,347,351,Q9NTJ5_347,0,
180,Q9Y2G9,SBNO2,1366,LKWE,1048,1052,Q9Y2G9_1048,0,
181,P52888,THOP1,689,LRWD,24,28,P52888_24,0,
182,Q99250,SCN2A,2005,LIWD,737,741,Q99250_737,0,
183,O95863,SNAI1,264,LIWD,59,63,O95863_59,0,
184,Q5VWJ9,SNX30,437,MAWE,421,425,Q5VWJ9_421,0,
185,Q96H20,SNF8,258,LKWE,202,206,Q96H20_202,0,
186,P0DUX0,SPDYE10,265,LAWD,125,129,P0DUX0_125,0,
187,Q9NY15,STAB1,2570,LHWE,1714,1718,Q9NY15_1714,0,
188,Q8TB22,SPATA20,786,LFWD,610,614,Q8TB22_610,0,
189,Q9BR10,SPATA25,227,LGWD,102,106,Q9BR10_102,0,
190,Q13769,THOC5,683,LDWE,191,195,Q13769_191,0,
191,Q8WXI7,MUC16,14507,LDWD,3736,3740,Q8WXI7_3736,0,
192,Q8WXI7,MUC16,14507,LPWD,5580,5584,Q8WXI7_5580,0,
193,Q8WXI7,MUC16,14507,LTWD,6460,6464,Q8WXI7_6460,0,
194,Q8WXI7,MUC16,14507,LYWE,12162,12166,Q8WXI7_12162,0,
195,Q8WXI7,MUC16,14507,LYWE,12318,12322,Q8WXI7_12318,0,
196,Q8WXI7,MUC16,14507,LYWE,12476,12480,Q8WXI7_12476,0,
197,Q8WXI7,MUC16,14507,LYWE,12632,12636,Q8WXI7_12632,0,
198,Q8WXI7,MUC16,14507,LYWE,12787,12791,Q8WXI7_12787,0,
199,Q8WXI7,MUC16,14507,LYWE,12943,12947,Q8WXI7_12943,0,
200,Q8WXI7,MUC16,14507,LYWE,13255,13259,Q8WXI7_13255,0,
201,Q8WXI7,MUC16,14507,LYWE,13567,13571,Q8WXI7_13567,0,
202,Q8WXI7,MUC16,14507,LYWE,13723,13727,Q8WXI7_13723,0,
203,Q8WXI7,MUC16,14507,LYWE,14162,14166,Q8WXI7_14162,0,
204,Q16625,OCLN,522,LAWD,87,91,Q16625_87,0,
205,P98175,RBM10,930,LYWD,606,610,P98175_606,0,
206,O43374,RASA4,803,MLWE,740,744,O43374_740,0,
207,P49792,RANBP2,3224,LEWD,2222,2226,P49792_2222,0,
208,Q9UL26,RAB22A,194,LIWD,57,61,Q9UL26_57,0,
209,Q9NST1,PNPLA3,481,LPWD,310,314,Q9NST1_310,0,
210,Q68EM7,ARHGAP17,881,LDWD,146,150,Q68EM7_146,0,
211,P0DJH9,RD3L,198,LPWE,111,115,P0DJH9_111,0,
212,Q09028,RBBP4,425,MIWD,253,257,Q09028_253,0,
213,Q8TEU7,RAPGEF6,1601,LQWE,1132,1136,Q8TEU7_1132,0,
214,Q8WZ75,ROBO4,1007,LSWD,563,567,Q8WZ75_563,0,
215,A6NHP3,SPDYE2B,402,LAWD,212,216,A6NHP3_212,0,
216,A6NCI5,LINC00862,91,LYWE,5,9,A6NCI5_5,0,
217,A6NLE4,SMIM23,172,LAWD,117,121,A6NLE4_117,0,
218,Q07837,SLC3A1,685,MQWD,509,513,Q07837_509,0,
219,Q4W5P6,SMIM43,63,MEWE,1,5,Q4W5P6_1,0,
220,Q9P2J2,IGSF9,1179,LHWD,641,645,Q9P2J2_641,0,
221,P49788,RARRES1,294,LIWD,190,194,P49788_190,0,
222,I1YAP6,TRIM77,450,LLWE,41,45,I1YAP6_41,0,
223,Q5JTD0,TJAP1,557,LDWE,140,144,Q5JTD0_140,0,
224,Q2T9K0,TMEM44,475,LEWD,438,442,Q2T9K0_438,0,
225,Q9BX84,TRPM6,2022,MAWD,416,420,Q9BX84_416,0,
226,Q495T6,MMEL1,779,LEWE,212,216,Q495T6_212,0,
227,P06400,RB1,928,LTWE,76,80,P06400_76,0,
228,Q9NSD7,RXFP3,469,LWWE,48,52,Q9NSD7_48,0,
229,Q96HU1,SGSM3,749,LTWD,92,96,Q96HU1_92,0,
230,Q8N4U5,TCP11L2,519,LQWD,309,313,Q8N4U5_309,0,
231,Q24JP5,TMEM132A,1023,MVWE,385,389,Q24JP5_385,0,
232,Q6Q795,,121,LPWD,20,24,Q6Q795_20,0,
233,P46939,UTRN,3433,LQWD,2339,2343,P46939_2339,0,
234,Q8WWU5,TCP11,503,LLWD,300,304,Q8WWU5_300,0,
235,Q6N021,TET2,2002,LVWE,1231,1235,Q6N021_1231,0,
236,P04275,VWF,2813,MDWD,500,504,P04275_500,0,
237,Q70EL1,USP54,1684,LVWD,250,254,Q70EL1_250,0,
238,Q70EL1,USP54,1684,LSWE,1197,1201,Q70EL1_1197,0,
239,Q6ZNA1,ZNF836,936,LYWD,32,36,Q6ZNA1_32,0,
240,Q8N323,NXPE1,547,LFWE,170,174,Q8N323_170,0,
241,Q13332,PTPRS,1948,LSWE,1052,1056,Q13332_1052,0,
242,Q13332,PTPRS,1948,MVWE,1478,1482,Q13332_1478,0,
243,Q13332,PTPRS,1948,MLWE,1767,1771,Q13332_1767,0,
244,O15050,TRANK1,2925,LQWD,42,46,O15050_42,0,
245,O15050,TRANK1,2925,MTWE,788,792,O15050_788,0,
246,O15050,TRANK1,2925,MLWE,855,859,O15050_855,0,
247,Q9P2L0,WDR35,1181,LSWE,309,313,Q9P2L0_309,0,
248,A3KFT3,OR2M5,312,MAWE,1,5,A3KFT3_1,0,
249,O43316,PAX4,350,LKWE,231,235,O43316_231,0,
250,Q496M5,PLK5,336,MEWD,130,134,Q496M5_130,0,
251,Q8TCW9,PROKR1,393,LSWE,128,132,Q8TCW9_128,0,
252,Q9HA77,CARS2,564,MLWE,394,398,Q9HA77_394,0,
253,Q9UPW8,UNC13A,1703,LIWD,69,73,Q9UPW8_69,0,
254,P14679,TYR,529,LRWE,216,220,P14679_216,0,
255,Q06418,TYRO3,890,LEWE,340,344,Q06418_340,0,
256,Q5JTH9,RRP12,1297,LQWD,404,408,Q5JTH9_404,0,
257,Q9HD43,PTPRH,1115,LSWE,48,52,Q9HD43_48,0,
258,Q9HD43,PTPRH,1115,LTWE,137,141,Q9HD43_137,0,
259,Q9HD43,PTPRH,1115,LSWE,226,230,Q9HD43_226,0,
260,Q9HD43,PTPRH,1115,LTWE,315,319,Q9HD43_315,0,
261,Q9HD43,PTPRH,1115,LCWE,404,408,Q9HD43_404,0,
262,Q9HD43,PTPRH,1115,LVWE,906,910,Q9HD43_906,0,
263,P11217,PYGM,842,MDWD,360,364,P11217_360,0,
264,Q9ULC3,RAB23,237,MLWD,61,65,Q9ULC3_61,0,
265,Q2PPJ7,RALGAPA2,1873,LGWE,1681,1685,Q2PPJ7_1681,0,
266,P0DJD1,RGPD2,1756,LEWD,1239,1243,P0DJD1_1239,0,
267,A6NKT7,RGPD3,1758,LEWD,1247,1251,A6NKT7_1247,0,
268,Q9H4K1,RIBC2,382,LDWD,312,316,Q9H4K1_312,0,
269,Q9Y577,TRIM17,477,LSWE,42,46,Q9Y577_42,0,
270,Q8IZJ1,UNC5B,945,LCWD,17,21,Q8IZJ1_17,0,
271,O14709,ZNF197,1029,LYWD,241,245,O14709_241,0,
272,O14709,ZNF197,1029,LEWE,256,260,O14709_256,0,
273,Q5TEA6,SEL1L2,688,LDWD,280,284,Q5TEA6_280,0,
274,Q5H9J9,TCP11X2,407,LLWD,204,208,Q5H9J9_204,0,
275,Q15542,TAF5,800,LLWD,694,698,Q15542_694,0,
276,Q8NEK8,TENT5D,389,LTWD,9,13,Q8NEK8_9,0,
277,Q9BZ97,TTTY13,58,LGWD,18,22,Q9BZ97_18,0,
278,A4UGR9,XIRP2,3374,LEWD,389,393,A4UGR9_389,0,
279,P20132,SDS,328,LIWE,140,144,P20132_140,0,
280,P98077,SHC2,582,LPWD,382,386,P98077_382,0,
281,Q6ZRS2,SRCAP,3230,LNWE,680,684,Q6ZRS2_680,0,
282,Q15772,SPEG,3267,LVWD,1726,1730,Q15772_1726,0,
283,Q9UL62,TRPC5,973,LGWE,223,227,Q9UL62_223,0,
284,O75795,UGT2B17,530,LCWE,116,120,O75795_116,0,
285,Q8NA23,WDR31,367,MMWD,128,132,Q8NA23_128,0,
286,Q8NA23,WDR31,367,LLWD,171,175,Q8NA23_171,0,
287,Q6ZUA9,MROH5,1318,LAWE,1210,1214,Q6ZUA9_1210,0,
288,Q9H792,PEAK1,1746,LPWE,1403,1407,Q9H792_1403,0,
289,Q13232,NME3,169,LCWE,157,161,Q13232_157,0,
290,Q8N3Z0,PRSS35,413,MEWD,23,27,Q8N3Z0_23,0,
291,P00750,PLAT,562,LTWE,286,290,P00750_286,0,
292,Q9P275,USP36,1123,LRWE,112,116,Q9P275_112,0,
293,Q9P275,USP36,1123,LTWD,1043,1047,Q9P275_1043,0,
294,O43818,RRP9,475,LIWE,224,228,O43818_224,0,
295,Q2TAL8,QRICH1,776,MLWE,607,611,Q2TAL8_607,0,
296,Q96QF0,RAB3IP,476,MFWE,453,457,Q96QF0_453,0,
297,P22105,TNXB,4244,LNWE,3673,3677,P22105_3673,0,
298,P02787,TF,698,LIWE,281,285,P02787_281,0,
299,P02787,TF,698,LTWD,458,462,P02787_458,0,
300,O60844,ZG16,167,LHWD,155,159,O60844_155,0,
301,P49910,ZNF165,485,LLWD,179,183,P49910_179,0,
302,Q9NQX6,ZNF331,463,LYWD,30,34,Q9NQX6_30,0,
303,A8MX80,,341,LRWD,267,271,A8MX80_267,0,
304,Q9NWS9,ZNF446,450,LYWD,222,226,Q9NWS9_222,0,
305,Q8NFH4,NUP37,326,LIWD,233,237,Q8NFH4_233,0,
306,P23468,PTPRD,1912,LTWD,341,345,P23468_341,0,
307,P23468,PTPRD,1912,LSWE,1036,1040,P23468_1036,0,
308,P23468,PTPRD,1912,MIWE,1442,1446,P23468_1442,0,
309,P23468,PTPRD,1912,MLWE,1731,1735,P23468_1731,0,
310,Q5U651,RASIP1,963,LLWD,940,944,Q5U651_940,0,
311,Q9UJT2,TSKS,592,LPWD,120,124,Q9UJT2_120,0,
312,P54855,UGT2B15,530,LCWE,116,120,P54855_116,0,
313,Q9BZA0,TTTY10,68,MDWE,7,11,Q9BZA0_7,0,
314,Q70J99,UNC13D,1090,LAWE,719,723,Q70J99_719,0,
315,O43915,VEGFD,354,MLWD,226,230,O43915_226,0,
316,Q8N398,VWA5B2,1242,LAWE,192,196,Q8N398_192,0,
317,Q8N398,VWA5B2,1242,MDWD,806,810,Q8N398_806,0,
318,Q8N398,VWA5B2,1242,MCWE,852,856,Q8N398_852,0,
319,P61129,ZC3H6,1189,LAWD,781,785,P61129_781,0,
320,Q96P53,WDFY2,400,LCWD,205,209,Q96P53_205,0,
321,O75152,ZC3H11A,810,LIWE,776,780,O75152_776,0,
322,Q7Z3V5,ZNF571,609,LQWE,68,72,Q7Z3V5_68,0,
323,P07814,EPRS1,1512,MEWD,487,491,P07814_487,0,
324,Q9BYX2,TBC1D2,928,LQWE,540,544,Q9BYX2_540,0,
325,Q6PJ69,TRIM65,517,LQWD,265,269,Q6PJ69_265,0,
326,P13726,F3,295,LEWE,55,59,P13726_55,0,
327,Q8WZ42,TTN,34350,LAWE,14035,14039,Q8WZ42_14035,0,
328,Q8WZ42,TTN,34350,LTWE,14136,14140,Q8WZ42_14136,0,
329,Q8WZ42,TTN,34350,LKWE,14237,14241,Q8WZ42_14237,0,
330,Q8WZ42,TTN,34350,LTWE,14433,14437,Q8WZ42_14433,0,
331,Q8WZ42,TTN,34350,LTWD,14533,14537,Q8WZ42_14533,0,
332,Q8WZ42,TTN,34350,LKWE,15129,15133,Q8WZ42_15129,0,
333,Q8WZ42,TTN,34350,LTWE,15425,15429,Q8WZ42_15425,0,
334,Q8WZ42,TTN,34350,LEWE,15947,15951,Q8WZ42_15947,0,
335,Q8WZ42,TTN,34350,LTWD,16443,16447,Q8WZ42_16443,0,
336,Q8WZ42,TTN,34350,LAWD,16978,16982,Q8WZ42_16978,0,
337,Q8WZ42,TTN,34350,LSWE,20334,20338,Q8WZ42_20334,0,
338,Q8WZ42,TTN,34350,LHWD,21813,21817,Q8WZ42_21813,0,
339,Q8WZ42,TTN,34350,LTWD,22897,22901,Q8WZ42_22897,0,
340,Q8WZ42,TTN,34350,LSWE,22994,22998,Q8WZ42_22994,0,
341,Q8WZ42,TTN,34350,LVWE,25061,25065,Q8WZ42_25061,0,
342,Q8WZ42,TTN,34350,LMWE,25158,25162,Q8WZ42_25158,0,
343,Q8WZ42,TTN,34350,LSWE,26144,26148,Q8WZ42_26144,0,
344,Q8WZ42,TTN,34350,LSWD,27223,27227,Q8WZ42_27223,0,
345,Q8WZ42,TTN,34350,LKWE,27516,27520,Q8WZ42_27516,0,
346,Q8WZ42,TTN,34350,LLWD,28311,28315,Q8WZ42_28311,0,
347,Q8WZ42,TTN,34350,LSWD,28603,28607,Q8WZ42_28603,0,
348,Q8WZ42,TTN,34350,LTWD,28702,28706,Q8WZ42_28702,0,
349,Q8WZ42,TTN,34350,LWWD,28998,29002,Q8WZ42_28998,0,
350,Q8WZ42,TTN,34350,LMWD,29394,29398,Q8WZ42_29394,0,
351,Q8WZ42,TTN,34350,LAWE,30580,30584,Q8WZ42_30580,0,
352,Q8WZ42,TTN,34350,LQWE,31376,31380,Q8WZ42_31376,0,
353,Q8WZ42,TTN,34350,LKWE,32753,32757,Q8WZ42_32753,0,
354,P0DPE3,TMDD1,317,LSWD,125,129,P0DPE3_125,0,
355,Q9H7R0,ZNF442,627,MKWE,70,74,Q9H7R0_70,0,
356,Q96GQ5,RUSF1,468,LQWE,32,36,Q96GQ5_32,0,
357,Q96GQ5,RUSF1,468,LCWD,356,360,Q96GQ5_356,0,
358,Q9BZW2,SLC13A1,595,MPWD,431,435,Q9BZW2_431,0,
359,Q96KG9,SCYL1,808,LIWE,211,215,Q96KG9_211,0,
360,Q9NY46,SCN3A,2000,LIWD,738,742,Q9NY46_738,0,
361,Q8N357,SLC35F6,371,LGWE,310,314,Q8N357_310,0,
362,Q8WU66,TSPEAR,669,LDWE,587,591,Q8WU66_587,0,
363,Q86U17,SERPINA11,422,LLWE,401,405,Q86U17_401,0,
364,Q9P2D8,UNC79,2635,LSWE,1161,1165,Q9P2D8_1161,0,
365,Q70EK8,USP53,1073,LVWD,249,253,Q70EK8_249,0,
366,Q495M9,USH1G,461,LPWD,372,376,Q495M9_372,0,
367,Q9UGI0,ZRANB1,708,LLWE,565,569,Q9UGI0_565,0,
368,Q16587,ZNF74,644,MVWD,170,174,Q16587_170,0,
369,Q0IIN9,ZNF252P-AS1,211,LQWD,192,196,Q0IIN9_192,0,
370,P47901,AVPR1B,424,LLWD,92,96,P47901_92,0,
371,P35968,KDR,1356,LLWE,1094,1098,P35968_1094,0,
372,Q6ZS81,WDFY4,3184,LHWD,692,696,Q6ZS81_692,0,
373,Q6P280,ZNF529,563,LYWD,63,67,Q6P280_63,0,
374,Q9BSG1,ZNF2,425,LDWE,91,95,Q9BSG1_91,0,
375,P09327,VIL1,827,LAWD,712,716,P09327_712,0,
376,A6NCK2,TRIM43B,446,LSWE,41,45,A6NCK2_41,0,
377,O75445,USH2A,5202,LDWE,407,411,O75445_407,0,
378,Q8IZU2,WDR17,1322,LEWD,229,233,Q8IZU2_229,0,
379,A8MUA0,,341,LRWE,267,271,A8MUA0_267,0,
380,Q401N2,ZACN,412,LPWE,110,114,Q401N2_110,0,
381,Q8N3P4,VPS8,1428,MCWE,672,676,Q8N3P4_672,0,
382,Q6ZPA2,,131,LHWD,59,63,Q6ZPA2_59,0,
383,P86452,ZBED6,979,LSWD,960,964,P86452_960,0,
384,Q9UDY2,TJP2,1190,LIWE,27,31,Q9UDY2_27,0,
385,A6NDX5,ZNF840P,716,LNWE,456,460,A6NDX5_456,0,
386,P51814,ZNF41,821,LYWD,93,97,P51814_93,0,
387,Q8IWB7,WDFY1,410,LWWD,205,209,Q8IWB7_205,0,
388,Q14202,ZMYM3,1370,LAWD,103,107,Q14202_103,0,
389,Q99986,VRK1,396,LPWE,259,263,Q99986_259,0,
390,Q9H269,VPS16,839,MDWD,25,29,Q9H269_25,0,
391,Q8TA94,ZNF563,476,MIWE,45,49,Q8TA94_45,0,
392,Q96KV7,WDR90,1748,LSWE,1335,1339,Q96KV7_1335,0,
393,Q96KV7,WDR90,1748,LVWE,1741,1745,Q96KV7_1741,0,
394,P23396,RPS3,243,LPWD,190,194,P23396_190,0,
395,Q495Y7,SPDYE7P,208,LAWD,68,72,Q495Y7_68,0,
396,Q9P2P6,STARD9,4700,LSWD,849,853,Q9P2P6_849,0,
397,Q76KD6,SPATC1,591,LAWE,440,444,Q76KD6_440,0,
398,Q9HA65,TBC1D17,648,LSWE,327,331,Q9HA65_327,0,
399,Q9GZL7,WDR12,423,LLWE,168,172,Q9GZL7_168,0,
400,Q8IYF3,TEX11,940,LDWD,276,280,Q8IYF3_276,0,
401,O00206,TLR4,839,LEWE,795,799,O00206_795,0,
402,Q9BXU3,TEX13A,409,LSWE,41,45,Q9BXU3_41,0,
403,O00507,USP9Y,2555,LAWD,457,461,O00507_457,0,
404,Q9H0C3,TMEM117,514,LSWE,357,361,Q9H0C3_357,0,
405,Q6ZTA4,TRIM67,783,MVWD,422,426,Q6ZTA4_422,0,
406,O95985,TOP3B,862,LDWD,257,261,O95985_257,0,
407,Q86TA4,,180,LGWD,24,28,Q86TA4_24,0,
408,Q3C1V9,,767,MMWE,389,393,Q3C1V9_389,0,
409,P49750,YLPM1,2146,MDWE,1394,1398,P49750_1394,0,
410,Q9NV12,TMEM140,185,LLWE,32,36,Q9NV12_32,0,
411,Q93008,USP9X,2554,LAWD,456,460,Q93008_456,0,
412,Q8N6Y0,USHBP1,703,LRWE,531,535,Q8N6Y0_531,0,
413,Q8WWF3,SSMEM1,244,LFWE,7,11,Q8WWF3_7,0,
414,Q6P1X5,TAF2,1199,LSWE,441,445,Q6P1X5_441,0,
415,Q14679,TTLL4,1199,LPWE,599,603,Q14679_599,0,
416,Q9BZM6,ULBP1,244,MYWE,199,203,Q9BZM6_199,0,
417,P42681,TXK,527,LMWE,455,459,P42681_455,0,
418,O14771,ZNF213,459,LFWD,226,230,O14771_226,0,
419,Q8IWV8,UBR2,1755,LTWE,206,210,Q8IWV8_206,0,
420,P0CI00,ZNF705B,300,LWWE,65,69,P0CI00_65,0,
421,Q05481,ZNF91,1191,LLWE,1164,1168,Q05481_1164,0,
422,Q9HAD4,WDR41,459,LEWD,208,212,Q9HAD4_208,0,
423,A8MUI8,,341,LKWD,267,271,A8MUI8_267,0,
424,Q969W1,ZDHHC16,377,MSWE,359,363,Q969W1_359,0,
425,P17948,FLT1,1338,LLWE,1088,1092,P17948_1088,0,
426,Q6ZQQ6,WDR87,2873,LEWD,814,818,Q6ZQQ6_814,0,
427,Q6ZQQ6,WDR87,2873,LAWE,940,944,Q6ZQQ6_940,0,
428,Q6ZQQ6,WDR87,2873,LDWD,1305,1309,Q6ZQQ6_1305,0,
429,Q6ZQQ6,WDR87,2873,LKWE,1516,1520,Q6ZQQ6_1516,0,
430,Q6ZQQ6,WDR87,2873,LEWD,1721,1725,Q6ZQQ6_1721,0,
431,P15621,ZNF44,663,MKWE,93,97,P15621_93,0,
432,Q9UBW7,ZMYM2,1377,LEWE,653,657,Q9UBW7_653,0,
433,P17097,ZNF7,686,LHWE,213,217,P17097_213,0,
434,A6NL46,,340,LRWD,266,270,A6NL46_266,0,
435,P21675,TAF1,1872,LHWE,408,412,P21675_408,0,
436,Q02763,TEK,1124,LLWE,1027,1031,Q02763_1027,0,
437,A6NCI4,VWA3A,1184,LIWE,984,988,A6NCI4_984,0,
438,Q9UNS1,TIMELESS,1208,LGWE,143,147,Q9UNS1_143,0,
439,Q5TIE3,VWA5B1,1220,LQWE,823,827,Q5TIE3_823,0,
440,Q86Y07,VRK2,508,LPWE,248,252,Q86Y07_248,0,
441,O75691,UTP20,2785,LDWE,1164,1168,O75691_1164,0,
442,Q86VR7,VSIG10L,867,LDWD,644,648,Q86VR7_644,0,
443,Q86VR7,VSIG10L,867,LTWD,687,691,Q86VR7_687,0,
444,Q7Z7G8,VPS13B,4022,LCWE,424,428,Q7Z7G8_424,0,
445,Q53GI3,ZNF394,561,LTWE,164,168,Q53GI3_164,0,
446,Q5H9K5,ZMAT1,638,MLWD,629,633,Q5H9K5_629,0,
447,Q5FWF4,ZRANB3,1079,LYWD,417,421,Q5FWF4_417,0,
448,O94759,TRPM2,1503,LSWE,1122,1126,O94759_1122,0,
449,Q12815,TROAP,778,LPWE,386,390,Q12815_386,0,
450,O43264,ZW10,779,MIWE,333,337,O43264_333,0,
451,O43149,ZZEF1,2961,MGWE,1687,1691,O43149_1687,0,
452,Q6ZUT4,,128,MRWD,107,111,Q6ZUT4_107,0,
453,Q5T4F4,ZFYVE27,411,LHWE,174,178,Q5T4F4_174,0,
454,Q9BU19,ZNF692,519,LVWE,110,114,Q9BU19_110,0,
455,Q99758,ABCA3,1704,LLWD,1146,1150,Q99758_1146,0,
456,Q99758,ABCA3,1704,LLWD,1552,1556,Q99758_1552,0,
457,Q8IZY2,ABCA7,2146,LRWE,1725,1729,Q8IZY2_1725,0,HIGH
458,A6QL63,BTBD11,1104,LYWE,460,464,A6QL63_460,0,
459,A6QL63,BTBD11,1104,MEWE,479,483,A6QL63_479,0,
460,Q7Z7M8,B3GNT8,397,LLWD,210,214,Q7Z7M8_210,0,
461,P43251,BTD,543,LGWE,512,516,P43251_512,0,
462,O95972,BMP15,392,LGWD,303,307,O95972_303,0,
463,Q9GZZ6,CHRNA10,450,LRWD,91,95,Q9GZZ6_91,0,
464,Q8IWK6,ADGRA3,1321,MAWE,911,915,Q8IWK6_911,0,
465,Q8IZF7,ADGRF2,708,LNWD,596,600,Q8IZF7_596,0,
466,Q8N283,ANKRD35,1001,LSWE,348,352,Q8N283_348,0,
467,Q8IZ07,ANKRD13A,590,MKWE,126,130,Q8IZ07_126,0,
468,Q86WG3,ATCAY,371,LEWE,116,120,Q86WG3_116,1,
469,Q8N1G2,CMTR1,835,LFWE,799,803,Q8N1G2_799,0,
470,Q8WXS8,ADAMTS14,1223,LEWE,783,787,Q8WXS8_783,0,
471,O75173,ADAMTS4,837,LHWD,142,146,O75173_142,0,
472,A0PJX0,CIB4,185,MHWE,9,13,A0PJX0_9,0,
473,P12111,COL6A3,3177,LHWE,3007,3011,P12111_3007,0,
474,P53673,CRYBA4,196,MGWE,132,136,P53673_132,0,
475,Q70SY1,CREB3L2,520,LQWD,12,16,Q70SY1_12,0,
476,P00395,MT-CO1,513,MIWE,471,475,P00395_471,0,
477,P07333,CSF1R,972,LLWE,844,848,P07333_844,0,
478,O75366,AVIL,819,MSWD,152,156,O75366_152,0,
479,O75366,AVIL,819,LAWD,709,713,O75366_709,0,
480,Q8WXE0,CASKIN2,1202,LTWE,593,597,Q8WXE0_593,0,
481,P31146,CORO1A,461,MVWE,107,111,P31146_107,0,
482,P31146,CORO1A,461,MVWD,157,161,P31146_157,0,
483,Q9C0J1,B3GNT4,378,LQWD,182,186,Q9C0J1_182,0,
484,P51813,BMX,675,LMWE,601,605,P51813_601,0,
485,Q96NH3,TBC1D32,1257,MAWE,674,678,Q96NH3_674,0,
486,Q9NVL8,CCDC198,296,LLWD,256,260,Q9NVL8_256,0,
487,Q08345,DDR1,913,MAWE,311,315,Q08345_311,0,
488,Q08345,DDR1,913,MAWE,810,814,Q08345_810,0,
489,Q16832,DDR2,855,MSWE,754,758,Q16832_754,0,
490,P04040,CAT,527,MVWD,181,185,P04040_181,0,
491,P59666,DEFA3,94,LAWD,47,51,P59666_47,0,
492,Q9Y4B6,DCAF1,1507,LYWE,583,587,Q9Y4B6_583,0,
493,Q96JK2,DCAF5,942,LIWD,168,172,Q96JK2_168,0,
494,Q58WW2,DCAF6,860,LLWD,10,14,Q58WW2_10,0,
495,P61962,DCAF7,342,LIWD,292,296,P61962_292,0,
496,Q8TDD1,DDX54,881,LKWD,730,734,Q8TDD1_730,0,
497,Q9BX69,CARD6,1037,LFWE,608,612,Q9BX69_608,0,
498,Q8IYK2,CCDC105,499,LTWE,199,203,Q8IYK2_199,0,
499,Q13409,DYNC1I2,638,LHWD,114,118,Q13409_114,0,
500,A8MTB9,CEACAM18,384,LAWE,286,290,A8MTB9_286,0,
501,Q9UEE9,CFDP1,299,LDWE,246,250,Q9UEE9_246,0,
502,P30279,CCND2,289,LEWE,137,141,P30279_137,0,
503,P0DPD8,EEF1AKMT4-ECE2,883,LRWE,107,111,P0DPD8_107,0,
504,Q13873,BMPR2,1038,MIWE,506,510,Q13873_506,0,
505,Q13685,AAMP,434,LLWE,364,368,Q13685_364,0,
506,Q7Z591,AKNA,1439,LEWD,69,73,Q7Z591_69,0,
507,Q8NFM4,ADCY4,1077,LSWE,705,709,Q8NFM4_705,0,
508,Q8NCL9,APCDD1L,501,LRWE,31,35,Q8NCL9_31,0,
509,Q96BM1,ANKRD9,317,MPWD,1,5,Q96BM1_1,0,
510,D6REC4,CFAP99,459,LRWE,298,302,D6REC4_298,0,
511,P00751,CFB,764,MVWE,480,484,P00751_480,0,
512,Q03701,CEBPZ,1054,LRWE,1013,1017,Q03701_1013,0,
513,P49418,AMPH,695,LPWD,380,384,P49418_380,0,
514,Q711Q0,CEFIP,1435,LVWE,1117,1121,Q711Q0_1117,0,
515,Q01814,ATP2B2,1243,LVWE,98,102,Q01814_98,0,
516,Q2TAZ0,ATG2A,1938,LSWE,497,501,Q2TAZ0_497,0,
517,Q2TAZ0,ATG2A,1938,LMWE,842,846,Q2TAZ0_842,0,
518,Q92523,CPT1B,772,LQWD,518,522,Q92523_518,0,
519,Q9BU40,CHRDL1,456,LSWE,184,188,Q9BU40_184,0,
520,Q10588,BST1,318,LFWE,107,111,Q10588_107,0,
521,Q6PJG6,BRAT1,821,LDWE,646,650,Q6PJG6_646,0,
522,Q9BSF8,BTBD10,475,MSWE,403,407,Q9BSF8_403,0,
523,Q6ZMB0,B3GNT6,384,LLWD,103,107,Q6ZMB0_103,0,
524,Q17R55,FAM187B,369,LTWE,252,256,Q17R55_252,0,
525,A0A1B0GTK4,FAM237A,181,LFWD,90,94,A0A1B0GTK4_90,0,
526,A0A1B0GTK4,FAM237A,181,LFWD,97,101,A0A1B0GTK4_97,0,
527,Q96L91,EP400,3159,LKWE,1153,1157,Q96L91_1153,0,
528,P48506,GCLC,637,LSWE,10,14,P48506_10,0,
529,Q8WUI4,HDAC7,952,LLWE,449,453,Q8WUI4_449,0,
530,Q6UX52,C17orf99,265,MHWE,117,121,Q6UX52_117,0,
531,Q75QN2,INTS8,995,LKWD,92,96,Q75QN2_92,0,
532,A6NCF5,KLHL33,533,LRWE,293,297,A6NCF5_293,0,
533,Q9ULD8,KCNH3,1083,LPWD,1053,1057,Q9ULD8_1053,0,
534,Q9H714,RUBCNL,662,MMWD,477,481,Q9H714_477,0,
535,P43378,PTPN9,593,LDWD,273,277,P43378_273,0,
536,P43378,PTPN9,593,MVWE,389,393,P43378_389,0,
537,Q8IXQ6,PARP9,854,MEWD,202,206,Q8IXQ6_202,0,
538,Q96RD6,PANX2,677,LGWE,140,144,Q96RD6_140,0,
539,O95206,PCDH8,1070,LQWD,744,748,O95206_744,0,
540,Q6JQN1,ACAD10,1059,LDWE,482,486,Q6JQN1_482,0,
541,Q6JQN1,ACAD10,1059,LAWD,592,596,Q6JQN1_592,0,
542,P08910,ABHD2,425,MQWD,247,251,P08910_247,0,
543,Q8WWZ7,ABCA5,1642,LWWE,1630,1634,Q8WWZ7_1630,0,
544,Q8WWZ4,ABCA10,1543,LSWE,1008,1012,Q8WWZ4_1008,0,
545,P08195,SLC3A2,630,MLWD,489,493,P08195_489,0,
546,Q15825,CHRNA6,494,LRWD,95,99,Q15825_95,0,
547,A5X5Y0,HTR3E,456,MVWD,93,97,A5X5Y0_93,0,
548,Q13023,AKAP6,2319,LEWD,1217,1221,Q13023_1217,0,
549,Q14CW9,ATXN7L3,347,LQWD,272,276,Q14CW9_272,0,
550,P13637,ATP1A3,1013,LNWD,878,882,P13637_878,0,
551,Q13733,ATP1A4,1029,LHWE,894,898,Q13733_894,0,
552,Q9H2U6,LINC00597,94,MEWE,32,36,Q9H2U6_32,0,
553,P54793,ARSF,590,LYWD,241,245,P54793_241,0,
554,Q9UPZ9,CILK1,632,LQWD,265,269,Q9UPZ9_265,0,
555,Q9BW66,CINP,212,LKWE,35,39,Q9BW66_35,0,
556,Q76LX8,ADAMTS13,1427,LYWE,1377,1381,Q76LX8_1377,0,
557,Q8TDH9,BLOC1S5,187,LQWD,143,147,Q8TDH9_143,0,
558,Q8WVV5,BTN2A2,523,LGWE,372,376,Q8WVV5_372,0,
559,Q2NKJ3,CTC1,1217,LVWE,456,460,Q2NKJ3_456,0,
560,Q86Z20,CCDC125,511,LQWE,182,186,Q86Z20_182,0,
561,P51659,HSD17B4,736,LRWE,247,251,P51659_247,0,
562,Q9UKJ5,CHIC2,165,LEWE,119,123,Q9UKJ5_119,0,
563,Q6P047,C8orf74,294,LNWE,28,32,Q6P047_28,0,
564,P50416,CPT1A,773,LQWD,518,522,P50416_518,0,
565,Q07973,CYP24A1,514,LAWD,273,277,Q07973_273,0,
566,Q2VPK5,CTU2,515,LAWD,287,291,Q2VPK5_287,0,
567,Q9P2K9,DISP3,1392,LRWE,1141,1145,Q9P2K9_1141,0,
568,Q9NRD9,DUOX1,1551,LTWE,915,919,Q9NRD9_915,0,
569,P52566,ARHGDIB,201,LSWE,187,191,P52566_187,0,
570,Q03001,DST,7570,LIWD,6356,6360,Q03001_6356,0,
571,Q92784,DPF3,378,LCWE,362,366,Q92784_362,0,
572,Q8N1I0,DOCK4,1966,MDWE,1093,1097,Q8N1I0_1093,0,
573,Q9UKW6,ELF5,265,LEWE,193,197,Q9UKW6_193,0,
574,O42043,ERVK-18,560,LVWE,130,134,O42043_130,0,
575,Q902F8,ERVK-8,699,LVWE,241,245,Q902F8_241,0,
576,Q69384,ERVK-6,699,LVWE,241,245,Q69384_241,0,
577,P08151,GLI1,1106,LLWE,908,912,P08151_908,0,
578,Q9HCG7,GBA2,927,LAWD,410,414,Q9HCG7_410,0,
579,Q9HCG7,GBA2,927,LTWE,837,841,Q9HCG7_837,0,
580,Q08334,IL10RB,325,LQWE,38,42,Q08334_38,0,
581,Q6KF10,GDF6,455,LGWD,366,370,Q6KF10_366,0,
582,Q7Z4P5,GDF7,450,LGWD,361,365,Q7Z4P5_361,0,
583,O15111,CHUK,745,LNWD,280,284,O15111_280,0,
584,Q96N76,UROC1,676,LSWD,623,627,Q96N76_623,0,
585,P05111,INHA,366,LGWE,274,278,P05111_274,0,
586,P05161,ISG15,165,MGWD,1,5,P05161_1,0,
587,Q86UL3,GPAT4,456,LLWD,419,423,Q86UL3_419,0,
588,Q96I76,GPATCH3,525,LKWE,327,331,Q96I76_327,0,
589,Q8WXG9,ADGRV1,6306,LGWE,1283,1287,Q8WXG9_1283,0,
590,Q2TAA5,ALG11,492,LGWE,159,163,Q2TAA5_159,0,
591,P06280,GLA,429,LHWE,45,49,P06280_45,0,
592,P04424,ASL,464,LLWE,135,139,P04424_135,0,
593,P16066,NPR1,1061,LKWE,104,108,P16066_104,0,
594,P16066,NPR1,1061,LGWE,176,180,P16066_176,0,
595,Q17RM4,CCDC142,750,LRWE,39,43,Q17RM4_39,0,
596,Q6ZMG9,CERS6,384,LDWD,106,110,Q6ZMG9_106,0,
597,P53677,AP3M2,418,LSWD,339,343,P53677_339,0,
598,Q8N6S4,ANKRD13C,541,LHWD,229,233,Q8N6S4_229,0,
599,O43299,AP5Z1,807,LAWD,101,105,O43299_101,0,
600,Q9C0C7,AMBRA1,1298,MKWE,40,44,Q9C0C7_40,0,
601,Q9C0C7,AMBRA1,1298,LRWE,582,586,Q9C0C7_582,0,
602,P17405,SMPD1,631,LHWD,209,213,P17405_209,0,
603,Q8IY22,CMIP,773,LSWE,120,124,Q8IY22_120,0,
604,Q86TY3,ARMH4,774,LEWE,687,691,Q86TY3_687,0,
605,Q5FYB1,ARSI,569,LSWD,18,22,Q5FYB1_18,0,
606,O75596,CLEC3A,197,LNWD,152,156,O75596_152,0,
607,P51788,CLCN2,898,LEWE,772,776,P51788_772,0,
608,O95741,CPNE6,557,MQWD,260,264,O95741_260,0,
609,Q09013,DMPK,629,LDWD,342,346,Q09013_342,0,
610,A7MBM2,DISP2,1401,LPWD,1130,1134,A7MBM2_1130,0,
611,O00273,DFFA,331,LNWD,275,279,O00273_275,0,
612,Q8IYB7,DIS3L2,885,LVWE,818,822,Q8IYB7_818,0,
613,Q01415,GALK2,458,LQWD,260,264,Q01415_260,0,
614,Q8TDM6,DLG5,1919,LQWE,393,397,Q8TDM6_393,0,
615,Q8TDM6,DLG5,1919,MEWE,614,618,Q8TDM6_614,0,
616,Q6P531,GGT6,493,LPWE,14,18,Q6P531_14,0,
617,P06396,GSN,782,LGWD,761,765,P06396_761,0,
618,Q92847,GHSR,366,LDWD,19,23,Q92847_19,0,
619,Q13315,ATM,3056,LNWD,55,59,Q13315_55,0,
620,Q13315,ATM,3056,LGWE,391,395,Q13315_391,0,
621,Q13315,ATM,3056,MQWD,2107,2111,Q13315_2107,0,
622,Q86UK0,ABCA12,2595,LQWE,1233,1237,Q86UK0_1233,0,
623,Q96I13,ABHD8,439,LLWE,416,420,Q96I13_416,0,
624,P11230,CHRNB1,501,LSWD,88,92,P11230_88,0,
625,Q14137,BOP1,746,LAWE,328,332,Q14137_328,0,
626,Q8WXA8,HTR3C,447,LVWD,93,97,Q8WXA8_93,0,
627,Q9H6R3,ACSS3,686,LDWD,271,275,Q9H6R3_271,0,
628,Q0VDE8,ADIG,80,LDWE,52,56,Q0VDE8_52,0,
629,Q9Y6U3,SCIN,715,LSWD,155,159,Q9Y6U3_155,0,
630,Q9Y6U3,SCIN,715,LGWD,708,712,Q9Y6U3_708,0,
631,Q13795,ARFRP1,201,MFWD,72,76,Q13795_72,0,
632,Q0P641,C2orf80,193,LEWE,64,68,Q0P641_64,0,
633,Q6IWH7,ANO7,933,LVWE,114,118,Q6IWH7_114,0,
634,A1A5B4,ANO9,782,LHWD,294,298,A1A5B4_294,0,
635,P40121,CAPG,348,LNWD,155,159,P40121_155,0,
636,Q5RIA9,CBWD5,395,LLWE,297,301,Q5RIA9_297,0,
637,O95996,APC2,2303,LLWD,662,666,O95996_662,0,
638,O95996,APC2,2303,LQWE,1231,1235,O95996_1231,0,
639,P15144,ANPEP,967,MPWE,693,697,P15144_693,0,
640,P15144,ANPEP,967,LVWD,875,879,P15144_875,0,
641,Q07075,ENPEP,957,LNWD,873,877,Q07075_873,0,
642,P20020,ATP2B1,1220,LVWE,101,105,P20020_101,0,
643,Q8NEN0,ARMC2,867,LHWE,835,839,Q8NEN0_835,0,
644,P49761,CLK3,638,LVWD,560,564,P49761_560,0,
645,Q04656,ATP7A,1500,LPWD,98,102,Q04656_98,0,
646,Q05707,COL14A1,1796,LTWD,553,557,Q05707_553,0,
647,A0A1B0GUS0,C19orf85,222,MPWD,141,145,A0A1B0GUS0_141,0,
648,Q6L9W6,B4GALNT3,998,LVWD,753,757,Q6L9W6_753,0,
649,O75150,RNF40,1001,LQWD,282,286,O75150_282,0,
650,Q9NSI6,BRWD1,2320,LDWE,52,56,Q9NSI6_52,0,
651,Q9NSI6,BRWD1,2320,LVWE,1225,1229,Q9NSI6_1225,0,
652,Q53TN4,CYBRD1,286,LGWD,38,42,Q53TN4_38,0,
653,O95180,CACNA1H,2353,LGWE,317,321,O95180_317,0,
654,P11532,DMD,3685,LWWE,2,6,P11532_2,0,
655,P78396,CCNA1,465,LSWE,23,27,P78396_23,0,
656,O96020,CCNE2,404,LKWE,234,238,O96020_234,0,
657,O96020,CCNE2,404,LEWD,316,320,O96020_316,0,
658,P30281,CCND3,292,LKWD,148,152,P30281_148,0,
659,Q9P2W6,C11orf21,132,LGWD,105,109,Q9P2W6_105,0,
660,Q6ZMN8,CCNI2,369,LHWD,243,247,Q6ZMN8_243,0,
661,P13671,C6,934,LAWE,455,459,P13671_455,0,
662,Q02388,COL7A1,2944,LRWE,885,889,Q02388_885,0,
663,P41214,EIF2D,584,LPWD,455,459,P41214_455,0,
664,Q99715,COL12A1,3063,LTWE,2415,2419,Q99715_2415,0,
665,Q99062,CSF3R,836,LCWE,251,255,Q99062_251,0,
666,Q8N7N1,FAM86B1,296,LDWD,192,196,Q8N7N1_192,0,LOW
667,Q9Y297,BTRC,605,LIWD,578,582,Q9Y297_578,0,
668,P22455,FGFR4,802,LLWE,678,682,P22455_678,0,
669,Q92538,GBF1,1859,LEWE,1583,1587,Q92538_1583,0,
670,P00519,ABL1,1130,LLWE,428,432,P00519_428,0,
671,Q9UGM1,CHRNA9,479,LTWD,92,96,Q9UGM1_92,0,
672,Q86UB2,BIVM,503,LAWE,139,143,Q86UB2_139,0,
673,Q12802,AKAP13,2813,LDWE,1155,1159,Q12802_1155,0,
674,P50993,ATP1A2,1020,LDWD,885,889,P50993_885,0,
675,Q8IZJ3,CPAMD8,1885,LSWD,1030,1034,Q8IZJ3_1030,0,
676,Q8TCG5,CPT1C,803,LQWD,515,519,Q8TCG5_515,0,
677,Q13536,MIR9-1HG,156,LSWE,138,142,Q13536_138,0,
678,Q8N436,CPXM2,756,LLWE,462,466,Q8N436_462,0,
679,P57737,CORO7,925,LAWD,550,554,P57737_550,0,
680,Q96Q07,BTBD9,612,LLWD,338,342,Q96Q07_338,0,
681,Q96Q07,BTBD9,612,LLWD,487,491,Q96Q07_487,0,
682,Q9BYG0,B3GNT5,378,LAWE,146,150,Q9BYG0_146,0,
683,Q06187,BTK,659,LMWE,586,590,Q06187_586,0,
684,Q5VTR2,RNF20,975,LQWD,274,278,Q5VTR2_274,0,
685,Q9UBV7,B4GALT7,327,LPWE,11,15,Q9UBV7_11,0,
686,Q9HAY6,BCO1,547,MDWD,521,525,Q9HAY6_521,0,
687,Q9P1Z9,CCDC180,1701,LLWE,1380,1384,Q9P1Z9_1380,0,
688,Q7Z388,DPY19L4,723,MMWE,261,265,Q7Z388_261,0,
689,Q9Y2B0,CNPY2,182,LEWE,38,42,Q9Y2B0_38,0,
690,Q9HC77,CENPJ,1338,LCWE,293,297,Q9HC77_293,0,
691,Q15021,NCAPD2,1401,LLWE,755,759,Q15021_755,0,
692,Q9UKZ1,CNOT11,510,LLWE,130,134,Q9UKZ1_130,0,
693,P01024,C3,1663,LSWD,191,195,P01024_191,0,
694,Q5HYK3,COQ5,327,LSWE,146,150,Q5HYK3_146,0,
695,O60494,CUBN,3623,LTWD,3619,3623,O60494_3619,0,
696,Q6SJ93,FAM111B,734,MQWD,464,468,Q6SJ93_464,0,
697,P32302,CXCR5,372,LFWE,17,21,P32302_17,0,
698,Q9H4D0,CLSTN2,955,MDWD,874,878,Q9H4D0_874,0,
699,Q9H4D0,CLSTN2,955,LEWD,946,950,Q9H4D0_946,0,
700,Q6UVK1,CSPG4,2322,MAWE,998,1002,Q6UVK1_998,0,
701,Q5T1V6,DDX59,619,LFWD,556,560,Q5T1V6_556,0,
702,Q9Y2H6,FNDC3A,1198,LEWD,406,410,Q9Y2H6_406,0,
703,Q5T1A1,DCST2,773,LNWD,349,353,Q5T1A1_349,0,
704,Q9Y2A9,B3GNT3,372,LQWD,174,178,Q9Y2A9_174,0,
705,Q9Y2A9,B3GNT3,372,LMWD,353,357,Q9Y2A9_353,0,
706,P08697,SERPINF2,491,LSWD,317,321,P08697_317,0,
707,P08697,SERPINF2,491,LVWE,326,330,P08697_326,0,
708,P43681,CHRNA4,627,LRWD,98,102,P43681_98,0,
709,U3KPV4,A3GALT2,340,LDWD,276,280,U3KPV4_276,0,
710,O43286,B4GALT5,388,LDWD,225,229,O43286_225,0,
711,P07510,CHRNG,517,LRWD,87,91,P07510_87,0,
712,P43235,CTSK,329,LIWE,48,52,P43235_48,0,
713,Q99643,SDHC,169,LMWD,135,139,Q99643_135,0,
714,O75309,CDH16,829,LDWE,501,505,O75309_501,0,
715,Q96MC4,CEP295NL,621,LPWE,43,47,Q96MC4_43,0,
716,Q14118,DAG1,895,LHWD,108,112,Q14118_108,0,
717,Q5SW79,CEP170,1584,MLWE,345,349,Q5SW79_345,0,
718,Q6ZUL3,C8orf86,223,LGWD,203,207,Q6ZUL3_203,0,
719,Q96NY7,CLIC6,704,LAWD,326,330,Q96NY7_326,0,
720,P49759,CLK1,484,LDWD,417,421,P49759_417,0,
721,Q9P126,CLEC1B,229,LTWE,121,125,Q9P126_121,0,
722,Q6UXN8,CLEC9A,241,LQWD,10,14,Q6UXN8_10,0,
723,A8K7I4,CLCA1,914,LLWD,530,534,A8K7I4_530,0,
724,Q9ULM6,CNOT6,557,LNWD,215,219,Q9ULM6_215,0,
725,Q9ULM6,CNOT6,557,MHWD,362,366,Q9ULM6_362,0,
726,Q8IZ52,CHPF,775,LQWE,355,359,Q8IZ52_355,0,
727,Q8IZ52,CHPF,775,LRWD,392,396,Q8IZ52_392,0,
728,Q07864,POLE,2286,LDWD,1128,1132,Q07864_1128,0,
729,P15509,CSF2RA,400,LSWD,47,51,P15509_47,0,
730,Q9UBL6,CPNE7,633,LVWD,304,308,Q9UBL6_304,0,
731,Q70Z53,FRA10AC1,315,MTWE,125,129,Q70Z53_125,0,
732,Q96AC1,FERMT2,680,LWWE,63,67,Q96AC1_63,0,
733,Q5H9S7,DCAF17,520,LLWE,101,105,Q5H9S7_101,0,
734,Q5H9S7,DCAF17,520,LSWD,155,159,Q5H9S7_155,0,
735,Q92636,NSMAF,917,LVWD,869,873,Q92636_869,0,
736,Q16099,GRIK4,956,LEWE,944,948,Q16099_944,0,
737,Q4V328,GRIPAP1,841,LKWE,194,198,Q4V328_194,0,
738,Q4V328,GRIPAP1,841,LLWE,205,209,Q4V328_205,0,
739,Q9NW38,FANCL,375,LGWD,121,125,Q9NW38_121,0,
740,Q53R41,FASTKD1,847,MPWE,757,761,Q53R41_757,0,
741,Q08378,GOLGA3,1498,LKWE,1289,1293,Q08378_1289,0,
742,O43555,GNRH2,120,MPWE,81,85,O43555_81,0,
743,P59796,GPX6,221,LFWE,169,173,P59796_169,0,
744,Q9BYK8,HELZ2,2649,LPWE,74,78,Q9BYK8_74,0,
745,Q8WVV9,HNRNPLL,542,LEWE,501,505,Q8WVV9_501,0,
746,Q96QE4,LRRC37B,947,LPWE,55,59,Q96QE4_55,0,
747,Q8NDA2,HMCN2,5059,LAWD,4660,4664,Q8NDA2_4660,0,
748,P01889,HLA-B,362,LRWE,296,300,P01889_296,0,
749,Q9UGI9,PRKAG3,489,LGWD,170,174,Q9UGI9_170,0,HIGH
750,Q5JTC6,AMER1,1135,LYWE,569,573,Q5JTC6_569,0,
751,Q8IZF6,ADGRG4,3080,LIWD,124,128,Q8IZF6_124,0,
752,Q9Y2D5,AKAP2,859,LRWE,843,847,Q9Y2D5_843,0,
753,Q6GMV1,ALG1L,187,LRWD,142,146,Q6GMV1_142,0,
754,Q9Y2T2,AP3M1,418,LTWD,339,343,Q9Y2T2_339,0,
755,Q86YJ7,ANKRD13B,626,MKWE,133,137,Q86YJ7_133,0,
756,Q6ZTN6,ANKRD13D,518,MKWE,38,42,Q6ZTN6_38,0,
757,Q16720,ATP2B3,1220,LVWE,101,105,Q16720_101,0,
758,Q8IWV2,CNTN4,1026,LPWE,3,7,Q8IWV2_3,0,
759,Q8IWV2,CNTN4,1026,LNWD,919,923,Q8IWV2_919,0,
760,Q8NFU1,BEST2,509,LYWD,336,340,Q8NFU1_336,0,
761,Q86Y33,CDC20B,519,MLWE,19,23,Q86Y33_19,0,
762,Q12860,CNTN1,1018,LIWE,462,466,Q12860_462,0,
763,Q9HAZ1,CLK4,481,LDWD,415,419,Q9HAZ1_415,0,
764,Q9BTV6,DPH7,452,LLWD,265,269,Q9BTV6_265,0,
765,Q7Z7G1,CLNK,428,LDWE,48,52,Q7Z7G1_48,0,
766,Q96LI5,CNOT6L,555,LNWE,215,219,Q96LI5_215,0,
767,Q96LI5,CNOT6L,555,MHWD,361,365,Q96LI5_361,0,
768,P51798,CLCN7,805,LHWE,614,618,P51798_614,0,
769,P51801,CLCNKB,687,LWWE,387,391,P51801_387,0,
770,P51800,CLCNKA,687,LWWE,387,391,P51800_387,0,
771,Q6ZR08,DNAH12,3092,LGWE,1682,1686,Q6ZR08_1682,0,
772,Q6ZR08,DNAH12,3092,LAWE,2640,2644,Q6ZR08_2640,0,
773,Q0VDD8,DNAH14,3507,LGWE,1640,1644,Q0VDD8_1640,0,
774,Q9P225,DNAH2,4427,LSWE,4307,4311,Q9P225_4307,0,
775,Q14204,DYNC1H1,4646,LVWE,822,826,Q14204_822,0,
776,Q14204,DYNC1H1,4646,LSWE,1521,1525,Q14204_1521,0,
777,A8MTZ7,C12orf71,269,LAWD,90,94,A8MTZ7_90,0,
778,P09603,CSF1,554,LTWE,221,225,P09603_221,0,
779,Q6NT55,CYP4F22,531,LEWD,377,381,Q6NT55_377,0,
780,Q8WTW3,COG1,980,LFWE,412,416,Q8WTW3_412,0,
781,P07332,FES,822,LLWE,749,753,P07332_749,0,
782,Q8TC84,FANK1,345,LYWD,27,31,Q8TC84_27,0,
783,O71037,ERVK-19,699,LVWE,241,245,O71037_241,0,
784,Q86V85,GPR180,440,LQWD,279,283,Q86V85_279,0,
785,Q86V85,GPR180,440,LLWE,302,306,Q86V85_302,0,
786,Q86V85,GPR180,440,LYWE,414,418,Q86V85_414,0,
787,P61566,ERVK-24,588,LVWE,130,134,P61566_130,0,
788,Q8N766,EMC1,993,LNWE,117,121,Q8N766_117,0,
789,Q8N766,EMC1,993,LSWE,694,698,Q8N766_694,0,
790,Q2NKX8,ERCC6L,1250,LSWE,999,1003,Q2NKX8_999,0,
791,Q14674,ESPL1,2120,LPWE,1902,1906,Q14674_1902,0,
792,Q8TAG9,EXOC6,804,MVWD,729,733,Q8TAG9_729,0,
793,Q9BQL6,FERMT1,677,LWWE,61,65,Q9BQL6_61,0,
794,Q05DH4,FHIP1A,1040,LEWD,577,581,Q05DH4_577,0,
795,P35556,FBN2,2912,LKWD,1005,1009,P35556_1005,0,
796,O75899,GABBR2,941,LAWE,674,678,O75899_674,0,
797,Q13045,FLII,1269,LNWE,541,545,Q13045_541,0,
798,Q9NXK8,FBXL12,326,LGWE,292,296,Q9NXK8_292,0,
799,Q9H469,FBXL15,300,LPWE,22,26,Q9H469_22,0,
800,Q9GZS0,DNAI2,605,MWWD,290,294,Q9GZS0_290,0,
801,Q9Y238,DLEC1,1755,LDWE,1289,1293,Q9Y238_1289,0,
802,P23743,DGKA,735,LDWD,149,153,P23743_149,0,
803,Q8IV53,DENND1C,801,MRWE,241,245,Q8IV53_241,0,
804,P49619,DGKG,791,LEWD,214,218,P49619_214,0,
805,O75064,DENND4B,1496,LLWD,1349,1353,O75064_1349,0,
806,Q5VZ89,DENND4C,1909,LLWD,1770,1774,Q5VZ89_1770,0,
807,Q9NZJ5,EIF2AK3,1116,LEWE,329,333,Q9NZJ5_329,0,
808,Q6W3E5,GDPD4,623,LLWE,55,59,Q6W3E5_55,0,
809,O43781,DYRK3,588,LHWD,503,507,O43781_503,0,
810,P52565,ARHGDIA,204,LSWE,190,194,P52565_190,0,
811,Q9NZJ0,DTL,730,MVWD,166,170,Q9NZJ0_166,0,
812,Q902F9,HERVK_113,699,LVWE,241,245,Q902F9_241,0,
813,Q53HC9,EIPR1,387,LLWD,160,164,Q53HC9_160,0,
814,O95834,EML2,649,LYWD,531,535,O95834_531,0,
815,Q9HC35,EML4,981,LYWD,746,750,Q9HC35_746,0,
816,P61568,ERVK11-1,191,LKWE,176,180,P61568_176,0,
817,Q96G04,EEF2KMT,330,LDWD,226,230,Q96G04_226,0,
818,A6NMN3,FAM170B,283,MRWD,162,166,A6NMN3_162,0,
819,Q9BRP7,FDXACB1,624,LAWE,46,50,Q9BRP7_46,0,
820,Q9Y6R7,FCGBP,5405,LTWE,381,385,Q9Y6R7_381,0,
821,Q9Y6R7,FCGBP,5405,LCWD,1852,1856,Q9Y6R7_1852,0,
822,Q9Y6R7,FCGBP,5405,LCWD,3053,3057,Q9Y6R7_3053,0,
823,Q9Y6R7,FCGBP,5405,LCWD,4254,4258,Q9Y6R7_4254,0,
824,Q8N0W3,FCSK,1084,LSWE,528,532,Q8N0W3_528,0,
825,P36888,FLT3,993,LTWE,283,287,P36888_283,0,
826,P36888,FLT3,993,LKWE,601,605,P36888_601,0,
827,P36888,FLT3,993,LLWE,877,881,P36888_877,0,
828,Q9P2B2,PTGFRN,879,LLWE,183,187,Q9P2B2_183,0,
829,Q9NP62,GCM1,436,LSWD,14,18,Q9NP62_14,0,
830,P35475,IDUA,653,LSWD,66,70,P35475_66,0,
831,P25092,GUCY2C,1073,MDWE,585,589,P25092_585,0,
832,Q14624,ITIH4,930,LFWD,848,852,Q14624_848,0,
833,O60503,ADCY9,1353,LHWE,277,281,O60503_277,0,
834,Q9UM73,ALK,1620,LLWE,1318,1322,Q9UM73_1318,0,
835,Q9H568,ACTL8,366,LNWE,73,77,Q9H568_73,0,
836,Q86SQ6,ADGRA1,560,MAWE,170,174,Q86SQ6_170,0,
837,Q9H0P7,AGPAT4-IT1,198,MGWD,25,29,Q9H0P7_25,0,
838,A8MX76,CAPN14,684,LNWE,606,610,A8MX76_606,0,
839,O43307,ARHGEF9,516,LDWE,305,309,O43307_305,0,HIGH
840,Q86XL3,ANKLE2,938,LAWE,14,18,Q86XL3_14,0,
841,Q8WV48,CCDC107,283,LGWE,265,269,Q8WV48_265,0,
842,P55345,PRMT2,433,LFWD,263,267,P55345_263,0,
843,Q86XR8,CEP57,500,LCWD,496,500,Q86XR8_496,0,
844,P04114,APOB,4563,LPWE,581,585,P04114_581,0,
845,Q9H2C2,ARV1,271,MEWD,255,259,Q9H2C2_255,0,
846,P23634,ATP2B4,1241,LVWE,96,100,P23634_96,0,
847,P49760,CLK2,499,LDWD,419,423,P49760_419,0,
848,Q9ULY5,CLEC4E,219,LNWE,82,86,Q9ULY5_82,0,
849,A0A087X1C5,CYP2D7,515,MTWD,260,264,A0A087X1C5_260,0,
850,Q6RI45,BRWD3,1802,LDWE,46,50,Q6RI45_46,0,
851,Q6RI45,BRWD3,1802,LMWE,1206,1210,Q6RI45_1206,0,
852,Q9NR09,BIRC6,4857,LQWE,519,523,Q9NR09_519,0,
853,Q9NR09,BIRC6,4857,LPWE,1885,1889,Q9NR09_1885,0,
854,Q8N4J0,CARNMT1,409,LAWE,214,218,Q8N4J0_214,0,
855,Q8IW40,CCDC103,242,LSWE,211,215,Q8IW40_211,0,
856,Q9UFE4,CCDC39,941,LHWE,9,13,Q9UFE4_9,0,
857,Q9UFE4,CCDC39,941,MNWD,136,140,Q9UFE4_136,0,
858,Q6P9F0,CCDC62,684,LSWE,56,60,Q6P9F0_56,0,
859,Q8IYX3,CCDC116,613,LLWD,220,224,Q8IYX3_220,0,
860,Q6NXN4,DPY19L2P1,242,LEWE,135,139,Q6NXN4_135,0,
861,Q96A19,CCDC102A,550,LPWE,237,241,Q96A19_237,0,
862,O14757,CHEK1,476,LPWD,206,210,O14757_206,0,
863,O14576,DYNC1I1,645,LTWD,81,85,O14576_81,0,
864,O14576,DYNC1I1,645,LQWD,124,128,O14576_124,0,
865,Q7L190,DPPA4,304,LQWE,301,305,Q7L190_301,0,
866,Q9Y6K1,DNMT3A,912,LGWE,174,178,Q9Y6K1_174,0,
867,Q5THR3,EFCAB6,1501,LAWD,489,493,Q5THR3_489,0,
868,Q709F0,ACAD11,780,LDWE,241,245,Q709F0_241,0,
869,Q86UQ4,ABCA13,5058,LHWD,4675,4679,Q86UQ4_4675,0,
870,P42684,ABL2,1182,LLWE,474,478,P42684_474,0,
871,Q9NXR7,BABAM2,383,LKWD,67,71,Q9NXR7_67,0,
872,Q92934,BAD,168,LLWD,44,48,Q92934_44,0,
873,Q16671,AMHR2,573,LLWE,416,420,Q16671_416,0,
874,Q9NUB1,ACSS1,689,LVWD,81,85,Q9NUB1_81,0,
875,Q9NUB1,ACSS1,689,LIWE,128,132,Q9NUB1_128,0,
876,A6NHY2,ANKDD1B,528,LLWD,428,432,A6NHY2_428,0,
877,Q8N8V4,ANKS4B,417,LPWD,329,333,Q8N8V4_329,0,
878,Q96NS5,ASB16,453,LEWE,23,27,Q96NS5_23,0,
879,P30988,CALCR,474,LCWD,80,84,P30988_80,0,
880,P59665,DEFA1,94,LAWD,47,51,P59665_47,0,
881,Q9BRT8,CBWD1,395,LLWE,297,301,Q9BRT8_297,0,
882,P33076,CIITA,1130,LAWE,663,667,P33076_663,0,
883,Q16581,C3AR1,482,MSWD,414,418,Q16581_414,0,
884,Q96M95,CCDC42,316,LRWE,74,78,Q96M95_74,0,
885,Q8N960,CEP120,986,LAWE,56,60,Q8N960_56,0,
886,Q9P2E5,CHPF2,772,LGWD,373,377,Q9P2E5_373,0,
887,P13569,CFTR,1480,LIWE,214,218,P13569_214,0,
888,O95163,ELP1,1332,LPWD,189,193,O95163_189,0,
889,O95163,ELP1,1332,LMWD,349,353,O95163_349,0,
890,Q8N9M1,C19orf47,422,LAWD,276,280,Q8N9M1_276,0,
891,Q9H0B8,CRISPLD2,497,MTWD,80,84,Q9H0B8_80,0,
892,Q96MX6,DNAAF10,357,LRWE,202,206,Q96MX6_202,0,
893,Q5SW24,DACT2,774,LEWD,532,536,Q5SW24_532,0,
894,Q5SW24,DACT2,774,LAWE,552,556,Q5SW24_552,0,
895,Q96EX3,DYNC2I2,536,LVWD,243,247,Q96EX3_243,0,
896,Q92630,DYRK2,601,LEWD,516,520,Q92630_516,0,
897,Q99819,ARHGDIG,225,LSWE,211,215,Q99819_211,0,
898,O14531,DPYSL4,572,MVWE,364,368,O14531_364,0,
899,Q8IYY4,DZIP1L,767,LFWD,273,277,Q8IYY4_273,0,
900,Q9H3P7,ACBD3,528,LFWE,416,420,Q9H3P7_416,0,
901,Q8N7Z2,GOLGA6L1,668,MMWE,343,347,Q8N7Z2_343,0,
902,Q8N7Z2,GOLGA6L1,668,MMWE,357,361,Q8N7Z2_357,0,
903,Q8N7Z2,GOLGA6L1,668,MMWE,371,375,Q8N7Z2_371,0,
904,A6NEY3,GOLGA6L3,463,LGWE,432,436,A6NEY3_432,0,
905,A6NEF3,GOLGA6L4,574,LGWE,457,461,A6NEF3_457,0,
906,A8MZA4,GOLGA6L6,724,MMWE,331,335,A8MZA4_331,0,
907,A8MZA4,GOLGA6L6,724,MMWE,345,349,A8MZA4_345,0,
908,A8MZA4,GOLGA6L6,724,MMWE,359,363,A8MZA4_359,0,
909,A6NEM1,GOLGA6L9,432,LGWE,315,319,A6NEM1_315,0,
910,A6NI86,GOLGA6L10,522,LGWE,405,409,A6NI86_405,0,
911,H0YKK7,GOLGA6L19,550,LGWE,433,437,H0YKK7_433,0,
912,H0YM25,GOLGA6L22,810,MMWE,293,297,H0YM25_293,0,
913,H0YM25,GOLGA6L22,810,MMWE,307,311,H0YM25_307,0,
914,Q9C0G6,DNAH6,4158,LLWD,891,895,Q9C0G6_891,0,
915,Q8IZD9,DOCK3,2030,MDWE,1122,1126,Q8IZD9_1122,0,
916,Q8IZD9,DOCK3,2030,LQWE,1268,1272,Q8IZD9_1268,0,
917,Q8IZD9,DOCK3,2030,MAWE,2021,2025,Q8IZD9_2021,0,
918,P02751,FN1,2477,MIWD,119,123,P02751_119,0,
919,Q7Z2K8,GPRIN1,1008,MTWE,920,924,Q7Z2K8_920,0,
920,O60269,GPRIN2,458,MTWE,389,393,O60269_389,0,
921,Q6ZVF9,GPRIN3,776,MTWE,691,695,Q6ZVF9_691,0,
922,Q9Y3R0,GRIP1,1128,LTWD,357,361,Q9Y3R0_357,0,
923,Q9H4Y5,GSTO2,243,MKWD,207,211,Q9H4Y5_207,0,
924,P10144,GZMB,247,MIWD,39,43,P10144_39,0,
925,Q8IUY3,GRAMD2A,354,LSWD,344,348,Q8IUY3_344,0,
926,Q96AK3,APOBEC3D,386,LLWD,48,52,Q96AK3_48,0,
927,O95477,ABCA1,2261,LSWD,1844,1848,O95477_1844,0,
928,Q6DCA0,AMMECR1L,310,LDWE,208,212,Q6DCA0_208,0,
929,Q6QNK2,ADGRD1,874,MTWE,154,158,Q6QNK2_154,0,
930,Q13444,ADAM15,863,LLWE,598,602,Q13444_598,0,
931,Q96KC2,ARL5B,179,LMWD,63,67,Q96KC2_63,0,
932,Q9NR80,ARHGEF4,690,MPWE,1,5,Q9NR80_1,0,
933,Q14865,ARID5B,1188,LLWE,59,63,Q14865_59,0,
934,Q9P2K1,CC2D2A,1620,LTWE,1400,1404,Q9P2K1_1400,0,
935,Q4G0X9,CCDC40,1142,MLWE,908,912,Q4G0X9_908,0,
936,Q9Y689,ARL5A,179,LMWD,63,67,Q9Y689_63,0,
937,Q8TER5,ARHGEF40,1519,LQWE,658,662,Q8TER5_658,0,
938,Q06278,AOX1,1338,MNWE,1149,1153,Q06278_1149,0,
939,P18850,ATF6,670,MPWE,67,71,P18850_67,0,
940,Q96BY7,ATG2B,2078,LFWD,228,232,Q96BY7_228,0,
941,Q96BY7,ATG2B,2078,LLWE,966,970,Q96BY7_966,0,
942,Q9P232,CNTN3,1028,LYWE,335,339,Q9P232_335,0,
943,Q9P232,CNTN3,1028,LNWE,921,925,Q9P232_921,0,
944,Q7Z624,CAMKMT,323,LRWD,210,214,Q7Z624_210,0,
945,P30411,BDKRB2,391,LIWE,218,222,P30411_218,0,
946,P25774,CTSS,331,LIWE,50,54,P25774_50,0,
947,Q9Y426,C2CD2,696,LMWE,310,314,Q9Y426_310,0,
948,P46092,CCR10,362,LSWD,358,362,P46092_358,0,
949,P41240,CSK,450,LLWE,375,379,P41240_375,0,
950,Q96D53,COQ8B,544,LAWE,281,285,Q96D53_281,0,
951,P26232,CTNNA2,953,LKWD,10,14,P26232_10,0,
952,O95876,WDPCP,746,MNWD,511,515,O95876_511,0,
953,P01880,IGHD,384,LTWE,202,206,P01880_202,0,
954,P43026,GDF5,501,MGWD,412,416,P43026_412,0,
955,O60383,GDF9,454,LKWD,365,369,O60383_365,0,
956,Q14667,KIAA0100,2235,MHWE,1164,1168,Q14667_1164,0,
957,A0PJZ3,GXYLT2,443,LAWE,292,296,A0PJZ3_292,0,
958,Q92628,KIAA0232,1395,LGWE,83,87,Q92628_83,0,
959,Q96P26,NT5C1B,610,LLWE,88,92,Q96P26_88,0,
960,Q9NRG9,AAAS,546,MVWD,402,406,Q9NRG9_402,0,
961,Q9Y4X0,AMMECR1,333,LDWE,230,234,Q9Y4X0_230,0,
962,Q495B1,ANKDD1A,522,LAWE,5,9,Q495B1_5,0,
963,P98198,ATP8B2,1209,LPWD,329,333,P98198_329,0,
964,P98198,ATP8B2,1209,LFWD,466,470,P98198_466,0,
965,P78545,ELF3,371,MKWE,293,297,P78545_293,0,
966,Q8IZ08,GPR135,494,LPWE,242,246,Q8IZ08_242,0,
967,Q8IXR5,FAM178B,679,LLWD,346,350,Q8IXR5_346,0,
968,P31512,FMO4,558,LAWE,457,461,P31512_457,0,
969,P57775,FBXW4,412,MEWE,330,334,P57775_330,0,
970,Q14410,GK2,553,LEWD,213,217,Q14410_213,0,
971,Q8IYG6,LRRC56,542,LGWD,3,7,Q8IYG6_3,0,
972,P04439,HLA-A,365,LRWE,296,300,P04439_296,0,
973,P59901,LILRA4,499,MMWE,88,92,P59901_88,0,
974,Q7Z4F1,LRP10,713,LPWD,309,313,Q7Z4F1_309,0,
975,P32942,ICAM3,547,LRWE,155,159,P32942_155,0,
976,Q9Y5V3,MAGED1,778,LTWD,715,719,Q9Y5V3_715,0,
977,Q96JG8,MAGED4,741,LTWD,657,661,Q96JG8_657,0,
978,Q9UBB5,MBD2,411,LFWE,281,285,Q9UBB5_281,0,
979,Q7Z5L9,IRF2BP2,587,MIWD,28,32,Q7Z5L9_28,0,
980,O15037,KHNYN,678,LSWD,142,146,O15037_142,0,
981,Q9HC36,MRM3,420,LEWE,269,273,Q9HC36_269,0,
982,Q9BVG8,KIFC3,833,LEWE,788,792,Q9BVG8_788,0,
983,Q8N0V4,LGI2,545,LEWD,257,261,Q8N0V4_257,0,
984,Q9UIQ6,LNPEP,1025,LAWD,940,944,Q9UIQ6_940,0,
985,Q86U70,LDB1,411,LWWD,88,92,Q86U70_88,0,
986,P83111,LACTB,547,MSWD,452,456,P83111_452,0,
987,Q13094,LCP2,533,LGWD,13,17,Q13094_13,0,
988,Q9ULH4,LRFN2,789,LPWD,164,168,Q9ULH4_164,0,
989,Q9BTN0,LRFN3,628,LPWE,171,175,Q9BTN0_171,0,
990,Q9Y5X9,LIPG,500,LTWE,414,418,Q9Y5X9_414,0,
991,P20794,MAK,623,LNWD,265,269,P20794_265,0,
992,O95983,MBD3,291,LFWE,137,141,O95983_137,0,
993,O43451,MGAM,1857,LFWD,854,858,O43451_854,0,
994,O43451,MGAM,1857,LDWD,1367,1371,O43451_1367,0,
995,O43451,MGAM,1857,LFWD,1750,1754,O43451_1750,0,
996,O95140,MFN2,757,MLWD,116,120,O95140_116,0,
997,Q8NCR3,MFI,313,MEWE,226,230,Q8NCR3_226,0,
998,A6NJ78,METTL15,407,LMWE,373,377,A6NJ78_373,0,
999,A0A087WXM9,MEIKIN,373,LDWE,159,163,A0A087WXM9_159,0,
1000,Q7Z7H3,CATIP,387,LVWE,291,295,Q7Z7H3_291,0,
1001,P54098,POLG,1239,LEWD,488,492,P54098_488,0,
1002,P54098,POLG,1239,LTWD,605,609,P54098_605,0,
1003,Q9Y5I7,CLDN16,305,LWWE,116,120,Q9Y5I7_116,0,
1004,Q86Y13,DZIP3,1208,MNWE,1032,1036,Q86Y13_1032,0,
1005,Q86X52,CHSY1,802,LEWE,374,378,Q86X52_374,0,
1006,Q2HXU8,CLEC12B,276,LSWD,206,210,Q2HXU8_206,0,
1007,Q9NYP3,DONSON,566,LLWE,117,121,Q9NYP3_117,0,
1008,Q96MU5,CD300LD-AS1,243,LTWE,38,42,Q96MU5_38,0,
1009,Q14999,CUL7,1698,MRWD,311,315,Q14999_311,0,
1010,P58512,LINC01547,204,MGWD,1,5,P58512_1,0,
1011,P26196,DDX6,483,MGWE,114,118,P26196_114,0,
1012,Q6ZS02,DNM1P46,220,LAWE,113,117,Q6ZS02_113,0,
1013,Q6ZS02,DNM1P46,220,LAWE,167,171,Q6ZS02_167,0,
1014,Q9NRD8,DUOX2,1548,LPWE,31,35,Q9NRD8_31,0,
1015,Q9NRD8,DUOX2,1548,LTWE,919,923,Q9NRD8_919,0,
1016,A5PLN7,FAM149A,773,LLWE,285,289,A5PLN7_285,0,
1017,Q658Y4,FAM91A1,838,LSWD,331,335,Q658Y4_331,0,
1018,Q9NZ56,FMN2,1722,LIWE,1313,1317,Q9NZ56_1313,0,
1019,Q86VR8,FJX1,437,LAWD,68,72,Q86VR8_68,0,
1020,Q86VR8,FJX1,437,LQWD,312,316,Q86VR8_312,0,
1021,P98095,FBLN2,1184,LLWE,3,7,P98095_3,0,
1022,Q99999,GAL3ST1,423,LCWE,266,270,Q99999_266,0,
1023,Q68DX3,FRMPD2,1309,MTWD,740,744,Q68DX3_740,0,
1024,A6ND01,IZUMO1R,250,LGWE,113,117,A6ND01_113,0,
1025,Q9Y6F6,IRAG1,904,LSWD,385,389,Q9Y6F6_385,0,
1026,Q6IPM2,IQCE,695,LTWE,97,101,Q6IPM2_97,0,
1027,P06213,INSR,1382,LRWE,514,518,P06213_514,0,
1028,Q8WXH2,JPH3,748,LRWD,691,695,Q8WXH2_691,0,
1029,Q8TC57,M1AP,530,LDWD,338,342,Q8TC57_338,0,
1030,O60449,LY75,1722,LNWD,300,304,O60449_300,0,
1031,P26572,MGAT1,445,LTWE,435,439,P26572_435,0,
1032,Q8IWA4,MFN1,741,MLWD,95,99,Q8IWA4_95,0,
1033,Q8N108,MIER1,512,LLWD,212,216,Q8N108_212,0,
1034,Q8N344,MIER2,545,LLWD,226,230,Q8N344_226,0,
1035,Q15306,IRF4,451,LVWE,40,44,Q15306_40,0,
1036,P13612,ITGA4,1032,MAWE,1,5,P13612_1,0,
1037,Q27J81,INF2,1249,LLWE,310,314,Q27J81_310,0,
1038,Q8NEZ4,KMT2C,4911,LKWE,1637,1641,Q8NEZ4_1637,0,
1039,P06126,CD1A,327,LYWE,292,296,P06126_292,0,
1040,P41002,CCNF,786,LLWE,224,228,P41002_224,0,
1041,Q96P56,CATSPER2,530,LDWE,468,472,Q96P56_468,0,
1042,Q96DP5,MTFMT,389,LGWE,32,36,Q96DP5_32,0,
1043,Q96F81,DISP1,1524,LGWE,1030,1034,Q96F81_1030,0,
1044,P00451,F8,2351,LSWD,31,35,P00451_31,0,
1045,P00451,F8,2351,LAWD,1584,1588,P00451_1584,0,
1046,P22083,FUT4,530,LWWE,193,197,P22083_193,0,
1047,Q96A11,GAL3ST3,431,LAWD,255,259,Q96A11_255,0,
1048,Q86SU0,ILDR1,546,MWWD,136,140,Q86SU0_136,0,
1049,O43820,HYAL3,417,LDWE,126,130,O43820_126,0,
1050,Q71H61,ILDR2,639,LEWD,85,89,Q71H61_85,0,
1051,K9M1U5,IFNL4,179,LTWE,165,169,K9M1U5_165,0,
1052,Q13418,ILK,452,LLWE,381,385,Q13418_381,0,
1053,Q4G0P3,HYDIN,5121,MYWD,2472,2476,Q4G0P3_2472,0,
1054,Q9UN88,GABRQ,632,LFWD,213,217,Q9UN88_213,0,
1055,Q14409,GK3P,553,LEWD,213,217,Q14409_213,0,
1056,Q4G1C9,GLIPR1L2,344,MTWD,78,82,Q4G1C9_78,0,
1057,Q4G1C9,GLIPR1L2,344,LVWD,161,165,Q4G1C9_161,0,
1058,Q15034,HERC3,1050,LFWE,964,968,Q15034_964,0,
1059,Q8WVB3,HEXD,486,LVWD,195,199,Q8WVB3_195,0,
1060,Q02556,IRF8,426,LIWE,26,30,Q02556_26,0,
1061,Q8IV33,KIAA0825,1275,MDWD,1,5,Q8IV33_1,0,
1062,Q8IV33,KIAA0825,1275,LLWD,117,121,Q8IV33_117,0,
1063,Q8WYB5,KAT6B,2073,LSWE,702,706,Q8WYB5_702,0,
1064,Q9Y546,LRRC42,428,LQWE,312,316,Q9Y546_312,0,
1065,P29376,LTK,864,LLWE,712,716,P29376_712,0,
1066,O60361,NME2P1,137,MVWE,61,65,O60361_61,0,
1067,O00754,MAN2B1,1011,LCWD,267,271,O00754_267,0,
1068,O00746,NME4,187,MVWE,109,113,O00746_109,0,
1069,Q86XR2,NIBAN3,697,MPWD,428,432,Q86XR2_428,0,
1070,Q9Y2I6,NINL,1382,LFWE,460,464,Q9Y2I6_460,0,
1071,Q9Y2I6,NINL,1382,LEWD,472,476,Q9Y2I6_472,0,
1072,Q8N4C6,NIN,2090,LSWD,1836,1840,Q8N4C6_1836,0,
1073,Q16584,MAP3K11,847,LLWE,311,315,Q16584_311,0,
1074,Q9Y4F3,MARF1,1742,MSWE,1424,1428,Q9Y4F3_1424,0,
1075,Q7RTR0,NLRP9,991,LIWE,109,113,Q7RTR0_109,0,
1076,P10253,GAA,952,LFWD,857,861,P10253_857,0,
1077,Q9Y2X0,MED16,877,LEWD,87,91,Q9Y2X0_87,0,
1078,Q8N9I5,FADS6,356,LRWE,74,78,Q8N9I5_74,0,
1079,Q9BZ68,FRMD8P1,369,LSWD,320,324,Q9BZ68_320,0,
1080,Q8TEQ6,GEMIN5,1508,LQWD,309,313,Q8TEQ6_309,0,
1081,Q9NWT6,HIF1AN,349,LKWD,74,78,Q9NWT6_74,0,
1082,Q5TF58,IFFO2,517,LTWE,381,385,Q5TF58_381,0,
1083,Q5TF58,IFFO2,517,LLWE,391,395,Q5TF58_391,0,
1084,O75074,LRP3,770,LPWE,369,373,O75074_369,0,
1085,O75096,LRP4,1905,LDWD,778,782,O75096_778,0,
1086,O75096,LRP4,1905,LIWE,853,857,O75096_853,0,
1087,O43300,LRRTM2,516,LFWD,176,180,O43300_176,0,
1088,Q14676,MDC1,2089,LAWD,81,85,Q14676_81,0,
1089,P42679,MATK,507,LLWE,413,417,P42679_413,0,
1090,Q8TC05,MDM1,714,LAWD,442,446,Q8TC05_442,0,
1091,Q99797,MIPEP,713,MPWD,354,358,Q99797_354,0,
1092,Q9ULK4,MED23,1368,LEWE,107,111,Q9ULK4_107,0,
1093,Q08881,ITK,620,LMWE,547,551,Q08881_547,0,
1094,Q9UHV7,MED13,2174,MDWE,257,261,Q9UHV7_257,0,
1095,Q8WZ60,KLHL6,621,LCWD,577,581,Q8WZ60_577,0,
1096,Q96L42,KCNH8,1107,LKWE,388,392,Q96L42_388,0,
1097,Q7Z5Y7,KCTD20,419,MSWE,353,357,Q7Z5Y7_353,0,
1098,Q8N145,LGI3,548,LKWD,260,264,Q8N145_260,0,
1099,Q8N145,LGI3,548,LRWE,449,453,Q8N145_449,0,
1100,O95255,ABCC6,1503,LLWD,1024,1028,O95255_1024,0,HIGH
1101,Q96J65,ABCC12,1359,LTWE,441,445,Q96J65_441,0,
1102,Q5VZV1,METTL21C,264,LKWD,261,265,Q5VZV1_261,0,
1103,P60985,KRTDAP,99,LNWD,80,84,P60985_80,0,
1104,P32970,CD70,193,LGWD,53,57,P32970_53,0,
1105,P10909,CLU,449,LTWE,13,17,P10909_13,0,
1106,Q9H078,CLPB,707,LLWD,599,603,Q9H078_599,0,
1107,P51797,CLCN6,869,LEWE,588,592,P51797_588,0,
1108,Q9H3Y0,R3HDML,253,MVWD,87,91,Q9H3Y0_87,0,
1109,Q9H336,CRISPLD1,500,MTWD,86,90,Q9H336_86,0,
1110,Q96PZ2,FAM111A,611,LFWD,360,364,Q96PZ2_360,0,
1111,Q9P219,CCDC88C,2028,LGWE,432,436,Q9P219_432,0,
1112,Q9UHI6,DDX20,824,LDWE,388,392,Q9UHI6_388,0,
1113,P16591,FER,822,LLWE,749,753,P16591_749,0,
1114,Q16610,ECM1,540,LVWE,235,239,Q16610_235,0,
1115,O95995,GAS8,478,LQWE,324,328,O95995_324,0,
1116,P61567,ERVK-7,588,LVWE,130,134,P61567_130,0,
1117,O15197,EPHB6,1021,LMWE,850,854,O15197_850,0,
1118,Q9Y603,ETV7,341,LLWD,225,229,Q9Y603_225,0,
1119,Q9UKB1,FBXW11,542,LIWD,515,519,Q9UKB1_515,0,
1120,P11362,FGFR1,822,LLWE,689,693,P11362_689,0,
1121,Q6P3S6,FBXO42,717,LNWD,502,506,Q6P3S6_502,0,
1122,Q9UJT9,FBXL7,491,LAWD,147,151,Q9UJT9_147,0,
1123,Q8TDW7,FAT3,4557,LSWD,75,79,Q8TDW7_75,0,
1124,Q99102,MUC4,5412,MQWD,4492,4496,Q99102_4492,0,
1125,Q5VTT5,MYOM3,1437,LSWE,79,83,Q5VTT5_79,0,
1126,Q5VTT5,MYOM3,1437,LAWE,519,523,Q5VTT5_519,0,
1127,Q5VTT5,MYOM3,1437,LTWD,620,624,Q5VTT5_620,0,
1128,Q5VTT5,MYOM3,1437,LQWE,820,824,Q5VTT5_820,0,
1129,P59046,NLRP12,1061,LCWE,312,316,P59046_312,0,
1130,P49321,NASP,788,LAWD,517,521,P49321_517,0,
1131,P80108,GPLD1,840,LPWE,106,110,P80108_106,0,
1132,O00623,PEX12,359,MAWE,168,172,O00623_168,0,
1133,Q6PCE3,PGM2L1,622,LRWD,33,37,Q6PCE3_33,0,
1134,Q96G03,PGM2,612,LRWD,23,27,Q96G03_23,0,
1135,O43933,PEX1,1283,LGWD,837,841,O43933_837,0,
1136,P01213,PDYN,254,LKWD,218,222,P01213_218,0,
1137,O95671,ASMTL,621,LLWE,159,163,O95671_159,0,
1138,Q5VT33,LINC01545,79,LDWE,22,26,Q5VT33_22,0,
1139,O43684,BUB3,328,LVWD,160,164,O43684_160,0,
1140,Q9UBW5,BIN2,565,LLWE,108,112,Q9UBW5_108,0,
1141,Q8ND07,BBOF1,529,LTWE,441,445,Q8ND07_441,0,
1142,O95873,C6orf47,294,LKWD,91,95,O95873_91,0,
1143,O95873,C6orf47,294,LRWD,115,119,O95873_115,0,
1144,A6NFT4,CFAP73,308,LQWE,228,232,A6NFT4_228,0,
1145,P06127,CD5,495,LRWE,310,314,P06127_310,0,
1146,O96005,CLPTM1,669,LFWE,124,128,O96005_124,0,
1147,A0A1B0GVH6,C13orf42,325,MEWD,284,288,A0A1B0GVH6_284,0,
1148,Q6XUX3,DSTYK,929,MLWE,540,544,Q6XUX3_540,0,
1149,Q9UQ52,CNTN6,1028,LLWE,335,339,Q9UQ52_335,0,
1150,Q9UQ52,CNTN6,1028,LNWE,921,925,Q9UQ52_921,0,
1151,O94779,CNTN5,1100,LRWE,407,411,O94779_407,0,
1152,O94779,CNTN5,1100,LRWE,981,985,O94779_981,0,
1153,O94779,CNTN5,1100,LGWE,992,996,O94779_992,0,
1154,Q9Y471,CMAHP,501,LLWD,426,430,Q9Y471_426,0,
1155,Q5JWR5,DOP1A,2465,LGWE,2376,2380,Q5JWR5_2376,0,
1156,Q0VDD5,MIR22HG,57,MGWE,1,5,Q0VDD5_1,0,
1157,P26358,DNMT1,1616,LEWD,1517,1521,P26358_1517,0,
1158,P10635,CYP2D6,497,MTWD,260,264,P10635_260,0,
1159,O95278,EPM2A,331,LSWE,97,101,O95278_97,0,
1160,Q92817,EVPL,2033,LRWD,1481,1485,Q92817_1481,0,
1161,Q9Y6X4,FAM169A,670,LLWE,238,242,Q9Y6X4_238,0,
1162,Q5VW36,FOCAD,1801,LLWE,50,54,Q5VW36_50,0,
1163,Q8N612,FHIP1B,972,LQWD,114,118,Q8N612_114,0,
1164,Q5W0V3,FHIP2A,765,LRWE,610,614,Q5W0V3_610,0,
1165,P49327,FASN,2511,LSWE,625,629,P49327_625,0,
1166,P49327,FASN,2511,LAWD,840,844,P49327_840,0,
1167,Q8N3J3,HROB,647,LHWE,264,268,Q8N3J3_264,0,
1168,Q9BZ67,FRMD8,464,LSWD,320,324,Q9BZ67_320,0,
1169,Q3V6T2,CCDC88A,1871,LGWE,429,433,Q3V6T2_429,0,
1170,P51610,HCFC1,2035,MAWE,304,308,P51610_304,0,
1171,P51610,HCFC1,2035,LTWE,1908,1912,P51610_1908,0,
1172,Q86YV9,HPS6,775,LVWE,94,98,Q86YV9_94,0,
1173,Q9Y483,MTF2,593,LEWD,189,193,Q9Y483_189,0,
1174,Q8IUG5,MYO18B,2567,LGWD,1089,1093,Q8IUG5_1089,0,
1175,Q14324,MYBPC2,1141,LVWE,657,661,Q14324_657,0,
1176,Q7Z5D8,NANOGNB,188,MPWD,39,43,Q7Z5D8_39,0,
1177,O00533,CHL1,1208,LTWE,630,634,O00533_630,0,
1178,Q9UI40,SLC24A2,661,MWWE,262,266,Q9UI40_262,0,
1179,Q96HM7,PCED1B,432,LHWD,225,229,Q96HM7_225,0,
1180,Q9UH17,APOBEC3B,382,LLWD,48,52,Q9UH17_48,0,
1181,Q4VNC1,ATP13A4,1196,LYWE,921,925,Q4VNC1_921,0,
1182,P30043,BLVRB,206,LLWD,114,118,P30043_114,0,
1183,Q12830,BPTF,3046,LRWD,1917,1921,Q12830_1917,0,
1184,P53701,HCCS,268,LKWE,166,170,P53701_166,0,
1185,Q9Y2G2,CARD8,537,LVWD,426,430,Q9Y2G2_426,0,
1186,O00257,CBX4,560,LAWD,369,373,O00257_369,0,
1187,O43497,CACNA1G,2377,LEWE,1943,1947,O43497_1943,0,
1188,Q9BZW8,CD244,370,LKWE,67,71,Q9BZW8_67,0,
1189,Q96MT8,CEP63,703,LDWE,154,158,Q96MT8_154,0,
1190,Q9HA82,CERS4,394,MCWD,165,169,Q9HA82_165,0,
1191,Q96MT7,CFAP44,1854,LLWE,346,350,Q96MT7_346,0,
1192,Q96MT7,CFAP44,1854,LAWE,1005,1009,Q96MT7_1005,0,
1193,Q96MT7,CFAP44,1854,MRWE,1752,1756,Q96MT7_1752,0,
1194,Q8WZ74,CTTNBP2,1663,LRWD,1270,1274,Q8WZ74_1270,0,
1195,Q9Y485,DMXL1,3027,LKWD,1966,1970,Q9Y485_1966,0,
1196,Q8TDJ6,DMXL2,3036,LAWD,116,120,Q8TDJ6_116,0,
1197,O95479,H6PD,791,LRWE,347,351,O95479_347,0,
1198,Q96CU9,FOXRED1,486,LDWD,28,32,Q96CU9_28,0,
1199,O60318,MCM3AP,1980,LSWE,1790,1794,O60318_1790,0,
1200,Q05D60,DEUP1,604,MDWE,34,38,Q05D60_34,0,
1201,Q16854,DGUOK,277,LLWE,176,180,Q16854_176,0,
1202,Q9Y6T7,DGKB,804,LEWD,188,192,Q9Y6T7_188,0,
1203,Q9Y394,DHRS7,339,MNWE,1,5,Q9Y394_1,0,
1204,Q9P2K8,EIF2AK4,1649,LEWD,1590,1594,Q9P2K8_1590,0,
1205,O43281,EFS,561,LEWE,204,208,O43281_204,0,
1206,Q8N8S7,ENAH,591,LEWE,256,260,Q8N8S7_256,0,
1207,P49411,TUFM,452,LTWD,381,385,P49411_381,0,
1208,P0DPD7,EEF1AKMT4,255,LRWE,107,111,P0DPD7_107,0,
1209,Q9HDB8,ERVK-5,245,LVWE,130,134,Q9HDB8_130,0,
1210,P21709,EPHA1,976,LRWE,350,354,P21709_350,0,
1211,Q75N03,CBLL1,491,LFWD,89,93,Q75N03_89,0,
1212,Q6P179,ERAP2,960,LAWD,871,875,Q6P179_871,0,
1213,Q9H501,ESF1,851,MDWD,355,359,Q9H501_355,0,
1214,Q9H422,HIPK3,1215,MEWE,776,780,Q9H422_776,0,
1215,Q9Y2M0,FAN1,1017,LLWD,845,849,Q9Y2M0_845,0,
1216,Q8IVU1,IGDCC3,814,LLWE,539,543,Q8IVU1_539,0,
1217,P0DOX3,,512,LTWE,331,335,P0DOX3_331,0,
1218,P14616,INSRR,1297,LRWE,501,505,P14616_501,0,
1219,Q96JN0,LCOR,433,LSWE,263,267,Q96JN0_263,0,
1220,Q9UBS0,RPS6KB2,482,MNWD,331,335,Q9UBS0_331,0,
1221,Q9UI17,DMGDH,866,LGWE,680,684,Q9UI17_680,0,
1222,Q8N6C5,IGSF1,1336,LEWE,452,456,Q8N6C5_452,0,
1223,P42701,IL12RB1,662,MEWE,157,161,P42701_157,0,
1224,P42701,IL12RB1,662,MSWD,621,625,P42701_621,0,
1225,Q9NZI8,IGF2BP1,577,LRWE,92,96,Q9NZI8_92,0,
1226,O75603,GCM2,506,LSWD,19,23,O75603_19,0,
1227,P17181,IFNAR1,557,LKWD,246,250,P17181_246,0,
1228,A4D2P6,GRID2IP,1211,LRWE,833,837,A4D2P6_833,0,
1229,Q8NI17,IL31RA,732,LSWE,370,374,Q8NI17_370,0,
1230,Q68E01,INTS3,1043,LDWE,801,805,Q68E01_801,0,
1231,Q8NCW0,KREMEN2,462,LFWD,61,65,Q8NCW0_61,0,
1232,Q9UQ05,KCNH4,1017,LLWD,394,398,Q9UQ05_394,0,
1233,Q17RG1,KCTD19,926,LSWE,812,816,Q17RG1_812,0,
1234,Q99683,MAP3K5,1374,LKWE,1082,1086,Q99683_1082,0,
1235,P21359,NF1,2839,LMWD,2073,2077,P21359_2073,0,
1236,Q9NPE2,NGRN,291,LTWE,83,87,Q9NPE2_83,0,
1237,Q9NZP6,NPAP1,1156,LLWD,344,348,Q9NZP6_344,0,
1238,Q96S42,NODAL,347,LLWE,212,216,Q96S42_212,0,
1239,Q96S42,NODAL,347,LSWE,227,231,Q96S42_227,0,
1240,O94856,NFASC,1347,LEWD,950,954,O94856_950,0,
1241,Q16649,NFIL3,462,MYWE,75,79,Q16649_75,0,
1242,Q567V2,MPV17L2,206,LGWD,176,180,Q567V2_176,0,
1243,Q96L34,MARK4,752,LPWD,644,648,Q96L34_644,0,
1244,P08949,NMB,121,LSWD,27,31,P08949_27,0,
1245,P35658,NUP214,2090,LEWD,834,838,P35658_834,0,
1246,P08581,MET,1390,LLWE,1272,1276,P08581_1272,0,
1247,Q8NAN2,MIGA1,632,LPWE,105,109,Q8NAN2_105,0,
1248,Q3SYC2,MOGAT2,334,MPWE,9,13,Q3SYC2_9,0,
1249,P21757,MSR1,451,LKWE,76,80,P21757_76,0,
1250,Q7Z5P9,MUC19,8384,LMWD,584,588,Q7Z5P9_584,0,
1251,Q96H12,MSANTD3,275,MYWE,249,253,Q96H12_249,0,
1252,Q8NCY6,MSANTD4,345,MAWE,46,50,Q8NCY6_46,0,
1253,Q9BXJ9,NAA15,866,LKWD,107,111,Q9BXJ9_107,0,
1254,Q8N159,NAGS,534,MLWE,459,463,Q8N159_459,0,
1255,Q9BQT9,CLSTN3,956,LFWD,895,899,Q9BQT9_895,0,
1256,Q53EP0,FNDC3B,1204,LEWD,414,418,Q53EP0_414,0,
1257,Q53EP0,FNDC3B,1204,LEWD,690,694,Q53EP0_690,0,
1258,Q53EP0,FNDC3B,1204,LNWE,888,892,Q53EP0_888,0,
1259,Q5VWQ8,DAB2IP,1189,LLWE,623,627,Q5VWQ8_623,0,
1260,Q96LL9,DNAJC30,226,LRWE,201,205,Q96LL9_201,0,
1261,Q08211,DHX9,1270,MTWE,952,956,Q08211_952,0,
1262,Q8IWF6,DENND6A,608,LRWD,53,57,Q8IWF6_53,0,
1263,Q8IWF6,DENND6A,608,MLWE,284,288,Q8IWF6_284,0,
1264,O14926,FSCN2,492,LVWE,200,204,O14926_200,0,
1265,P55039,DRG2,364,MLWE,282,286,P55039_282,0,
1266,P48060,GLIPR1,266,MTWD,58,62,P48060_58,0,
1267,Q9NR20,DYRK4,520,LVWE,381,385,Q9NR20_381,0,
1268,Q32P44,EML3,896,LYWD,751,755,Q32P44_751,0,
1269,Q9UKH3,ERVK-9,698,LVWE,240,244,Q9UKH3_240,0,
1270,A0A1B0GVR7,FAM240C,95,MFWE,27,31,A0A1B0GVR7_27,0,
1271,Q8NFF5,FLAD1,587,MGWD,1,5,Q8NFF5_1,0,
1272,Q0JRZ9,FCHO2,810,LAWD,425,429,Q0JRZ9_425,0,
1273,O43320,FGF16,207,LDWD,11,15,O43320_11,0,
1274,P21802,FGFR2,821,LMWE,692,696,P21802_692,0,
1275,P43304,GPD2,727,LNWD,581,585,P43304_581,0,
1276,Q03164,KMT2A,3969,LPWE,1096,1100,Q03164_1096,0,
1277,Q9UMN6,KMT2B,2715,LPWD,1028,1032,Q9UMN6_1028,0,
1278,Q15139,PRKD1,912,LRWE,867,871,Q15139_867,0,
1279,Q6ZNB7,AGMO,445,LPWD,109,113,Q6ZNB7_109,0,
1280,Q8IZF2,ADGRF5,1346,LNWE,1164,1168,Q8IZF2_1164,0,
1281,Q9BT22,ALG1,464,LRWD,447,451,Q9BT22_447,0,
1282,Q8IZF3,ADGRF4,695,LNWD,551,555,Q8IZF3_551,0,
1283,Q86UF4,CCDC190,302,LTWE,46,50,Q86UF4_46,0,
1284,Q5JTY5,CBWD3,395,LLWE,297,301,Q5JTY5_297,0,
1285,Q4V339,CBWD6,395,LLWE,297,301,Q4V339_297,0,
1286,Q15041,ARL6IP1,203,LRWE,37,41,Q15041_37,0,
1287,O00189,AP4M1,453,LRWD,361,365,O00189_361,0,
1288,Q63HQ0,AP1AR,302,LEWE,208,212,Q63HQ0_208,0,
1289,Q63HQ0,AP1AR,302,LEWE,258,262,Q63HQ0_258,1,
1290,Q15389,ANGPT1,498,MDWE,378,382,Q15389_378,0,
1291,Q99941,ATF6B,703,LLWD,209,213,Q99941_209,0,
1292,O14525,ASTN1,1302,LEWE,1049,1053,O14525_1049,0,
1293,Q9BWS9,CHID1,393,MVWD,332,336,Q9BWS9_332,0,
1294,Q6UY09,CEACAM20,596,LTWE,406,410,Q6UY09_406,0,
1295,Q3T8J9,GON4L,2241,LSWD,47,51,Q3T8J9_47,0,
1296,Q3T8J9,GON4L,2241,LVWD,2031,2035,Q3T8J9_2031,0,
1297,O15372,EIF3H,352,LMWE,214,218,O15372_214,0,
1298,O14775,GNB5,395,MVWD,264,268,O14775_264,0,
1299,Q6UWM5,GLIPR1L1,242,MIWD,58,62,Q6UWM5_58,0,
1300,Q8NGU9,GPR150,434,LAWE,105,109,Q8NGU9_105,0,
1301,Q8TDT2,GPR152,470,LLWE,272,276,Q8TDT2_272,0,
1302,Q3T906,GNPTAB,1256,LLWD,302,306,Q3T906_302,0,
1303,Q3T906,GNPTAB,1256,LPWE,892,896,Q3T906_892,0,
1304,Q53EU6,GPAT3,434,LPWD,400,404,Q53EU6_400,0,
1305,P60509,ERVPABLB-1,514,LCWE,212,216,P60509_212,0,
1306,P05160,F13B,661,LKWD,596,600,P05160_596,0,
1307,Q9UJA9,ENPP5,477,LYWE,185,189,Q9UJA9_185,0,
1308,P22607,FGFR3,806,LLWE,683,687,P22607_683,0,
1309,Q8WWV6,FCAMR,532,LAWE,341,345,Q8WWV6_341,0,
1310,Q9Y5Z4,HEBP2,205,MDWD,56,60,Q9Y5Z4_56,0,
1311,Q14103,HNRNPD,355,LSWD,104,108,Q14103_104,0,
1312,Q7Z6Z7,HUWE1,4374,LVWE,944,948,Q7Z6Z7_944,0,
1313,P32927,CSF2RB,897,LCWE,15,19,P32927_15,0,
1314,P32927,CSF2RB,897,LRWE,356,360,P32927_356,0,
1315,Q76NI1,KNDC1,1749,LYWD,945,949,Q76NI1_945,0,
1316,Q5SNV9,C1orf167,1468,LPWD,95,99,Q5SNV9_95,0,
1317,P41212,ETV6,452,LLWD,340,344,P41212_340,0,
1318,P0C5J1,FAM86B2,330,LDWD,226,230,P0C5J1_226,0,
1319,Q9Y6X5,ENPP4,453,LYWE,183,187,Q9Y6X5_183,0,
1320,P22352,GPX3,226,LFWE,169,173,P22352_169,0,
1321,Q15811,ITSN1,1721,LEWE,447,451,Q15811_447,0,
1322,Q9NZM3,ITSN2,1697,LEWE,460,464,Q9NZM3_460,0,
1323,Q9Y2F5,ICE1,2266,LNWE,2070,2074,Q9Y2F5_2070,0,
1324,Q659A1,ICE2,982,LNWD,12,16,Q659A1_12,0,
1325,O00425,IGF2BP3,579,LQWE,92,96,O00425_92,0,
1326,Q6ZVW7,IL17REL,336,LSWE,221,225,Q6ZVW7_221,0,
1327,Q8N6P7,IL22RA1,574,LTWD,39,43,Q8N6P7_39,0,
1328,A0AUZ9,KANSL1L,987,LWWE,913,917,A0AUZ9_913,0,
1329,O75900,MMP23B,390,LRWD,86,90,O75900_86,0,
1330,Q8TCY5,MRAP,172,LLWE,142,146,Q8TCY5_142,0,
1331,Q659C4,LARP1B,914,LAWE,760,764,Q659C4_760,0,
1332,O15440,ABCC5,1437,LAWD,497,501,O15440_497,0,
1333,Q9Y4W2,LAS1L,734,MSWE,1,5,Q9Y4W2_1,0,
1334,P55268,LAMB2,1798,LPWE,14,18,P55268_14,0,
1335,P55268,LAMB2,1798,LIWE,567,571,P55268_567,0,
1336,O43679,LDB2,373,LWWD,49,53,O43679_49,0,
1337,Q29983,MICA,383,LSWD,35,39,Q29983_35,0,
1338,Q5JXC2,MIIP,388,LGWD,318,322,Q5JXC2_318,0,
1339,A6NHM9,MOXD2P,499,LRWD,44,48,A6NHM9_44,0,
1340,Q13724,MOGS,837,LKWE,304,308,Q13724_304,0,
1341,O43482,OIP5,229,MEWD,37,41,O43482_37,0,
1342,O43482,OIP5,229,LAWD,93,97,O43482_93,0,
1343,Q6UXI9,NPNT,565,LHWE,439,443,Q6UXI9_439,0,
1344,Q9Y530,OARD1,152,LQWE,127,131,Q9Y530_127,0,
1345,O75909,CCNK,580,LQWE,199,203,O75909_199,0,
1346,Q6IA86,ELP2,826,LVWD,394,398,Q6IA86_394,0,
1347,O14529,CUX2,1486,LEWE,1482,1486,O14529_1482,0,
1348,Q9HCG8,CWC22,908,MSWE,157,161,Q9HCG8_157,0,
1349,Q8NEV8,EXPH5,1989,LEWE,1783,1787,Q8NEV8_1783,0,
1350,O94985,CLSTN1,981,MDWD,901,905,O94985_901,1,
1351,O94985,CLSTN1,981,LEWD,972,976,O94985_972,1,
1352,Q96B18,DACT3,629,LVWD,89,93,Q96B18_89,0,
1353,Q10586,DBP,325,LLWE,103,107,Q10586_103,0,
1354,Q8NFT8,DNER,737,MKWD,189,193,Q8NFT8_189,0,
1355,Q8WVS4,DYNC2I1,1066,LQWD,946,950,Q8WVS4_946,0,
1356,Q99704,DOK1,481,LYWD,336,340,Q99704_336,0,
1357,P61565,ERVK-21,698,LVWE,240,244,P61565_240,0,
1358,P61570,ERVK-25,661,LVWE,241,245,P61570_241,0,
1359,Q8IUX8,EGFL6,553,LAWE,489,493,Q8IUX8_489,0,
1360,P00748,F12,615,LSWE,285,289,P00748_285,0,
1361,P0DP91,ERCC6,1061,MFWE,668,672,P0DP91_668,0,
1362,P32189,GK,559,LEWD,213,217,P32189_213,0,
1363,Q8N158,GPC2,579,LVWE,390,394,Q8N158_390,0,
1364,O60381,HBP1,514,MVWE,1,5,O60381_1,0,
1365,Q6ZWJ8,KCP,1568,LCWE,751,755,Q6ZWJ8_751,0,
1366,Q02241,KIF23,960,MKWE,623,627,Q02241_623,0,
1367,Q5T7B8,KIF24,1368,LGWE,681,685,Q5T7B8_681,0,
1368,Q9NRZ9,HELLS,838,MSWD,54,58,Q9NRZ9_54,0,
1369,Q9NRZ9,HELLS,838,MLWE,236,240,Q9NRZ9_236,0,
1370,P09917,ALOX5,674,LVWE,477,481,P09917_477,0,
1371,O95256,IL18RAP,599,LEWE,296,300,O95256_296,0,
1372,O76001,OR2J3,311,MGWE,308,312,O76001_308,0,
1373,Q6ZVX9,PAQR9,377,LRWD,45,49,Q6ZVX9_45,0,
1374,Q05209,PTPN12,780,MIWE,120,124,Q05209_120,0,
1375,O75038,PLCH2,1416,LVWD,836,840,O75038_836,0,
1376,Q13003,GRIK3,919,LVWE,11,15,Q13003_11,0,
1377,Q0D2I5,IFFO1,559,LTWE,422,426,Q0D2I5_422,0,
1378,Q0D2I5,IFFO1,559,LLWE,432,436,Q0D2I5_432,0,
1379,Q15652,JMJD1C,2540,LEWD,64,68,Q15652_64,0,
1380,Q8ND94,LRRN4CL,238,LLWD,117,121,Q8ND94_117,0,
1381,Q8N4S9,MARVELD2,558,MNWD,550,554,Q8N4S9_550,0,
1382,Q96HR3,MED30,178,LIWD,166,170,Q96HR3_166,0,
1383,P11717,IGF2R,2491,LNWE,906,910,P11717_906,0,
1384,Q6P1R3,MSANTD2,559,LKWE,293,297,Q6P1R3_293,0,
1385,P17050,NAGA,411,LAWE,31,35,P17050_31,0,
1386,P54296,MYOM2,1465,LAWE,139,143,P54296_139,0,
1387,P54296,MYOM2,1465,LSWE,529,533,P54296_529,0,
1388,P54296,MYOM2,1465,LHWD,1136,1140,P54296_1136,0,
1389,P52179,MYOM1,1685,LSWE,1364,1368,P52179_1364,0,
1390,P59045,NLRP11,1033,LQWE,106,110,P59045_106,0,
1391,Q969V3,NCLN,563,LAWE,368,372,Q969V3_368,0,
1392,Q9UJF2,RASAL2,1139,LLWE,579,583,Q9UJF2_579,0,
1393,Q9UK39,NOCT,431,LKWE,170,174,Q9UK39_170,0,
1394,Q14934,NFATC4,902,LQWE,628,632,Q14934_628,0,
1395,Q16512,PKN1,942,LGWE,877,881,Q16512_877,0,
1396,P10266,ERVK-10,1014,LVWE,1001,1005,P10266_1001,0,
1397,P63135,ERVK-7,1459,LVWE,1001,1005,P63135_1001,0,
1398,O43692,PI15,258,MVWD,91,95,O43692_91,0,
1399,Q6UXB8,PI16,463,MRWD,57,61,Q6UXB8_57,0,
1400,P42356,PI4KA,2102,LGWE,1988,1992,P42356_1988,0,
1401,A4QPH2,PI4KAP2,592,LGWE,475,479,A4QPH2_475,0,
1402,Q5K4E3,PRSS36,855,LAWD,563,567,Q5K4E3_563,0,
1403,Q92521,PIGB,554,LTWE,104,108,Q92521_104,0,
1404,Q07326,PIGF,219,LDWE,175,179,Q07326_175,0,
1405,Q9Y2B2,PIGL,252,MQWD,120,124,Q9Y2B2_120,0,
1406,Q8TEQ8,PIGO,1089,LHWE,588,592,Q8TEQ8_588,0,
1407,Q96S52,PIGS,555,MTWE,419,423,Q96S52_419,0,
1408,Q8IXM6,NRM,262,LAWD,63,67,Q8IXM6_63,0,
1409,Q9H209,OR10A4,315,MMWE,1,5,Q9H209_1,0,
1410,Q5T4B2,CERCAM,595,LSWD,439,443,Q5T4B2_439,0,
1411,Q8IYT4,KATNAL2,538,LPWE,402,406,Q8IYT4_402,0,
1412,Q8NE63,HIPK4,616,LTWE,328,332,Q8NE63_328,0,
1413,P54198,HIRA,1017,LTWD,180,184,P54198_180,0,
1414,Q9Y5N1,HRH3,445,LSWE,172,176,Q9Y5N1_172,0,
1415,Q96B70,LENG9,501,LVWD,156,160,Q96B70_156,0,
1416,Q30201,HFE,348,LEWE,167,171,Q30201_167,0,
1417,Q04756,HGFAC,655,LSWE,357,361,Q04756_357,0,
1418,Q68CP4,HGSNAT,663,LSWD,366,370,Q68CP4_366,0,
1419,Q9Y5Z7,HCFC2,792,LSWE,695,699,Q9Y5Z7_695,0,
1420,P14866,HNRNPL,589,LEWE,547,551,P14866_547,0,
1421,Q9UPZ3,HPS5,1129,LCWD,129,133,Q9UPZ3_129,0,
1422,B3KU38,IQCJ-SCHIP1,563,MDWE,298,302,B3KU38_298,0,
1423,Q96EL1,INKA1,287,LRWE,15,19,Q96EL1_15,0,
1424,Q96EL1,INKA1,287,LDWD,92,96,Q96EL1_92,0,
1425,Q9NV31,IMP3,184,LNWE,19,23,Q9NV31_19,0,
1426,Q2LD37,KIAA1109,5005,LKWD,4552,4556,Q2LD37_4552,0,
1427,Q9Y2U9,KLHDC2,406,LQWE,130,134,Q9Y2U9_130,0,
1428,Q86T24,ZBTB33,672,MTWE,638,642,Q86T24_638,0,
1429,Q9P244,LRFN1,771,LPWE,177,181,Q9P244_177,0,
1430,Q86T75,NBPF11,865,LTWE,821,825,Q86T75_821,0,HIGH
1431,Q96JM4,LRRIQ1,1722,LKWD,1478,1482,Q96JM4_1478,0,
1432,Q9NXC5,MIOS,875,LIWD,143,147,Q9NXC5_143,0,
1433,Q7Z7M0,MEGF8,2845,LLWD,822,826,Q7Z7M0_822,0,
1434,Q7Z7M0,MEGF8,2845,LHWE,1386,1390,Q7Z7M0_1386,0,
1435,Q7Z7M0,MEGF8,2845,LVWE,1489,1493,Q7Z7M0_1489,0,
1436,P04629,NTRK1,796,LKWE,512,516,P04629_512,0,
1437,O60500,NPHS1,1241,LSWD,578,582,O60500_578,0,
1438,Q6U736,OPN5,354,LSWE,28,32,Q6U736_28,0,
1439,Q8IZE3,SCYL3,742,LNWE,735,739,Q8IZE3_735,0,
1440,Q12923,PTPN13,2485,MIWE,2296,2300,Q12923_2296,0,
1441,Q15678,PTPN14,1187,MVWE,996,1000,Q15678_996,0,
1442,Q13635,PTCH1,1447,LRWD,458,462,Q13635_458,0,
1443,Q13635,PTCH1,1447,LFWE,1016,1020,Q13635_1016,0,
1444,Q99952,PTPN18,460,LVWE,118,122,Q99952_118,0,
1445,Q9Y6C5,PTCH2,1203,LRWD,414,418,Q9Y6C5_414,0,
1446,Q9Y6C5,PTCH2,1203,LFWE,952,956,Q9Y6C5_952,0,
1447,P18031,PTPN1,435,MVWE,98,102,P18031_98,0,
1448,Q16825,PTPN21,1174,MVWE,984,988,Q16825_984,0,
1449,Q9Y2R2,PTPN22,807,MIWE,116,120,Q9Y2R2_116,0,
1450,Q9Y2R2,PTPN22,807,LIWD,208,212,Q9Y2R2_208,0,
1451,Q7RTZ1,OVCH2,564,LTWE,202,206,Q7RTZ1_202,0,
1452,Q9Y5E4,PCDHB5,795,LLWE,22,26,Q9Y5E4_22,0,
1453,Q8N7B6,PACRGL,248,LQWE,102,106,Q8N7B6_102,0,
1454,P29074,PTPN4,926,MDWE,368,372,P29074_368,0,
1455,P29074,PTPN4,926,MTWE,740,744,P29074_740,0,
1456,Q96NT5,SLC46A1,459,LCWD,297,301,Q96NT5_297,0,
1457,Q86YC2,PALB2,1186,MFWE,875,879,Q86YC2_875,0,
1458,Q6P3X8,PGBD2,592,MFWE,199,203,Q6P3X8_199,0,
1459,Q9H237,PORCN,461,LEWD,280,284,Q9H237_280,0,
1460,Q4KWH8,PLCH1,1693,LVWD,810,814,Q4KWH8_810,0,
1461,Q969Z0,TBRG4,631,LRWE,564,568,Q969Z0_564,0,
1462,O94992,HEXIM1,359,LTWE,170,174,O94992_170,0,
1463,Q5T447,HECTD3,861,LRWE,176,180,Q5T447_176,0,
1464,Q96T58,SPEN,3664,LDWD,1465,1469,Q96T58_1465,0,
1465,Q6UXX5,ITIH6,1313,LSWD,1174,1178,Q6UXX5_1174,0,
1466,Q04759,PRKCQ,706,LAWE,434,438,Q04759_434,0,
1467,Q9NPI7,KRCC1,259,MLWD,250,254,Q9NPI7_250,0,
1468,P43405,SYK,635,LMWE,561,565,P43405_561,0,
1469,A6NJI9,LRRC72,287,MSWD,1,5,A6NJI9_1,0,
1470,A6NJI9,LRRC72,287,MNWD,258,262,A6NJI9_258,0,
1471,Q6ZQX7,LIAT1,453,LRWD,170,174,Q6ZQX7_170,0,HIGH
1472,O95819,MAP4K4,1239,LLWE,663,667,O95819_663,0,
1473,Q9UBE8,NLK,527,LVWE,524,528,Q9UBE8_524,0,
1474,Q76FK4,NOL8,1167,LTWE,191,195,Q76FK4_191,0,
1475,P15531,NME1,152,MVWE,76,80,P15531_76,0,
1476,P22392,NME2,152,MVWE,76,80,P22392_76,0,
1477,Q9Y2E5,MAN2B2,1009,LWWD,82,86,Q9Y2E5_82,0,
1478,Q16795,NDUFA9,377,LEWD,106,110,Q16795_106,0,
1479,Q96EH8,NEURL3,262,MPWD,182,186,Q96EH8_182,0,
1480,P45984,MAPK9,424,MDWE,361,365,P45984_361,0,
1481,O95502,NPTXR,500,LPWE,473,477,O95502_473,0,
1482,Q68CQ1,MROH7,1323,MAWE,1160,1164,Q68CQ1_1160,0,
1483,Q9ULH7,MRTFB,1088,LPWD,1085,1089,Q9ULH7_1085,0,
1484,Q7Z401,DENND4A,1863,MLWD,1720,1724,Q7Z401_1720,0,
1485,Q96DL1,NXPE2,559,LFWE,181,185,Q96DL1_181,0,
1486,Q8NH69,OR5W2,310,MDWE,1,5,Q8NH69_1,0,
1487,Q14691,GINS1,196,LRWE,90,94,Q14691_90,0,
1488,Q8IYL9,GPR65,337,MLWE,149,153,Q8IYL9_149,0,
1489,F8WCM5,INS-IGF2,200,LVWE,144,148,F8WCM5_144,0,
1490,Q8IX03,WWC1,1113,LGWE,57,61,Q8IX03_57,0,
1491,Q9Y5R2,MMP24,645,LRWE,480,484,Q9Y5R2_480,0,
1492,Q92845,KIFAP3,792,LDWE,536,540,Q92845_536,0,
1493,P09237,MMP7,267,LQWE,30,34,P09237_30,0,
1494,Q7Z745,MROH2B,1585,MMWD,876,880,Q7Z745_876,0,
1495,O95461,LARGE1,756,MKWE,310,314,O95461_310,0,
1496,O15230,LAMA5,3695,LLWE,2322,2326,O15230_2322,0,
1497,Q9BRK3,MXRA8,442,LHWD,73,77,Q9BRK3_73,0,
1498,Q9UBG0,MRC2,1479,LNWE,320,324,Q9UBG0_320,0,
1499,Q9NVX2,NLE1,485,LLWD,181,185,Q9NVX2_181,0,
1500,Q9NVX2,NLE1,485,LSWE,205,209,Q9NVX2_205,0,
1501,Q9BYT8,NLN,704,LRWD,48,52,Q9BYT8_48,0,
1502,Q9H4Q4,PRDM12,367,LMWE,135,139,Q9H4Q4_135,0,
1503,Q6X4W1,NSMF,530,LDWD,325,329,Q6X4W1_325,0,
1504,Q7RTY9,PRSS41,318,MIWD,227,231,Q7RTY9_227,0,
1505,Q16821,PPP1R3A,1122,LSWE,589,593,Q16821_589,0,
1506,Q16821,PPP1R3A,1122,LSWE,1108,1112,Q16821_1108,0,
1507,Q9UMZ3,PTPRQ,2332,LYWD,629,633,Q9UMZ3_629,0,
1508,Q9UMZ3,PTPRQ,2332,LSWD,1211,1215,Q9UMZ3_1211,0,
1509,Q9UMZ3,PTPRQ,2332,MVWE,2122,2126,Q9UMZ3_2122,0,
1510,Q9UMZ3,PTPRQ,2332,LEWE,2325,2329,Q9UMZ3_2325,0,
1511,O43869,OR2T1,369,LPWE,30,34,O43869_30,0,
1512,Q92530,PSMF1,271,LHWE,26,30,Q92530_26,0,
1513,Q9Y6V0,PCLO,5142,LEWE,3235,3239,Q9Y6V0_3235,0,
1514,Q9NWU1,OXSM,459,LVWD,61,65,Q9NWU1_61,0,
1515,P30559,OXTR,389,LLWD,97,101,P30559_97,0,
1516,Q3SYA9,POM121L1P,428,LDWE,230,234,Q3SYA9_230,0,
1517,Q6ZS72,PEAK3,473,LLWD,470,474,Q6ZS72_470,0,
1518,Q9UHB4,NDOR1,597,LVWE,534,538,Q9UHB4_534,0,
1519,Q9NZM6,PKD2L2,624,LYWD,99,103,Q9NZM6_99,0,
1520,P61970,NUTF2,127,LTWE,39,43,P61970_39,0,
1521,P55786,NPEPPS,919,LGWD,690,694,P55786_690,0,
1522,Q92621,NUP205,2012,LYWD,134,138,Q92621_134,0,
1523,Q16620,NTRK2,822,MYWD,228,232,Q16620_228,0,
1524,O75694,NUP155,1391,LNWD,1278,1282,O75694_1278,0,
1525,Q86YG4,NT5DC4,428,LSWE,341,345,Q86YG4_341,0,
1526,Q9Y4C0,NRXN3,1643,LRWD,41,45,Q9Y4C0_41,0,
1527,O95157,NXPH3,252,MEWE,177,181,O95157_177,0,
1528,P23470,PTPRG,1445,MIWE,938,942,P23470_938,0,
1529,P23470,PTPRG,1445,MIWD,1237,1241,P23470_1237,0,
1530,P49190,PTH2R,550,LGWE,389,393,P49190_389,0,
1531,Q969S8,HDAC10,669,LLWD,16,20,Q969S8_16,0,
1532,Q9BSH5,HDHD3,251,LTWD,10,14,Q9BSH5_10,0,
1533,Q9ULT8,HECTD1,2610,LTWE,2344,2348,Q9ULT8_2344,0,
1534,Q9Y693,LHFPL6,200,LGWD,141,145,Q9Y693_141,0,
1535,P30511,HLA-F,346,LRWE,293,297,P30511_293,0,
1536,P01893,HLA-H,362,LRWE,296,300,P01893_296,0,
1537,Q8IU81,IRF2BP1,584,MVWD,24,28,Q8IU81_24,0,
1538,A8MYU2,KCNU1,1149,MKWE,395,399,A8MYU2_395,0,
1539,Q9BU23,LMF2,707,LLWE,63,67,Q9BU23_63,0,
1540,Q9BU23,LMF2,707,LVWE,376,380,Q9BU23_376,0,
1541,O95072,REC8,547,LFWD,306,310,O95072_306,0,
1542,Q8IZP6,RNF113B,322,LGWE,222,226,Q8IZP6_222,0,
1543,P09619,PDGFRB,1106,LLWE,892,896,P09619_892,0,
1544,A6NNM3,RIMBP3B,1639,LPWD,1060,1064,A6NNM3_1060,0,
1545,Q9H257,CARD9,536,LLWE,246,250,Q9H257_246,0,
1546,Q9Y6J0,CABIN1,2220,LIWE,973,977,Q9Y6J0_973,0,
1547,Q8IUF1,CBWD2,395,LLWE,297,301,Q8IUF1_297,0,
1548,Q13231,CHIT1,466,LDWE,137,141,Q13231_137,0,
1549,Q8IZ16,C7orf61,206,LLWE,154,158,Q8IZ16_154,0,
1550,O15078,CEP290,2479,MAWD,1405,1409,O15078_1405,0,
1551,Q14094,CCNI,377,LNWD,138,142,Q14094_138,0,
1552,O14979,HNRNPDL,420,LSWD,155,159,O14979_155,0,
1553,P50135,HNMT,292,LLWD,239,243,P50135_239,0,
1554,P40189,IL6ST,918,LEWD,537,541,P40189_537,0,
1555,P26951,IL3RA,378,LTWD,39,43,P26951_39,0,
1556,P35228,NOS2,1153,LAWD,553,557,P35228_553,0,
1557,Q92823,NRCAM,1304,LEWD,970,974,Q92823_970,0,
1558,Q5JRX3,PITRM1,1037,LTWE,245,249,Q5JRX3_245,0,
1559,O76000,OR2B3,313,MNWE,1,5,O76000_1,0,
1560,Q8NBJ5,COLGALT1,622,LDWD,460,464,Q8NBJ5_460,0,
1561,Q8N135,LGI4,537,LSWD,248,252,Q8N135_248,0,
1562,Q8N135,LGI4,537,MRWD,435,439,Q8N135_435,0,
1563,Q15751,HERC1,4861,MKWD,3632,3636,Q15751_3632,0,
1564,P48357,LEPR,1165,LHWE,11,15,P48357_11,0,
1565,P48357,LEPR,1165,LFWE,870,874,P48357_870,0,
1566,P10321,HLA-C,366,LSWE,296,300,P10321_296,0,
1567,Q9NTJ4,MAN2C1,1040,LCWE,99,103,Q9NTJ4_99,0,
1568,Q9NTJ4,MAN2C1,1040,LYWD,734,738,Q9NTJ4_734,0,HIGH
1569,Q8NAC3,IL17RC,791,LSWE,416,420,Q8NAC3_416,0,
1570,P24394,IL4R,825,MPWD,443,447,P24394_443,0,
1571,P16144,ITGB4,1822,LSWE,1659,1663,P16144_1659,0,
1572,Q96PY0,PSMG3-AS1,264,LPWD,21,25,Q96PY0_21,0,
1573,P98088,MUC5AC,5654,LLWD,1012,1016,P98088_1012,0,
1574,Q9NR99,MXRA5,2828,LEWD,229,233,Q9NR99_229,0,
1575,Q9HD67,MYO10,2058,LVWE,479,483,Q9HD67_479,0,
1576,Q9UKN7,MYO15A,3530,LLWE,1983,1987,Q9UKN7_1983,0,
1577,Q5VST9,OBSCN,7968,LLWE,4738,4742,Q5VST9_4738,0,
1578,Q5VST9,OBSCN,7968,LLWD,6327,6331,Q5VST9_6327,0,
1579,Q8NH72,OR4C6,309,MKWE,301,305,Q8NH72_301,0,
1580,P48551,IFNAR2,515,LSWE,52,56,P48551_52,0,
1581,Q0VAK6,LMOD3,560,MYWE,75,79,Q0VAK6_75,0,
1582,P53671,LIMK2,638,LFWE,562,566,P53671_562,0,
1583,Q92692,NECTIN2,538,LDWE,200,204,Q92692_200,0,
1584,Q86YW9,MED12L,2145,LRWD,972,976,Q86YW9_972,0,
1585,Q02779,MAP3K10,954,LLWE,292,296,Q02779_292,0,
1586,Q5TCX8,MAP3K21,1036,LLWE,333,337,Q5TCX8_333,0,
1587,Q2M2H8,MGAM2,2515,LYWD,803,807,Q2M2H8_803,0,
1588,Q9BQA1,WDR77,342,LLWD,193,197,Q9BQA1_193,0,
1589,Q9Y5S2,CDC42BPB,1711,LNWE,345,349,Q9Y5S2_345,0,
1590,Q9HCE1,MOV10,1003,MTWD,365,369,Q9HCE1_365,0,
1591,O15375,SLC16A5,505,LQWE,41,45,O15375_41,0,
1592,Q6P444,MTFR2,385,LIWE,24,28,Q6P444_24,0,
1593,Q9ULD2,MTUS1,1270,LTWD,411,415,Q9ULD2_411,0,HIGH
1594,Q6UWF7,NXPE4,544,LFWE,169,173,Q6UWF7_169,0,
1595,Q96R27,OR2M4,311,MVWE,1,5,Q96R27_1,0,
1596,Q7L5N7,LPCAT2,544,LDWD,355,359,Q7L5N7_355,0,
1597,Q63HM2,PCNX4,1172,LSWE,1121,1125,Q63HM2_1121,0,
1598,Q96RV3,PCNX1,2341,LAWE,1662,1666,Q96RV3_1662,0,
1599,O00329,PIK3CD,1044,LGWE,157,161,O00329_157,0,
1600,P0CW18,PRSS56,603,LAWD,350,354,P0CW18_350,0,
1601,Q01118,SCN7A,1682,MLWE,1116,1120,Q01118_1116,0,
1602,Q2M3G4,SHROOM1,852,LDWD,58,62,Q2M3G4_58,0,
1603,Q8N8U3,RTL3,475,LPWE,95,99,Q8N8U3_95,0,
1604,Q8N8U3,RTL3,475,LNWD,350,354,Q8N8U3_350,0,
1605,P0DTA3,SPDYE11,265,LAWD,125,129,P0DTA3_125,0,
1606,A6NKU9,SPDYE3,549,LAWD,409,413,A6NKU9_409,0,
1607,Q7Z392,TRAPPC11,1133,LDWD,103,107,Q7Z392_103,0,
1608,Q96NL1,TMEM74,305,LGWE,139,143,Q96NL1_139,0,
1609,Q96A28,SLAMF9,289,LSWE,100,104,Q96A28_100,0,
1610,Q15047,SETDB1,1291,LTWD,1261,1265,Q15047_1261,0,
1611,Q8IWZ8,SUGP1,645,LLWE,470,474,Q8IWZ8_470,0,
1612,Q8N5C6,SRBD1,995,MNWD,210,214,Q8N5C6_210,0,
1613,P0DP72,VSIG10L2,767,LQWE,361,365,P0DP72_361,0,
1614,P0DP72,VSIG10L2,767,MLWE,410,414,P0DP72_410,0,
1615,Q9BUR4,WRAP53,548,LCWD,393,397,Q9BUR4_393,0,
1616,Q8N5T2,TBC1D19,526,LLWD,463,467,Q8N5T2_463,0,
1617,O43557,TNFSF14,240,LLWE,112,116,O43557_112,0,
1618,Q9C035,TRIM5,493,LDWE,192,196,Q9C035_192,0,
1619,Q9Y561,LRP12,859,LPWE,376,380,Q9Y561_376,0,
1620,Q9Y6M1,IGF2BP2,599,LQWE,93,97,Q9Y6M1_93,0,
1621,Q9H1B7,IRF2BPL,796,MIWD,26,30,Q9H1B7_26,0,
1622,P80192,MAP3K9,1104,LLWE,338,342,P80192_338,0,
1623,O60337,MARCHF6,910,LEWD,263,267,O60337_263,0,
1624,O60337,MARCHF6,910,LTWE,272,276,O60337_272,0,
1625,Q8NA54,IQUB,791,LEWE,369,373,Q8NA54_369,0,
1626,Q8NA82,MARCHF10,808,LSWD,401,405,Q8NA82_401,0,
1627,A6NNE9,MARCHF11,402,LHWD,317,321,A6NNE9_317,0,
1628,Q9BXT6,MOV10L1,1211,LGWE,1004,1008,Q9BXT6_1004,0,
1629,A6NK06,ACOD1,481,LSWD,430,434,A6NK06_430,0,
1630,Q5HYC2,KIAA2026,2103,LPWE,819,823,Q5HYC2_819,0,
1631,Q6PID8,KLHDC10,442,LAWE,408,412,Q6PID8_408,0,
1632,O75147,OBSL1,1896,LYWE,159,163,O75147_159,0,
1633,Q9GZK6,OR2J1,312,MGWE,306,310,Q9GZK6_306,0,
1634,Q15077,P2RY6,328,MEWD,1,5,Q15077_1,0,
1635,Q3ZCN5,OTOGL,2332,LAWD,224,228,Q3ZCN5_224,0,
1636,Q6GYQ0,RALGAPA1,2036,LGWE,1842,1846,Q6GYQ0_1842,0,
1637,Q9NRY6,PLSCR3,295,LGWE,98,102,Q9NRY6_98,0,
1638,Q6UWB4,PRSS55,352,MDWE,217,221,Q6UWB4_217,0,
1639,Q969U7,PSMG2,264,LNWE,158,162,Q969U7_158,0,
1640,Q92932,PTPRN2,1015,MVWE,833,837,Q92932_833,0,
1641,P08575,PTPRC,1306,MIWE,739,743,P08575_739,0,
1642,P23471,PTPRZ1,2315,MIWE,1814,1818,P23471_1814,0,
1643,P23471,PTPRZ1,2315,MIWD,2109,2113,P23471_2109,0,
1644,Q8NG50,RDM1,284,LVWE,18,22,Q8NG50_18,0,
1645,P48382,RFX5,616,LPWE,498,502,P48382_498,0,
1646,Q9NSD5,SLC6A13,602,LRWE,204,208,Q9NSD5_204,0,
1647,P31641,SLC6A6,620,LKWD,216,220,P31641_216,0,
1648,Q9BRJ2,MRPL45,306,MTWD,172,176,Q9BRJ2_172,0,
1649,Q9NUJ3,TCP11L1,509,LKWD,313,317,Q9NUJ3_313,0,
1650,Q96BQ3,TRIM43,446,LSWE,41,45,Q96BQ3_41,0,
1651,Q06643,LTB,244,LGWE,102,106,Q06643_102,0,
1652,Q93038,TNFRSF25,417,LAWE,79,83,Q93038_79,0,
1653,Q14166,TTLL12,644,LKWD,587,591,Q14166_587,0,
1654,P56192,MARS1,900,LEWE,85,89,P56192_85,0,
1655,Q5JTZ9,AARS2,985,MAWE,151,155,Q5JTZ9_151,0,
1656,P55011,SLC12A2,1212,MEWE,428,432,P55011_428,0,
1657,P55017,SLC12A3,1021,MEWE,279,283,P55017_279,0,
1658,Q6PIV7,SLC25A34,304,LFWD,287,291,Q6PIV7_287,0,
1659,P0DPB3,SCHIP1,487,MDWE,222,226,P0DPB3_222,0,
1660,Q9UHJ3,SFMBT1,866,LSWE,20,24,Q9UHJ3_20,0,
1661,P09874,PARP1,1014,LRWD,77,81,P09874_77,0,
1662,Q9Y5G4,PCDHGA9,932,MLWE,22,26,Q9Y5G4_22,0,
1663,Q15269,PWP2,919,LVWE,356,360,Q15269_356,0,
1664,Q5T6S3,PHF19,580,LEWD,183,187,Q5T6S3_183,0,
1665,O43189,PHF1,567,LDWD,174,178,O43189_174,0,
1666,Q8WWQ0,PHIP,1821,LMWE,1224,1228,Q8WWQ0_1224,0,
1667,A2VEC9,SSPOP,5150,LLWD,867,871,A2VEC9_867,0,
1668,A2VEC9,SSPOP,5150,LLWD,1123,1127,A2VEC9_1123,0,
1669,Q96GW9,MARS2,593,LNWE,495,499,Q96GW9_495,0,
1670,Q13395,TARBP1,1621,LIWE,1604,1608,Q13395_1604,0,
1671,Q8NGS9,OR13C2,318,MEWE,1,5,Q8NGS9_1,0,
1672,Q96T60,PNKP,521,LRWE,104,108,Q96T60_104,0,
1673,P18433,PTPRA,802,MIWE,327,331,P18433_327,0,
1674,P18433,PTPRA,802,MIWE,620,624,P18433_620,0,
1675,Q9BTD8,RBM42,480,LEWD,374,378,Q9BTD8_374,0,
1676,Q8TBN0,RAB3IL1,382,MFWE,359,363,Q8TBN0_359,0,
1677,Q16576,RBBP7,425,MIWD,252,256,Q16576_252,0,
1678,Q04912,MST1R,1400,LLWE,1276,1280,Q04912_1276,0,
1679,Q9UBB9,TFIP11,837,LIWE,480,484,Q9UBB9_480,0,
1680,P52630,STAT2,851,LIWD,396,400,P52630_396,0,
1681,Q9H808,TLE6,572,LFWD,146,150,Q9H808_146,0,
1682,Q9UPE1,SRPK3,567,LCWD,95,99,Q9UPE1_95,0,
1683,Q15031,LARS2,903,MGWD,126,130,Q15031_126,0,
1684,Q8NFU7,TET1,2136,MVWD,1520,1524,Q8NFU7_1520,0,
1685,O43151,TET3,1795,LAWE,926,930,O43151_926,0,
1686,P35590,TIE1,1138,LEWE,834,838,P35590_834,0,
1687,P35590,TIE1,1138,LLWE,1042,1046,P35590_1042,0,
1688,Q96IP4,TENT5A,442,LNWE,66,70,Q96IP4_66,0,
1689,Q9C0H2,TTYH3,523,LSWE,23,27,Q9C0H2_23,0,
1690,C9J798,RASA4B,803,MLWE,740,744,C9J798_740,0,
1691,Q12874,SF3A3,501,LGWD,385,389,Q12874_385,0,
1692,O75533,SF3B1,1304,LRWD,230,234,O75533_230,0,
1693,Q9NZV5,SELENON,590,LSWE,409,413,Q9NZV5_409,0,
1694,A6NNV3,SPDYE16,312,LAWD,172,176,A6NNV3_172,0,
1695,P0DUD2,SPDYE17,265,LAWD,125,129,P0DUD2_125,0,
1696,Q8NFR3,SPTSSB,76,LAWE,59,63,Q8NFR3_59,0,
1697,Q96PV0,SYNGAP1,1343,LLWE,695,699,Q96PV0_695,0,
1698,Q9HCD6,TANC2,1990,LEWE,736,740,Q9HCD6_736,0,
1699,Q9H2D6,TRIOBP,2365,LDWE,1580,1584,Q9H2D6_1580,0,
1700,Q5ST30,VARS2,1063,LDWD,240,244,Q5ST30_240,0,
1701,Q702N8,XIRP1,1843,LRWE,944,948,Q702N8_944,0,
1702,Q16473,TNXA,311,LNWE,161,165,Q16473_161,0,
1703,Q92973,TNPO1,898,MVWD,1,5,Q92973_1,0,
1704,Q9BXR5,TLR10,811,LLWD,254,258,Q9BXR5_254,0,
1705,Q8NGS8,OR13C5,318,MEWE,1,5,Q8NGS8_1,0,
1706,Q8WUY3,PRUNE2,3088,LDWD,1136,1140,Q8WUY3_1136,0,
1707,P02786,TFRC,760,LYWD,122,126,P02786_122,0,
1708,Q9H5L6,THAP9,903,LQWD,290,294,Q9H5L6_290,0,
1709,Q86WV5,TEN1,123,LPWE,11,15,Q86WV5_11,0,
1710,P51170,SCNN1G,649,LTWD,484,488,P51170_484,0,
1711,Q6N022,TENM4,2769,LPWD,988,992,Q6N022_988,0,
1712,Q9Y566,SHANK1,2161,LPWE,1838,1842,Q9Y566_1838,0,
1713,P0CI01,SPDYE6,402,LAWD,212,216,P0CI01_212,0,
1714,Q8IWL8,STH,128,LAWE,50,54,Q8IWL8_50,0,
1715,Q96JI7,SPG11,2443,LWWD,855,859,Q96JI7_855,0,
1716,O95926,SYF2,243,LEWE,75,79,O95926_75,0,
1717,A6NEL2,SOWAHB,793,LFWE,615,619,A6NEL2_615,0,
1718,P51580,TPMT,245,MIWD,148,152,P51580_148,0,
1719,Q96QT4,TRPM7,1865,LAWD,415,419,Q96QT4_415,0,
1720,Q5VWG9,TAF3,929,LGWD,21,25,Q5VWG9_21,0,
1721,Q9HC62,SENP2,589,MVWE,579,583,Q9HC62_579,0,
1722,Q9BQF6,SENP7,1050,LQWE,61,65,Q9BQF6_61,0,
1723,Q9H2J7,SLC6A15,730,LPWD,177,181,Q9H2J7_177,0,
1724,Q9GZN6,SLC6A16,736,MSWD,641,645,Q9GZN6_641,0,
1725,P35498,SCN1A,2009,LIWD,746,750,P35498_746,0,
1726,Q9P1V8,SAMD15,674,LNWD,543,547,Q9P1V8_543,0,
1727,O43865,AHCYL1,530,LTWE,414,418,O43865_414,0,
1728,Q13425,SNTB2,540,LPWE,213,217,Q13425_213,0,
1729,Q8N6T7,SIRT6,355,LDWE,186,190,Q8N6T7_186,0,
1730,A0A494C0Z2,SPDYE13,265,LAWD,125,129,A0A494C0Z2_125,0,
1731,Q9Y5J9,TIMM8B,83,LCWD,35,39,Q9Y5J9_35,0,
1732,Q75N90,FBN3,2809,LRWD,919,923,Q75N90_919,0,
1733,Q5SYB0,FRMPD1,1578,LSWE,111,115,Q5SYB0_111,0,
1734,Q5SZK8,FREM2,3169,LAWE,3061,3065,Q5SZK8_3061,0,
1735,Q5SZK8,FREM2,3169,LPWE,3098,3102,Q5SZK8_3098,0,
1736,Q6PJQ5,FOXR2,311,LDWD,22,26,Q6PJQ5_22,0,
1737,P54868,HMGCS2,508,LPWD,119,123,P54868_119,0,
1738,P35573,AGL,1532,LDWE,65,69,P35573_65,0,
1739,A0AVF1,TTC26,554,LAWE,446,450,A0AVF1_446,0,
1740,P47869,GABRA2,451,LVWD,18,22,P47869_18,0,
1741,P38484,IFNGR2,337,LSWE,47,51,P38484_47,0,
1742,Q4G0G2,H1-10-AS1,97,MGWE,1,5,Q4G0G2_1,0,
1743,Q8NDA8,MROH1,1641,LVWD,102,106,Q8NDA8_102,0,
1744,Q8NGY2,OR6K2,324,LFWD,269,273,Q8NGY2_269,0,
1745,Q9BY89,KIAA1671,1806,LIWE,798,802,Q9BY89_798,0,
1746,Q7RTY0,SLC16A13,426,LDWD,244,248,Q7RTY0_244,0,
1747,O95970,LGI1,557,LEWD,263,267,O95970_263,0,
1748,Q96JM7,L3MBTL3,780,LRWE,685,689,Q96JM7_685,0,
1749,Q6ZTZ1,MSANTD1,278,LVWE,56,60,Q6ZTZ1_56,0,
1750,Q99972,MYOC,504,LVWD,26,30,Q99972_26,0,
1751,Q96L15,ART5,291,LYWE,106,110,Q96L15_106,0,
1752,Q71RS6,SLC24A5,500,MGWE,248,252,Q71RS6_248,0,
1753,Q9H857,NT5DC2,520,LQWD,320,324,Q9H857_320,0,
1754,Q86UY8,NT5DC3,548,LLWD,351,355,Q86UY8_351,0,
1755,Q96R28,OR2M2,347,MAWE,1,5,Q96R28_1,0,
1756,O76002,OR2J2,312,LGWE,306,310,O76002_306,0,
1757,A6NKB5,PCNX2,2137,LKWD,1095,1099,A6NKB5_1095,0,
1758,A6NKB5,PCNX2,2137,LTWE,1495,1499,A6NKB5_1495,0,
1759,O43395,PRPF3,683,LVWE,632,636,O43395_632,0,
1760,Q8IYK4,COLGALT2,626,LDWE,461,465,Q8IYK4_461,0,
1761,Q96A59,MARVELD3,401,LTWD,122,126,Q96A59_122,0,
1762,Q9H8H3,METTL7A,244,LSWE,229,233,Q9H8H3_229,0,
1763,Q86SE8,NPM2,214,LTWE,126,130,Q86SE8_126,0,
1764,A1E959,ODAM,279,LPWE,152,156,A1E959_152,0,
1765,O14522,PTPRT,1441,LQWE,405,409,O14522_405,0,
1766,Q92729,PTPRU,1446,LQWE,402,406,Q92729_402,0,
1767,Q92729,PTPRU,1446,LKWE,505,509,Q92729_505,0,
1768,Q9H2S5,RNF39,420,LDWE,369,373,Q9H2S5_369,0,
1769,Q99666,RGPD5,1765,LEWD,1246,1250,Q99666_1246,0,
1770,O43182,ARHGAP6,974,MAWD,135,139,O43182_135,0,
1771,Q86VR2,RETREG3,466,LVWE,60,64,Q86VR2_60,0,
1772,Q13546,RIPK1,671,LCWE,266,270,Q13546_266,0,
1773,Q4LDE5,SVEP1,3571,LEWE,934,938,Q4LDE5_934,0,
1774,Q7Z7G0,ABI3BP,1068,LDWE,851,855,Q7Z7G0_851,0,
1775,Q5GAN4,RNASE12,147,LFWE,12,16,Q5GAN4_12,0,
1776,P19474,TRIM21,475,MMWE,9,13,P19474_9,0,
1777,Q58EX2,SDK2,2172,LSWE,1420,1424,Q58EX2_1420,0,
1778,Q9Y5Y9,SCN10A,1956,LIWD,643,647,Q9Y5Y9_643,0,
1779,Q5TZJ5,SPATA31A1,1347,LLWE,1342,1346,Q5TZJ5_1342,0,
1780,Q5VYP0,SPATA31A3,1347,LLWE,1342,1346,Q5VYP0_1342,0,
1781,Q5VU36,SPATA31A5,1347,LLWE,1342,1346,Q5VU36_1342,0,
1782,Q5VVP1,SPATA31A6,1343,LLWE,1338,1342,Q5VVP1_1338,0,
1783,Q8IWB4,SPATA31A7,1347,LLWE,1342,1346,Q8IWB4_1342,0,
1784,Q6ZQQ2,SPATA31D1,1576,LSWE,144,148,Q6ZQQ2_144,0,
1785,P0C874,SPATA31D3,917,LSWE,141,145,P0C874_141,0,
1786,Q6ZUB0,SPATA31D4,917,LSWE,141,145,Q6ZUB0_141,0,
1787,Q9Y3B9,RRP15,282,LEWE,140,144,Q9Y3B9_140,0,
1788,Q5VWP2,TENT5C,391,LNWD,17,21,Q5VWP2_17,0,
1789,Q14524,SCN5A,2016,LVWE,299,303,Q14524_299,0,
1790,Q14524,SCN5A,2016,LIWE,695,699,Q14524_695,0,
1791,Q5K4L6,SLC27A3,683,LGWD,111,115,Q5K4L6_111,0,
1792,P42680,TEC,631,LMWE,554,558,P42680_554,0,
1793,Q6ZUB1,SPATA31E1,1445,LFWD,439,443,Q6ZUB1_439,0,
1794,A6NJR5,,290,LAWD,172,176,A6NJR5_172,0,
1795,Q8NFV5,SPDYE1,336,LAWD,171,175,Q8NFV5_171,0,
1796,O60220,TIMM8A,97,LCWE,42,46,O60220_42,0,
1797,Q96T68,SETDB2,719,LTWD,689,693,Q96T68_689,0,
1798,Q9GZT4,SRR,340,LVWE,273,277,Q9GZT4_273,0,
1799,Q7RTU9,STRC,1775,LSWD,298,302,Q7RTU9_298,0,
1800,Q71RH2,TLCD3B,274,LRWE,29,33,Q71RH2_29,0,
1801,Q6ZRI0,OTOG,2925,LAWD,261,265,Q6ZRI0_261,0,
1802,Q6ZRI0,OTOG,2925,LLWD,1091,1095,Q6ZRI0_1091,0,
1803,Q9P286,PAK5,719,LKWE,215,219,Q9P286_215,0,
1804,P16234,PDGFRA,1089,LLWE,884,888,P16234_884,0,
1805,Q9UPR0,PLCL2,1127,LRWE,172,176,Q9UPR0_172,0,
1806,Q6P2Q9,PRPF8,2335,MPWE,108,112,Q6P2Q9_108,0,
1807,Q6P2Q9,PRPF8,2335,LFWE,1501,1505,Q6P2Q9_1501,0,
1808,Q7RTY3,PRSS45P,260,LSWE,204,208,Q7RTY3_204,0,
1809,Q13308,PTK7,1070,LMWE,995,999,Q13308_995,0,
1810,P63244,RACK1,317,MLWD,217,221,P63244_217,0,
1811,A0A494C191,SPDYE9,265,LAWD,125,129,A0A494C191_125,0,
1812,Q9NY57,STK32B,414,MNWD,286,290,Q9NY57_286,0,
1813,Q6J9G0,STYK1,422,LSWE,73,77,Q6J9G0_73,0,
1814,P78362,SRPK2,688,LCWD,97,101,P78362_97,0,
1815,Q969V6,MRTFA,931,LHWD,925,929,Q969V6_925,0,
1816,Q58DX5,NAALADL2,795,LEWD,48,52,Q58DX5_48,0,
1817,Q8NG81,OR2M7,312,MAWE,1,5,Q8NG81_1,0,
1818,Q12913,PTPRJ,1337,MVWE,1126,1130,Q12913_1126,0,
1819,Q8NDX1,PSD4,1056,LTWE,370,374,Q8NDX1_370,0,
1820,O95197,RTN3,1032,LTWD,340,344,O95197_340,0,
1821,P82675,MRPS5,430,LDWE,406,410,P82675_406,0,
1822,P48066,SLC6A11,632,LRWE,224,228,P48066_224,0,
1823,P48065,SLC6A12,614,LRWE,209,213,P48065_209,0,
1824,Q99884,SLC6A7,636,LPWE,152,156,Q99884_152,0,
1825,P48029,SLC6A8,635,LNWE,231,235,P48029_231,0,
1826,A3KN83,SBNO1,1393,MSWE,1186,1190,A3KN83_1186,0,
1827,O95359,TACC2,2948,MVWE,921,925,O95359_921,0,
1828,O95359,TACC2,2948,LTWE,1503,1507,O95359_1503,0,
1829,Q9Y6A5,TACC3,838,LDWD,405,409,Q9Y6A5_405,0,
1830,Q86VE3,SATL1,695,MAWE,691,695,Q86VE3_691,0,
1831,Q9UBT2,UBA2,640,LIWD,342,346,Q9UBT2_342,0,
1832,Q96HN2,AHCYL2,611,LTWE,495,499,Q96HN2_495,0,
1833,O14512,SOCS7,581,MNWE,405,409,O14512_405,0,
1834,Q13596,SNX1,522,LEWE,454,458,Q13596_454,0,
1835,Q9H239,MMP28,520,LSWD,271,275,Q9H239_271,0,
1836,Q00872,MYBPC1,1141,MNWE,638,642,Q00872_638,0,
1837,Q9HCH0,NCKAP5L,1334,LHWE,255,259,Q9HCH0_255,0,
1838,O15146,MUSK,869,MHWD,440,444,O15146_440,0,
1839,Q6V1P9,DCHS2,3371,LSWE,3238,3242,Q6V1P9_3238,0,
1840,Q9NVE7,PANK4,773,LGWE,548,552,Q9NVE7_548,0,
1841,Q6QHF9,PAOX,511,LVWE,341,345,Q6QHF9_341,0,
1842,Q9NZ20,PLA2G3,509,MLWE,416,420,Q9NZ20_416,0,
1843,Q9H6A9,PCNX3,2034,LAWE,1450,1454,Q9H6A9_1450,0,
1844,Q96JS3,PGBD1,809,MYWE,477,481,Q96JS3_477,0,
1845,Q4J6C6,PREPL,727,MNWD,335,339,Q4J6C6_335,0,
1846,P20929,NEB,6669,LGWE,2274,2278,P20929_2274,0,
1847,Q9HBY0,NOX3,568,LHWD,491,495,Q9HBY0_491,0,
1848,Q9HC29,NOD2,1040,LSWE,61,65,Q9HC29_61,0,
1849,Q9HC29,NOD2,1040,LSWE,66,70,Q9HC29_66,0,
1850,Q9HC29,NOD2,1040,LAWE,155,159,Q9HC29_155,0,
1851,Q13018,PLA2R1,1463,LDWE,666,670,Q13018_666,0,
1852,Q8IVI9,NOSTRIN,506,LKWE,199,203,Q8IVI9_199,0,
1853,Q9C000,NLRP1,1473,LVWE,1344,1348,Q9C000_1344,0,
1854,Q58EX7,PLEKHG4,1191,LCWE,185,189,Q58EX7_185,0,
1855,Q86WI1,PKHD1L1,4243,LNWD,639,643,Q86WI1_639,0,
1856,Q8IWE5,PLEKHM2,1019,LEWD,205,209,Q8IWE5_205,1,
1857,Q6ZWE6,PLEKHM3,761,MIWD,71,75,Q6ZWE6_71,0,
1858,Q8TDX9,PKD1L1,2849,LFWD,1692,1696,Q8TDX9_1692,0,
1859,Q7Z442,PKD1L2,2459,LGWD,1677,1681,Q7Z442_1677,0,
1860,Q9P2P1,NYNRIN,1898,LLWE,1384,1388,Q9P2P1_1384,0,
1861,Q9P2P1,NYNRIN,1898,LWWE,1772,1776,Q9P2P1_1772,0,
1862,P98161,PKD1,4303,LSWE,1758,1762,P98161_1758,0,
1863,P98161,PKD1,4303,LNWE,3526,3530,P98161_3526,0,
1864,P98161,PKD1,4303,LGWE,3601,3605,P98161_3601,0,
1865,O15067,PFAS,1338,LPWE,362,366,O15067_362,0,
1866,Q9NS23,RASSF1,344,LGWE,111,115,Q9NS23_111,0,
1867,Q9H2X9,SLC12A5,1139,LAWE,328,332,Q9H2X9_328,0,
1868,P42336,PIK3CA,1068,LNWE,781,785,P42336_781,0,
1869,Q8NC44,RETREG2,543,LVWE,74,78,Q8NC44_74,0,
1870,Q9P2F6,ARHGAP20,1191,LPWE,1154,1158,Q9P2F6_1154,0,
1871,P08F94,PKHD1,4074,LTWD,516,520,P08F94_516,0,
1872,Q6PCD5,RFWD3,774,LLWD,727,731,Q6PCD5_727,0,
1873,Q9UMS5,PHTF1,762,MLWD,381,385,Q9UMS5_381,0,
1874,Q9UMS5,PHTF1,762,LIWE,648,652,Q9UMS5_648,0,
1875,Q9BRB3,PIGQ,760,LPWD,637,641,Q9BRB3_637,0,
1876,Q96NZ9,PRAP1,151,LLWE,14,18,Q96NZ9_14,0,
1877,Q9NQX1,PRDM5,630,LMWE,56,60,Q9NQX1_56,0,
1878,C9JH25,PRRT4,899,LAWE,361,365,C9JH25_361,0,
1879,Q16849,PTPRN,979,MVWE,797,801,Q16849_797,0,
1880,Q96CM3,RPUSD4,377,LAWD,162,166,Q96CM3_162,0,
1881,Q9Y6J9,TAF6L,622,LPWD,395,399,Q9Y6J9_395,0,
1882,Q8NF91,SYNE1,8797,MKWE,6297,6301,Q8NF91_6297,0,
1883,Q8NF91,SYNE1,8797,LEWD,8283,8287,Q8NF91_8283,1,
1884,Q8WXH0,SYNE2,6885,LNWD,3010,3014,Q8WXH0_3010,0,
1885,Q8WXH0,SYNE2,6885,LEWD,6417,6421,Q8WXH0_6417,1,
1886,Q8WXH0,SYNE2,6885,LLWE,6640,6644,Q8WXH0_6640,0,
1887,Q8N205,SYNE4,404,LEWD,247,251,Q8N205_247,1,
1888,O15061,SYNM,1565,LRWE,537,541,O15061_537,0,
1889,O43426,SYNJ1,1573,LFWE,255,259,O43426_255,0,
1890,O15056,SYNJ2,1496,LFWE,257,261,O15056_257,0,
1891,O15056,SYNJ2,1496,LHWE,359,363,O15056_359,0,
1892,Q9Y4F4,TOGARAM1,1720,LPWE,659,663,Q9Y4F4_659,0,
1893,A6NK97,SLC22A20P,555,MEWD,124,128,A6NK97_124,0,
1894,Q8N386,LRRC25,305,LCWD,138,142,Q8N386_138,0,
1895,Q14766,LTBP1,1721,LCWE,1525,1529,Q14766_1525,0,
1896,Q15111,PLCL1,1095,LRWE,144,148,Q15111_144,0,
1897,Q9BRL7,SEC22C,303,LWWE,90,94,Q9BRL7_90,0,
1898,Q6IEG0,SNRNP48,339,LGWD,36,40,Q6IEG0_36,0,
1899,A6NIY4,SPDYE5,402,LAWD,212,216,A6NIY4_212,0,
1900,Q495Y8,SPDYE2,402,LAWD,212,216,Q495Y8_212,0,
1901,A6NGW2,STRCP1,1772,LSWD,298,302,A6NGW2_298,0,
1902,Q8N7X2,STPG3,386,MAWD,51,55,Q8N7X2_51,0,
